reference_project_id,final_cost_usd,final_duration_days,cost_overrun_pct,schedule_overrun_pct,outcome_class,known_anomaly_label,data_origin,programme_version,package_version,generator_version,random_seed,not_for_empirical_validation,record_hash
REF-0001,269521859.71,744.019,0.221373,0.203914,RED,False,SYNTHETIC_RESEARCH_FIXTURE,OG-SYNTH-0.3,B1-0.3,build_opus_synthetic_programme_v0_3.py@0.3,20260812,True,db247fec732015ffd346a1ed40c020202fb1c6fd1a061e0e34215ee8731e4093
REF-0002,247710186.22,623.235,0.266047,0.162751,RED,False,SYNTHETIC_RESEARCH_FIXTURE,OG-SYNTH-0.3,B1-0.3,build_opus_synthetic_programme_v0_3.py@0.3,20260812,True,305cda7698b67e85903754bd2ef8ce8772b01047e6fad9474dcc6745d7a539c3
REF-0003,273469374.73,750.956,0.09955,0.190104,AMBER,False,SYNTHETIC_RESEARCH_FIXTURE,OG-SYNTH-0.3,B1-0.3,build_opus_synthetic_programme_v0_3.py@0.3,20260812,True,8ea3b94cca74c47d71c66f7bc125add43da7dfd8b0a964a7488d2d0d9dff5a2c
REF-0004,184665577.02,550.347,0.155569,0.163525,AMBER,False,SYNTHETIC_RESEARCH_FIXTURE,OG-SYNTH-0.3,B1-0.3,build_opus_synthetic_programme_v0_3.py@0.3,20260812,True,7560d066308751917ccc0977083ddd4983508c739317b10deb2ac325ce548699
REF-0005,254159770.27,645.224,0.113963,0.141989,AMBER,False,SYNTHETIC_RESEARCH_FIXTURE,OG-SYNTH-0.3,B1-0.3,build_opus_synthetic_programme_v0_3.py@0.3,20260812,True,393a19fad6d4e4fb2166e97d2729c2c910a98b8e2809f9858d7119e6a53fd2a4
REF-0006,204728503.89,626.576,0.066934,0.060196,GREEN,False,SYNTHETIC_RESEARCH_FIXTURE,OG-SYNTH-0.3,B1-0.3,build_opus_synthetic_programme_v0_3.py@0.3,20260812,True,7e89671115fa427bb1381ad944826e05fd86e031edbacd777ad9d277338993f0
REF-0007,227901902.59,634.881,0.165789,0.25719,RED,False,SYNTHETIC_RESEARCH_FIXTURE,OG-SYNTH-0.3,B1-0.3,build_opus_synthetic_programme_v0_3.py@0.3,20260812,True,1263ec3569fe913c173d92d2e7414494abeed4f138fa5fc94a1639916df524b8
REF-0008,181297261.24,751.501,0.444311,0.439657,RED,True,SYNTHETIC_RESEARCH_FIXTURE,OG-SYNTH-0.3,B1-0.3,build_opus_synthetic_programme_v0_3.py@0.3,20260812,True,e5aa5692cbc2acf298a207717112ffe048868ae9f2ef5d17a1e717b8ecfeb7da
REF-0009,347436203.81,848.442,0.314613,0.281635,RED,False,SYNTHETIC_RESEARCH_FIXTURE,OG-SYNTH-0.3,B1-0.3,build_opus_synthetic_programme_v0_3.py@0.3,20260812,True,e43ba7cda8e035d58def47e932ef47e47b6972546798b231d5b89a2246b491e6
REF-0010,185164565.55,532.627,0.085247,0.165486,AMBER,False,SYNTHETIC_RESEARCH_FIXTURE,OG-SYNTH-0.3,B1-0.3,build_opus_synthetic_programme_v0_3.py@0.3,20260812,True,52601a6ccb0efa7e78cfe2cb525a38b156af9dae7acecd768339a9aa8e2a1358
REF-0011,223788342.77,512.932,0.151488,-0.009784,AMBER,False,SYNTHETIC_RESEARCH_FIXTURE,OG-SYNTH-0.3,B1-0.3,build_opus_synthetic_programme_v0_3.py@0.3,20260812,True,548a00a2f40fa4cdcac02e026a41bffd4a8ba91c0a12d933fd21d21ec49fc1ce
REF-0012,200357361.68,629.713,0.242712,0.147019,RED,False,SYNTHETIC_RESEARCH_FIXTURE,OG-SYNTH-0.3,B1-0.3,build_opus_synthetic_programme_v0_3.py@0.3,20260812,True,47d6f284de689bc2d392512342f590538d2f91ed8c63f5ba13faf1b4ea16461c
REF-0013,233819243.12,629.26,0.235779,0.142032,RED,False,SYNTHETIC_RESEARCH_FIXTURE,OG-SYNTH-0.3,B1-0.3,build_opus_synthetic_programme_v0_3.py@0.3,20260812,True,e55b1232ecae8e5af0fc1e3d1cc38824d1e48df558089fd0d52a60d6bff880a3
REF-0014,238226786.17,583.13,0.240439,0.143393,RED,False,SYNTHETIC_RESEARCH_FIXTURE,OG-SYNTH-0.3,B1-0.3,build_opus_synthetic_programme_v0_3.py@0.3,20260812,True,0110eeee672617533975738fc9fe1e8cd5e1c7f86ef75d3d9412a48c2db3e3c9
REF-0015,308901464.16,687.018,0.185512,0.154652,AMBER,False,SYNTHETIC_RESEARCH_FIXTURE,OG-SYNTH-0.3,B1-0.3,build_opus_synthetic_programme_v0_3.py@0.3,20260812,True,f40b680dac3c2ad9439d120e95f751b8a8ddb8126cfdc56be2fffb1c3f069702
REF-0016,184694968.39,517.898,0.133851,0.338238,RED,False,SYNTHETIC_RESEARCH_FIXTURE,OG-SYNTH-0.3,B1-0.3,build_opus_synthetic_programme_v0_3.py@0.3,20260812,True,583f1df3077421f6fcde2d8738dbf96c56ee714b5d532f837960b62cc4eb2583
REF-0017,310331357.09,942.014,0.458591,0.516931,RED,True,SYNTHETIC_RESEARCH_FIXTURE,OG-SYNTH-0.3,B1-0.3,build_opus_synthetic_programme_v0_3.py@0.3,20260812,True,3e2a7b75a666d58c115a9f9f5f459c3027dd1893e8fb727d1ce701c95f10bb59
REF-0018,219096704.98,708.825,0.055489,0.109272,AMBER,False,SYNTHETIC_RESEARCH_FIXTURE,OG-SYNTH-0.3,B1-0.3,build_opus_synthetic_programme_v0_3.py@0.3,20260812,True,a79406b6c83ec4fa22ec738857a0a0286287d30308e6c0b0caedb0555dcd073b
REF-0019,210097479.04,694.66,0.045186,0.238253,RED,False,SYNTHETIC_RESEARCH_FIXTURE,OG-SYNTH-0.3,B1-0.3,build_opus_synthetic_programme_v0_3.py@0.3,20260812,True,45499a2e04da8849c8baeed9bf5ad029d79231443b8222fad7e0a9e46037081a
REF-0020,230090209.66,745.582,0.193876,0.140033,AMBER,False,SYNTHETIC_RESEARCH_FIXTURE,OG-SYNTH-0.3,B1-0.3,build_opus_synthetic_programme_v0_3.py@0.3,20260812,True,4a4cd2955a7611f9f4103efe8988fce3aad4677884d53c3511ff28bdc08bfcf6
REF-0021,263751168.51,680.356,0.076726,0.161018,AMBER,False,SYNTHETIC_RESEARCH_FIXTURE,OG-SYNTH-0.3,B1-0.3,build_opus_synthetic_programme_v0_3.py@0.3,20260812,True,031eb2dad741ef48faae6e6c94de9bcc348d3ea94cc21cea6aac6d60eaec5855
REF-0022,190031188.1,656.889,0.094113,0.265681,RED,False,SYNTHETIC_RESEARCH_FIXTURE,OG-SYNTH-0.3,B1-0.3,build_opus_synthetic_programme_v0_3.py@0.3,20260812,True,c2c186d1650f09d30b1f9c91fe84e9d1819e09554ae1f1f92e25df86cd155af6
REF-0023,272738809.49,690.281,0.166548,0.073532,AMBER,False,SYNTHETIC_RESEARCH_FIXTURE,OG-SYNTH-0.3,B1-0.3,build_opus_synthetic_programme_v0_3.py@0.3,20260812,True,e3c02726d9ae1a68782e37f5e90289b6b5b95f897f95e70dd3bb33509c694273
REF-0024,231667957.73,563.988,0.180946,-0.014007,AMBER,False,SYNTHETIC_RESEARCH_FIXTURE,OG-SYNTH-0.3,B1-0.3,build_opus_synthetic_programme_v0_3.py@0.3,20260812,True,8ad832a22b6c85112559c048d4a069389f25240ebd0de2706b2d1e8c7b33118e
REF-0025,220688373.59,759.995,0.200259,0.314871,RED,False,SYNTHETIC_RESEARCH_FIXTURE,OG-SYNTH-0.3,B1-0.3,build_opus_synthetic_programme_v0_3.py@0.3,20260812,True,33d74c032d0bfa4f89be64fc2d195c13174298fd1a7e2217ddc7fc79e144cea4
REF-0026,204075329.23,704.718,0.217982,0.132988,AMBER,False,SYNTHETIC_RESEARCH_FIXTURE,OG-SYNTH-0.3,B1-0.3,build_opus_synthetic_programme_v0_3.py@0.3,20260812,True,9825b06eb768fe9eba17bd14d27fa70f931bc6180acd17b870a3d8ff5ba9ab21
REF-0027,257247546.13,758.539,0.224454,0.20403,RED,False,SYNTHETIC_RESEARCH_FIXTURE,OG-SYNTH-0.3,B1-0.3,build_opus_synthetic_programme_v0_3.py@0.3,20260812,True,ebc90f0e5e86869f51fc73bfbc51710ad7591fedd89472af2f268f7a135a0aa2
REF-0028,139883362.8,465.521,0.163359,0.193644,AMBER,False,SYNTHETIC_RESEARCH_FIXTURE,OG-SYNTH-0.3,B1-0.3,build_opus_synthetic_programme_v0_3.py@0.3,20260812,True,80866230719df75283081cd346924a25366d490243621add8f43533e056c074c
REF-0029,222904400.32,652.148,0.262776,0.183572,RED,False,SYNTHETIC_RESEARCH_FIXTURE,OG-SYNTH-0.3,B1-0.3,build_opus_synthetic_programme_v0_3.py@0.3,20260812,True,f65bf002033f707041bf024e0bcf2e64daa89b3431c0ddefc9b8279b84a6593b
REF-0030,177888181.15,668.444,0.108875,0.131039,AMBER,False,SYNTHETIC_RESEARCH_FIXTURE,OG-SYNTH-0.3,B1-0.3,build_opus_synthetic_programme_v0_3.py@0.3,20260812,True,2757345f8de220017fa22f7a67bea0a0607717c4530d6154e89e990becca9f4d
REF-0031,175827302.53,637.624,0.115344,0.110843,AMBER,False,SYNTHETIC_RESEARCH_FIXTURE,OG-SYNTH-0.3,B1-0.3,build_opus_synthetic_programme_v0_3.py@0.3,20260812,True,6628e44574afc85f867fd920065b992cae14dd8f14ae1531938d17cc057779b4
REF-0032,134165234.82,411.389,0.218442,0.142746,AMBER,False,SYNTHETIC_RESEARCH_FIXTURE,OG-SYNTH-0.3,B1-0.3,build_opus_synthetic_programme_v0_3.py@0.3,20260812,True,6e04d1d75ea11b80c22a7058206c55dd0b594d38ebdd2174208e7a1d8989b158
REF-0033,230058599.0,726.678,0.111148,0.231657,RED,False,SYNTHETIC_RESEARCH_FIXTURE,OG-SYNTH-0.3,B1-0.3,build_opus_synthetic_programme_v0_3.py@0.3,20260812,True,0e42940372a048346604f5b48d6df8c039fee53e45d2aa32149269a45698799b
REF-0034,150987011.33,482.7,0.121892,0.218938,AMBER,False,SYNTHETIC_RESEARCH_FIXTURE,OG-SYNTH-0.3,B1-0.3,build_opus_synthetic_programme_v0_3.py@0.3,20260812,True,f43196f32030b8242bb1741188d01ef2784738c53d20edf89e3108f251579f71
REF-0035,197889670.27,684.717,0.146322,0.116994,AMBER,False,SYNTHETIC_RESEARCH_FIXTURE,OG-SYNTH-0.3,B1-0.3,build_opus_synthetic_programme_v0_3.py@0.3,20260812,True,7906bd29aab4cbd65f1d3d67f4083004662973f71d78b4bbf014512880aef9d7
REF-0036,193972050.82,621.672,0.141913,0.020807,AMBER,False,SYNTHETIC_RESEARCH_FIXTURE,OG-SYNTH-0.3,B1-0.3,build_opus_synthetic_programme_v0_3.py@0.3,20260812,True,d3e9c2e1cbdf3af86f7dab5e3d65476b52c4c9b187f9ce0de63cc5787f5cab9b
REF-0037,212033395.68,738.776,0.154069,0.133092,AMBER,False,SYNTHETIC_RESEARCH_FIXTURE,OG-SYNTH-0.3,B1-0.3,build_opus_synthetic_programme_v0_3.py@0.3,20260812,True,ccdb4a61aa2a360e6c3c79a136d9ec875699013bfb28abcb54e6d1b1d118135c
REF-0038,161449506.99,678.37,0.21822,0.171623,AMBER,False,SYNTHETIC_RESEARCH_FIXTURE,OG-SYNTH-0.3,B1-0.3,build_opus_synthetic_programme_v0_3.py@0.3,20260812,True,abaccf3db18ef3dbeb7af6bed40212051587d5e9e207ed1d496d94439dd8920f
REF-0039,196033455.26,502.545,0.14053,0.038316,AMBER,False,SYNTHETIC_RESEARCH_FIXTURE,OG-SYNTH-0.3,B1-0.3,build_opus_synthetic_programme_v0_3.py@0.3,20260812,True,dafec4acf629c6e86e9ac890e7b9443cacdbf3cff34b11507c34c2f8748ceeb3
REF-0040,202122583.51,729.718,0.326326,0.222309,RED,False,SYNTHETIC_RESEARCH_FIXTURE,OG-SYNTH-0.3,B1-0.3,build_opus_synthetic_programme_v0_3.py@0.3,20260812,True,1e0aef106e3b8e920a1cfd02aa752f892646ae90b6b2b25b2104c3128ff6fde6
REF-0041,195851352.74,503.036,0.195628,0.148485,AMBER,False,SYNTHETIC_RESEARCH_FIXTURE,OG-SYNTH-0.3,B1-0.3,build_opus_synthetic_programme_v0_3.py@0.3,20260812,True,0d91085e459141cb25ab4fccb603f80f1d785ea0ad5626598a2841e0931db45f
REF-0042,199732368.31,685.498,0.236835,0.217581,RED,False,SYNTHETIC_RESEARCH_FIXTURE,OG-SYNTH-0.3,B1-0.3,build_opus_synthetic_programme_v0_3.py@0.3,20260812,True,26b5ac19d7af3e2932a0fc0a21b273804d651556091f00188ad9ef7c1b946567
REF-0043,283531001.05,841.537,0.740169,0.411976,RED,True,SYNTHETIC_RESEARCH_FIXTURE,OG-SYNTH-0.3,B1-0.3,build_opus_synthetic_programme_v0_3.py@0.3,20260812,True,2bd6246bd5a2085ce088163ccc9f99f47b0ed2011534e29ed699f260a4bc844e
REF-0044,89462817.05,581.588,0.13829,0.174925,AMBER,False,SYNTHETIC_RESEARCH_FIXTURE,OG-SYNTH-0.3,B1-0.3,build_opus_synthetic_programme_v0_3.py@0.3,20260812,True,ab71ea5c47db1c620a96dfa40121c900201bca33c2df1a92d4a804e0e72f6b91
REF-0045,277965870.31,723.103,0.196066,0.071264,AMBER,False,SYNTHETIC_RESEARCH_FIXTURE,OG-SYNTH-0.3,B1-0.3,build_opus_synthetic_programme_v0_3.py@0.3,20260812,True,4fe151caf07a365cdafc19ebeb8e5a4b5eadeaeda27a763989f60c1057027817
REF-0046,174317648.69,634.06,0.28678,0.224055,RED,False,SYNTHETIC_RESEARCH_FIXTURE,OG-SYNTH-0.3,B1-0.3,build_opus_synthetic_programme_v0_3.py@0.3,20260812,True,bfe42682abf37554fec96696aafa0fb8fdd8a59c2d619a84065f6853aa9b4dea
REF-0047,233288370.12,639.056,0.276876,0.240886,RED,False,SYNTHETIC_RESEARCH_FIXTURE,OG-SYNTH-0.3,B1-0.3,build_opus_synthetic_programme_v0_3.py@0.3,20260812,True,3ea64e138c3546793e6e2ecee22b0e1c3f311e228ca83db0e8e92d4845852c3d
REF-0048,209217473.55,737.415,0.094475,0.107229,AMBER,False,SYNTHETIC_RESEARCH_FIXTURE,OG-SYNTH-0.3,B1-0.3,build_opus_synthetic_programme_v0_3.py@0.3,20260812,True,634bc821496f7db7b67574697f083f6c4a34218596355a42130e357e279aad34
REF-0049,199317014.58,583.471,0.14639,-0.011066,AMBER,False,SYNTHETIC_RESEARCH_FIXTURE,OG-SYNTH-0.3,B1-0.3,build_opus_synthetic_programme_v0_3.py@0.3,20260812,True,8a9dac8a23484214d2980ee08ccbe41453e8dd9515511242564d15d66677999f
REF-0050,163371998.21,670.515,0.157458,0.162071,AMBER,False,SYNTHETIC_RESEARCH_FIXTURE,OG-SYNTH-0.3,B1-0.3,build_opus_synthetic_programme_v0_3.py@0.3,20260812,True,732051b3ef48b958f84e6cd330cc9bb62d0a23198c0082a95649e85015db39e4
REF-0051,323363336.96,1003.712,0.541654,0.588152,RED,True,SYNTHETIC_RESEARCH_FIXTURE,OG-SYNTH-0.3,B1-0.3,build_opus_synthetic_programme_v0_3.py@0.3,20260812,True,ad8ce827e15d34504abc9ecfd5fd0a4d2a92bf4cc5f3e83a0583216c2052af75
REF-0052,112153473.42,383.86,0.104039,0.129,AMBER,False,SYNTHETIC_RESEARCH_FIXTURE,OG-SYNTH-0.3,B1-0.3,build_opus_synthetic_programme_v0_3.py@0.3,20260812,True,fd82daa2d34b96acd0707f416e6c32d975aebbfa3b8a8644f7e0562f00e0b659
REF-0053,221887103.31,554.478,0.247821,0.184783,RED,False,SYNTHETIC_RESEARCH_FIXTURE,OG-SYNTH-0.3,B1-0.3,build_opus_synthetic_programme_v0_3.py@0.3,20260812,True,d0f87b12bfcb3f26bccfaf5c0bdcff10b259cc105b878b27dcb17d1762187ce6
REF-0054,191979340.53,595.226,0.16417,-0.004639,AMBER,False,SYNTHETIC_RESEARCH_FIXTURE,OG-SYNTH-0.3,B1-0.3,build_opus_synthetic_programme_v0_3.py@0.3,20260812,True,7bdb41ead834a61f14706dc7742764fb057ba321ccbb00345e6a1590d468e27a
REF-0055,199109428.26,820.118,0.205245,0.314291,RED,False,SYNTHETIC_RESEARCH_FIXTURE,OG-SYNTH-0.3,B1-0.3,build_opus_synthetic_programme_v0_3.py@0.3,20260812,True,1aa9ffbea3f12b5cf5c62fc89382a6e9c0bf70667aa071c2e247cf944bb73fd6
REF-0056,145874237.11,509.361,0.146479,0.114575,AMBER,False,SYNTHETIC_RESEARCH_FIXTURE,OG-SYNTH-0.3,B1-0.3,build_opus_synthetic_programme_v0_3.py@0.3,20260812,True,799556d58af33b4da042f1215d3822244e4e518a6e88f03b6121d51b46e48aca
REF-0057,173818560.09,538.998,0.132279,0.134732,AMBER,False,SYNTHETIC_RESEARCH_FIXTURE,OG-SYNTH-0.3,B1-0.3,build_opus_synthetic_programme_v0_3.py@0.3,20260812,True,a2a1539bd73e2173fdeee2e1863787182dfe3dd8e889163810038a18d6b7b59f
REF-0058,137779675.12,816.095,0.040916,0.364708,RED,False,SYNTHETIC_RESEARCH_FIXTURE,OG-SYNTH-0.3,B1-0.3,build_opus_synthetic_programme_v0_3.py@0.3,20260812,True,07a37d6f63a72334b9d93abc65022798a14b66e477617fa6a2190dbd81edafa0
REF-0059,156587166.54,579.611,0.052912,0.210043,AMBER,False,SYNTHETIC_RESEARCH_FIXTURE,OG-SYNTH-0.3,B1-0.3,build_opus_synthetic_programme_v0_3.py@0.3,20260812,True,dbb3e0456b8732c03ad6b908073ea5de1ae0be37b86fe7e0815316b384f75f27
REF-0060,312729939.89,1186.427,0.703622,0.712016,RED,True,SYNTHETIC_RESEARCH_FIXTURE,OG-SYNTH-0.3,B1-0.3,build_opus_synthetic_programme_v0_3.py@0.3,20260812,True,ef339dc3fac5537a56dab122ac1d476bf0787bd8f06b18ae3ab6cdfad172ee2b
REF-0061,207380234.81,734.443,0.271005,0.133399,RED,False,SYNTHETIC_RESEARCH_FIXTURE,OG-SYNTH-0.3,B1-0.3,build_opus_synthetic_programme_v0_3.py@0.3,20260812,True,09b1444cee1acf06e98110e13c8ed8d9592c7303fbed0ceb81351e6c971e37c3
REF-0062,145543972.28,543.288,0.144424,0.194039,AMBER,False,SYNTHETIC_RESEARCH_FIXTURE,OG-SYNTH-0.3,B1-0.3,build_opus_synthetic_programme_v0_3.py@0.3,20260812,True,3e7e39191d96f59a31c99765e533130ffdbe596a273339edf03f5c4fb14cf041
REF-0063,221623252.61,758.921,0.144545,0.260666,RED,False,SYNTHETIC_RESEARCH_FIXTURE,OG-SYNTH-0.3,B1-0.3,build_opus_synthetic_programme_v0_3.py@0.3,20260812,True,f02498bf7c07c4e7cb3d8f4336beba34e6bfc1ef6258643be2d1adbef77d983a
REF-0064,162621097.64,477.51,0.534087,0.473797,RED,True,SYNTHETIC_RESEARCH_FIXTURE,OG-SYNTH-0.3,B1-0.3,build_opus_synthetic_programme_v0_3.py@0.3,20260812,True,d32370d6e7dc6c689be152f2d7d984057b5f39e9187eea150fecb05075e44328
REF-0065,230606152.26,689.529,0.293823,0.233505,RED,False,SYNTHETIC_RESEARCH_FIXTURE,OG-SYNTH-0.3,B1-0.3,build_opus_synthetic_programme_v0_3.py@0.3,20260812,True,fd930bba3504fc3f9bddc54b0f23a91c8bfb8d69788a36ee4d14993271dea8f1
REF-0066,153462993.72,634.686,0.118224,0.197521,AMBER,False,SYNTHETIC_RESEARCH_FIXTURE,OG-SYNTH-0.3,B1-0.3,build_opus_synthetic_programme_v0_3.py@0.3,20260812,True,22fba0193eedb37705b3d9480c6048181d171d0909fd81c1cc7eab10a50af6a0
REF-0067,212373395.78,668.254,0.157806,0.170322,AMBER,False,SYNTHETIC_RESEARCH_FIXTURE,OG-SYNTH-0.3,B1-0.3,build_opus_synthetic_programme_v0_3.py@0.3,20260812,True,b55077dda51f14ba1fb3bc03d649bedd5a7d6a64e114e1c102f76d34aa061bff
REF-0068,160020371.25,598.636,0.149003,0.104495,AMBER,False,SYNTHETIC_RESEARCH_FIXTURE,OG-SYNTH-0.3,B1-0.3,build_opus_synthetic_programme_v0_3.py@0.3,20260812,True,2fe2a3f878f0a64d3dae327838c09a51df52d5df20b6d8781aacb0ad25d4c465
REF-0069,214447584.04,682.149,0.221001,0.192569,RED,False,SYNTHETIC_RESEARCH_FIXTURE,OG-SYNTH-0.3,B1-0.3,build_opus_synthetic_programme_v0_3.py@0.3,20260812,True,4c0acf79e37dd853fa2c32438215833b433399260a13055b47aa54174bd90b65
REF-0070,128588782.7,411.493,0.194303,0.270039,RED,False,SYNTHETIC_RESEARCH_FIXTURE,OG-SYNTH-0.3,B1-0.3,build_opus_synthetic_programme_v0_3.py@0.3,20260812,True,67410c46548153bd47da84483dee9ac348e3cff518fd84dce463ff25cdeed6c0
REF-0071,172981848.56,578.185,0.183696,0.084776,AMBER,False,SYNTHETIC_RESEARCH_FIXTURE,OG-SYNTH-0.3,B1-0.3,build_opus_synthetic_programme_v0_3.py@0.3,20260812,True,c4ed921070fdbc2f250a50fb5e17818673eb250306dbf422ffb9ec6a7e2b94df
REF-0072,211789954.14,630.35,0.149737,-0.094325,AMBER,False,SYNTHETIC_RESEARCH_FIXTURE,OG-SYNTH-0.3,B1-0.3,build_opus_synthetic_programme_v0_3.py@0.3,20260812,True,a6c1ab5c052825340b61150d4c9374b2d1d966d9fd4323a046978545109e538e
REF-0073,268973159.38,769.583,0.261087,0.171359,RED,False,SYNTHETIC_RESEARCH_FIXTURE,OG-SYNTH-0.3,B1-0.3,build_opus_synthetic_programme_v0_3.py@0.3,20260812,True,c6106107b86f8ecdc04bbc562040fd6a9a3e467be6d80eb1f632caf80fb2fd6c
REF-0074,253148927.81,843.041,0.28464,0.298984,RED,False,SYNTHETIC_RESEARCH_FIXTURE,OG-SYNTH-0.3,B1-0.3,build_opus_synthetic_programme_v0_3.py@0.3,20260812,True,4108526492d66f6c3e22e379516dc5c985c2027dcf68183dd7b0d03c333d663c
REF-0075,288665561.34,635.639,0.197937,0.02688,AMBER,False,SYNTHETIC_RESEARCH_FIXTURE,OG-SYNTH-0.3,B1-0.3,build_opus_synthetic_programme_v0_3.py@0.3,20260812,True,5268f7ecd8259208d9d7cc6b5af4c957dfae16cd923391b3f91193aa8931b679
REF-0076,211566533.34,536.879,0.171742,0.193065,AMBER,False,SYNTHETIC_RESEARCH_FIXTURE,OG-SYNTH-0.3,B1-0.3,build_opus_synthetic_programme_v0_3.py@0.3,20260812,True,4a7dd29eb4057e0f6b55e3e67983017d629b608641f88f297cac24a0db5165b7
REF-0077,277638169.36,743.982,0.292658,0.328539,RED,False,SYNTHETIC_RESEARCH_FIXTURE,OG-SYNTH-0.3,B1-0.3,build_opus_synthetic_programme_v0_3.py@0.3,20260812,True,4829936d97d09b3a661a336f0e75474423c809de4b1864e666d4e378f99bbbc7
REF-0078,155744123.7,570.888,0.016115,0.139497,AMBER,False,SYNTHETIC_RESEARCH_FIXTURE,OG-SYNTH-0.3,B1-0.3,build_opus_synthetic_programme_v0_3.py@0.3,20260812,True,60c1c5abf11b5c6f0677d24417a606966b591dd7f4bd6c1c738740ce273ac919
REF-0079,199505304.16,552.359,0.023106,0.076723,GREEN,False,SYNTHETIC_RESEARCH_FIXTURE,OG-SYNTH-0.3,B1-0.3,build_opus_synthetic_programme_v0_3.py@0.3,20260812,True,b40172ce2ae4e0cd732511224a08611e1c7c8f5ac5dce587941cbae7b8431eb5
REF-0080,246269520.04,795.79,0.172492,0.273264,RED,False,SYNTHETIC_RESEARCH_FIXTURE,OG-SYNTH-0.3,B1-0.3,build_opus_synthetic_programme_v0_3.py@0.3,20260812,True,d37a1b39719bb6959dc12efdcf61a04f2d7ad340b65c19307a3033b168f4b427
REF-0081,255949622.53,765.551,0.037455,0.174158,AMBER,False,SYNTHETIC_RESEARCH_FIXTURE,OG-SYNTH-0.3,B1-0.3,build_opus_synthetic_programme_v0_3.py@0.3,20260812,True,918df6104de2e76bd85e3ef2d3d20367c358fb01016b83aa831f77f94090a080
REF-0082,152440718.23,444.077,0.081385,0.124245,AMBER,False,SYNTHETIC_RESEARCH_FIXTURE,OG-SYNTH-0.3,B1-0.3,build_opus_synthetic_programme_v0_3.py@0.3,20260812,True,73b96a78327bacf8406bb9126e105a8854e10ffcbebfa13d0a50a6335eb8208b
REF-0083,238020665.76,676.731,0.215785,0.239435,RED,False,SYNTHETIC_RESEARCH_FIXTURE,OG-SYNTH-0.3,B1-0.3,build_opus_synthetic_programme_v0_3.py@0.3,20260812,True,71da183b114ca90b40842a255df38f518c16c636acf455c094023f018553d947
REF-0084,153641037.47,578.854,0.1184,0.06997,AMBER,False,SYNTHETIC_RESEARCH_FIXTURE,OG-SYNTH-0.3,B1-0.3,build_opus_synthetic_programme_v0_3.py@0.3,20260812,True,45ff1e185768f2d70b959ab6970b3b33ae72f3b3d594a29b66b423196c9a10bd
REF-0085,243650152.87,745.111,0.153222,0.260764,RED,False,SYNTHETIC_RESEARCH_FIXTURE,OG-SYNTH-0.3,B1-0.3,build_opus_synthetic_programme_v0_3.py@0.3,20260812,True,0ade3a0da3414ae7f31d9260f54cc06c441c157a9579f144dbec1b72ba043f76
REF-0086,222444483.23,515.406,0.180672,0.163446,AMBER,False,SYNTHETIC_RESEARCH_FIXTURE,OG-SYNTH-0.3,B1-0.3,build_opus_synthetic_programme_v0_3.py@0.3,20260812,True,1c993b8debd09833f5aba1b70848ded380f1d763a8922621b866c4e5fdec762c
REF-0087,297827050.8,833.19,0.203618,0.273991,RED,False,SYNTHETIC_RESEARCH_FIXTURE,OG-SYNTH-0.3,B1-0.3,build_opus_synthetic_programme_v0_3.py@0.3,20260812,True,3f5c9d782df7fcfb39a37409198fc44b148c01d6712136ffea20f40d5650b690
REF-0088,130608276.19,527.582,0.031626,0.122514,AMBER,False,SYNTHETIC_RESEARCH_FIXTURE,OG-SYNTH-0.3,B1-0.3,build_opus_synthetic_programme_v0_3.py@0.3,20260812,True,61c529431aa8072e17a09ee188770a38ae7430f5cb11cdd441a29c32a35a283f
REF-0089,279374943.7,797.063,0.251116,0.193208,RED,False,SYNTHETIC_RESEARCH_FIXTURE,OG-SYNTH-0.3,B1-0.3,build_opus_synthetic_programme_v0_3.py@0.3,20260812,True,7b11f571eaaea0f0c9d6bf4dcbbfd1d0656eeefe40a0c17ee4e50dc26600c840
REF-0090,239834496.93,698.179,0.204602,0.10822,AMBER,False,SYNTHETIC_RESEARCH_FIXTURE,OG-SYNTH-0.3,B1-0.3,build_opus_synthetic_programme_v0_3.py@0.3,20260812,True,c37d6d4020a16702c070294da1a2169b7376929569bda6448f8d2a7bc2107b15
REF-0091,267258977.97,684.532,0.099387,0.062938,AMBER,False,SYNTHETIC_RESEARCH_FIXTURE,OG-SYNTH-0.3,B1-0.3,build_opus_synthetic_programme_v0_3.py@0.3,20260812,True,249909eb972dffdff4c23acf157418437ad9ac7db72568d219ec1da04fad3c3c
REF-0092,185331106.8,649.588,0.08541,0.118052,AMBER,False,SYNTHETIC_RESEARCH_FIXTURE,OG-SYNTH-0.3,B1-0.3,build_opus_synthetic_programme_v0_3.py@0.3,20260812,True,999a0921c0afcfa4ccfbd2fd7e08d0a2c19f3efdb0ea3d056ddedb55be6abc20
REF-0093,289850109.11,806.049,0.208265,0.110261,AMBER,False,SYNTHETIC_RESEARCH_FIXTURE,OG-SYNTH-0.3,B1-0.3,build_opus_synthetic_programme_v0_3.py@0.3,20260812,True,7ff28bc728884d3992210ae54987e7a37969de845887504d0292a9fee92753d2
REF-0094,204858826.17,797.03,0.130783,0.263121,RED,False,SYNTHETIC_RESEARCH_FIXTURE,OG-SYNTH-0.3,B1-0.3,build_opus_synthetic_programme_v0_3.py@0.3,20260812,True,b7b5e9fcd7445c7528ae226434d42c76d7a926593f74eb368eb6a52b4adbfcce
REF-0095,223773817.23,625.647,0.182623,0.251293,RED,False,SYNTHETIC_RESEARCH_FIXTURE,OG-SYNTH-0.3,B1-0.3,build_opus_synthetic_programme_v0_3.py@0.3,20260812,True,a407e848011a9704233a66321bb36cb9e7bc11642df2cbb634aee3b131254990
REF-0096,169092611.1,530.586,0.152339,0.171272,AMBER,False,SYNTHETIC_RESEARCH_FIXTURE,OG-SYNTH-0.3,B1-0.3,build_opus_synthetic_programme_v0_3.py@0.3,20260812,True,82ae2016530d93c46109cfc2220706da3c7f03994b2b5eab09bcae99e1ca40e8
REF-0097,273518526.95,714.381,0.135244,0.117967,AMBER,False,SYNTHETIC_RESEARCH_FIXTURE,OG-SYNTH-0.3,B1-0.3,build_opus_synthetic_programme_v0_3.py@0.3,20260812,True,7debb66ef77021643af365c04f8978c6b299a98eecd9260069e899fb30e78a2f
REF-0098,233534100.72,608.573,0.188703,0.234427,RED,False,SYNTHETIC_RESEARCH_FIXTURE,OG-SYNTH-0.3,B1-0.3,build_opus_synthetic_programme_v0_3.py@0.3,20260812,True,1ae1656f5a49a0dd41a45b2800858628fc25ecacddca26fe0a3725c8afd5e444
REF-0099,321785271.62,813.42,0.241607,0.282997,RED,False,SYNTHETIC_RESEARCH_FIXTURE,OG-SYNTH-0.3,B1-0.3,build_opus_synthetic_programme_v0_3.py@0.3,20260812,True,89a9de7488a818b235c5010a27dfe3536620dd9866405c7d0c0b72d4a917fef1
REF-0100,134217016.16,369.501,0.145539,0.133438,AMBER,False,SYNTHETIC_RESEARCH_FIXTURE,OG-SYNTH-0.3,B1-0.3,build_opus_synthetic_programme_v0_3.py@0.3,20260812,True,d10084b4ae514e7a1e449b4bb31a735d7308c6b806ff75c84fe05fbace8068fc
REF-0101,320943208.7,764.785,0.290347,0.314063,RED,False,SYNTHETIC_RESEARCH_FIXTURE,OG-SYNTH-0.3,B1-0.3,build_opus_synthetic_programme_v0_3.py@0.3,20260812,True,4a6f968cd846fd04a0e979498f9ec4090f08832b28b652c4305d06722718d03d
REF-0102,232568425.3,529.773,0.127356,-0.029719,AMBER,False,SYNTHETIC_RESEARCH_FIXTURE,OG-SYNTH-0.3,B1-0.3,build_opus_synthetic_programme_v0_3.py@0.3,20260812,True,824072ef79291df632eecbcd163aa9b0a232a0e2d023c97867b71de55a71c941
REF-0103,177331911.77,498.042,0.05633,-0.07599,GREEN,False,SYNTHETIC_RESEARCH_FIXTURE,OG-SYNTH-0.3,B1-0.3,build_opus_synthetic_programme_v0_3.py@0.3,20260812,True,ca89b337b482644cd88d47b54fc85c0918f1934c5dc4fd956679a140d01a358f
REF-0104,189461835.78,473.075,0.21312,0.139939,AMBER,False,SYNTHETIC_RESEARCH_FIXTURE,OG-SYNTH-0.3,B1-0.3,build_opus_synthetic_programme_v0_3.py@0.3,20260812,True,a684e82c2e24fc2bf906d564225046c1365edaa12652d18167053cf2e4f984c3
REF-0105,231107948.98,579.493,0.09984,0.089272,AMBER,False,SYNTHETIC_RESEARCH_FIXTURE,OG-SYNTH-0.3,B1-0.3,build_opus_synthetic_programme_v0_3.py@0.3,20260812,True,7a629e401d313f71e49510aa719fdb0b75fca9bf2ceeb66b3e8d0b9453fb0517
REF-0106,166462330.12,359.241,0.10355,0.029344,AMBER,False,SYNTHETIC_RESEARCH_FIXTURE,OG-SYNTH-0.3,B1-0.3,build_opus_synthetic_programme_v0_3.py@0.3,20260812,True,97fd569798129df53359d504e3a9d9daba060db6353286a21a57b1deb48527ed
REF-0107,212176742.52,542.332,-0.032268,0.080343,AMBER,False,SYNTHETIC_RESEARCH_FIXTURE,OG-SYNTH-0.3,B1-0.3,build_opus_synthetic_programme_v0_3.py@0.3,20260812,True,df25580fb056b34d18364b324f563edb0534a8578a541167d0d0897f8b9e9de9
REF-0108,313231868.67,756.942,0.63167,0.425503,RED,True,SYNTHETIC_RESEARCH_FIXTURE,OG-SYNTH-0.3,B1-0.3,build_opus_synthetic_programme_v0_3.py@0.3,20260812,True,b38f75f4a8cc9cc80ea71e7116b4f05c24f27ffa13fb8a55a45caff5d6b975ad
REF-0109,333295156.41,872.608,0.591504,0.481507,RED,True,SYNTHETIC_RESEARCH_FIXTURE,OG-SYNTH-0.3,B1-0.3,build_opus_synthetic_programme_v0_3.py@0.3,20260812,True,d8d614f590afae8966680cee4ca3fe14e5ef0e9b6aeb6c03206b0e4eee2a6b8b
REF-0110,158282875.71,413.432,0.130323,-0.015637,AMBER,False,SYNTHETIC_RESEARCH_FIXTURE,OG-SYNTH-0.3,B1-0.3,build_opus_synthetic_programme_v0_3.py@0.3,20260812,True,a288386d27f71e1da7461d29a7296923c8864397610f5156e0839f76c3908c1c
REF-0111,326530318.68,882.66,0.182695,0.237953,RED,False,SYNTHETIC_RESEARCH_FIXTURE,OG-SYNTH-0.3,B1-0.3,build_opus_synthetic_programme_v0_3.py@0.3,20260812,True,3a5cf68fbf7a55110c53247ad987a753ede197369369e9ecf53e09b97f9c220d
REF-0112,189314763.29,674.089,0.189935,0.232338,RED,False,SYNTHETIC_RESEARCH_FIXTURE,OG-SYNTH-0.3,B1-0.3,build_opus_synthetic_programme_v0_3.py@0.3,20260812,True,afd43f7f876174d31e35b051f81202a1533346a55b342b45cd1057b653304083
REF-0113,416309395.73,861.599,0.57996,0.431227,RED,True,SYNTHETIC_RESEARCH_FIXTURE,OG-SYNTH-0.3,B1-0.3,build_opus_synthetic_programme_v0_3.py@0.3,20260812,True,e4391895d64c74dec7a3058cbd90c99a34f66e9b5deef9f7264a6171dd96735b
REF-0114,217100577.45,614.327,0.104311,0.137642,AMBER,False,SYNTHETIC_RESEARCH_FIXTURE,OG-SYNTH-0.3,B1-0.3,build_opus_synthetic_programme_v0_3.py@0.3,20260812,True,a898fc794d06f99fb0672a0df601346a07e3ac7a96958319aab650c7b6775a9d
REF-0115,261767336.25,679.001,0.181597,0.067612,AMBER,False,SYNTHETIC_RESEARCH_FIXTURE,OG-SYNTH-0.3,B1-0.3,build_opus_synthetic_programme_v0_3.py@0.3,20260812,True,7ed0c077fc7eee058b184aec5bd1024dda4be5013b45a91bc14a45180a677042
REF-0116,192344348.71,364.726,0.191198,0.045061,AMBER,False,SYNTHETIC_RESEARCH_FIXTURE,OG-SYNTH-0.3,B1-0.3,build_opus_synthetic_programme_v0_3.py@0.3,20260812,True,fa9c05cd6be9b8fc8b8aa9baf7af6e7b6db7bd3528bd5714fb114955d7d220c2
REF-0117,274250560.14,780.359,0.167623,0.248574,RED,False,SYNTHETIC_RESEARCH_FIXTURE,OG-SYNTH-0.3,B1-0.3,build_opus_synthetic_programme_v0_3.py@0.3,20260812,True,e8c8c7a2b4bcdee3c156d0b52b72df14ea6e55242f72ac329913be94a8dce7cb
REF-0118,260276923.2,676.95,0.477341,0.500998,RED,True,SYNTHETIC_RESEARCH_FIXTURE,OG-SYNTH-0.3,B1-0.3,build_opus_synthetic_programme_v0_3.py@0.3,20260812,True,8492aa2f5e02cac59a10daf5dfcd1a40617748029c48f10b028e4e93d9f9c44e
REF-0119,224462381.15,416.759,0.104079,0.04977,AMBER,False,SYNTHETIC_RESEARCH_FIXTURE,OG-SYNTH-0.3,B1-0.3,build_opus_synthetic_programme_v0_3.py@0.3,20260812,True,9070eac91eebd0b1fb978c16e7d79a4bd6b9b901febffcbfbcf9bc3e20ee8225
REF-0120,382657443.65,841.363,0.632442,0.276727,RED,True,SYNTHETIC_RESEARCH_FIXTURE,OG-SYNTH-0.3,B1-0.3,build_opus_synthetic_programme_v0_3.py@0.3,20260812,True,d411ea0d1bbd3ad0c1eb1de669a77d12765eb3e9c3945c02c4622b86dad2f0e8
REF-0121,188162184.27,549.779,0.286035,0.124292,RED,False,SYNTHETIC_RESEARCH_FIXTURE,OG-SYNTH-0.3,B1-0.3,build_opus_synthetic_programme_v0_3.py@0.3,20260812,True,59fded628994dce4e99ee922645999dac99dd9a170b6933d825ec9d986b99151
REF-0122,197794609.69,620.572,0.21753,0.069952,AMBER,False,SYNTHETIC_RESEARCH_FIXTURE,OG-SYNTH-0.3,B1-0.3,build_opus_synthetic_programme_v0_3.py@0.3,20260812,True,61f8aa8f7a8e459be24fc63fbc6a79c106869df922c6fa0be671aaed8cf0ebd4
REF-0123,249756487.82,757.515,0.210918,0.104249,AMBER,False,SYNTHETIC_RESEARCH_FIXTURE,OG-SYNTH-0.3,B1-0.3,build_opus_synthetic_programme_v0_3.py@0.3,20260812,True,6c1475691603e4f1cd753ca8738bb3b9a40613b73d7159cd958408b2f8c58353
REF-0124,113088380.42,426.765,0.093044,0.043435,AMBER,False,SYNTHETIC_RESEARCH_FIXTURE,OG-SYNTH-0.3,B1-0.3,build_opus_synthetic_programme_v0_3.py@0.3,20260812,True,3981162cca8f07a0e71d0dc19af5f33765e6a31958423b1f47b1902c2d408a17
REF-0125,226250788.8,766.615,0.260639,0.226583,RED,False,SYNTHETIC_RESEARCH_FIXTURE,OG-SYNTH-0.3,B1-0.3,build_opus_synthetic_programme_v0_3.py@0.3,20260812,True,79b7e49e96b4d367915d6d0326eeec0d3fa70b2202e5cd41e1711ee6edb7acb5
REF-0126,243224423.33,667.422,0.22293,0.09593,RED,False,SYNTHETIC_RESEARCH_FIXTURE,OG-SYNTH-0.3,B1-0.3,build_opus_synthetic_programme_v0_3.py@0.3,20260812,True,984935832898199de51e7fe55d977165286427ceffe638277f3d56cd97268ba2
REF-0127,203037001.2,799.389,0.108346,0.209364,AMBER,False,SYNTHETIC_RESEARCH_FIXTURE,OG-SYNTH-0.3,B1-0.3,build_opus_synthetic_programme_v0_3.py@0.3,20260812,True,1e5a7ec5738ee440e5e5d02406ae8301c16e3221267f78ee15b4e69b897b1c4a
REF-0128,192086949.02,742.656,0.178231,0.205611,AMBER,False,SYNTHETIC_RESEARCH_FIXTURE,OG-SYNTH-0.3,B1-0.3,build_opus_synthetic_programme_v0_3.py@0.3,20260812,True,c8ed27deea5fffe7e17ec7d2301668075442abb935d2da82e46846e095e759d2
REF-0129,325830840.4,862.214,0.574822,0.381753,RED,True,SYNTHETIC_RESEARCH_FIXTURE,OG-SYNTH-0.3,B1-0.3,build_opus_synthetic_programme_v0_3.py@0.3,20260812,True,551680a1b91df56c30a31d82c570d0e7b8106c6b48d854e09bfef345ba75d91a
REF-0130,151742962.9,679.391,0.108651,0.206734,AMBER,False,SYNTHETIC_RESEARCH_FIXTURE,OG-SYNTH-0.3,B1-0.3,build_opus_synthetic_programme_v0_3.py@0.3,20260812,True,a98df8e66d093e89918105b29e500073e1db2b5317ea2626f311103822a81675
REF-0131,278800712.0,880.981,0.75,0.734215,RED,True,SYNTHETIC_RESEARCH_FIXTURE,OG-SYNTH-0.3,B1-0.3,build_opus_synthetic_programme_v0_3.py@0.3,20260812,True,80b5a66f75afdb01d1c89cfc63f036d46c5daafc90bcc1f37caed881e74650ae
REF-0132,183167729.04,825.674,0.023308,0.219608,AMBER,False,SYNTHETIC_RESEARCH_FIXTURE,OG-SYNTH-0.3,B1-0.3,build_opus_synthetic_programme_v0_3.py@0.3,20260812,True,2a079d803ad39b0748e21d17f53ea8406eced5dd7d8743c1597840c4762dc917
REF-0133,220370859.79,777.273,0.279471,0.272133,RED,False,SYNTHETIC_RESEARCH_FIXTURE,OG-SYNTH-0.3,B1-0.3,build_opus_synthetic_programme_v0_3.py@0.3,20260812,True,ca3411d4d58491201c01ba0db048bf6877ba4d306fa0e3e19abe05e590cf4bf7
REF-0134,190513486.31,519.998,0.542016,0.756749,RED,True,SYNTHETIC_RESEARCH_FIXTURE,OG-SYNTH-0.3,B1-0.3,build_opus_synthetic_programme_v0_3.py@0.3,20260812,True,04153cf6ea7f80e5d3d19810370490053f09617915f16c2fadbf82387b6f2ad1
REF-0135,170059572.19,477.917,0.07556,-0.087946,GREEN,False,SYNTHETIC_RESEARCH_FIXTURE,OG-SYNTH-0.3,B1-0.3,build_opus_synthetic_programme_v0_3.py@0.3,20260812,True,413fcad8fe2655040a91812ba8336b8bdc39f97400aafc90a3beeb170842e957
REF-0136,145575767.0,664.079,0.148756,0.198699,AMBER,False,SYNTHETIC_RESEARCH_FIXTURE,OG-SYNTH-0.3,B1-0.3,build_opus_synthetic_programme_v0_3.py@0.3,20260812,True,6480350d85aae6d790f11c837c83ef06d4751b9004bdc3270af59a68f44efe12
REF-0137,203274683.61,581.003,0.083332,0.225746,RED,False,SYNTHETIC_RESEARCH_FIXTURE,OG-SYNTH-0.3,B1-0.3,build_opus_synthetic_programme_v0_3.py@0.3,20260812,True,cde6142364df6a584dce65a011bbd91b0368d55e50a6d2afae13a0be23782fc1
REF-0138,193788450.37,588.443,0.181682,0.028747,AMBER,False,SYNTHETIC_RESEARCH_FIXTURE,OG-SYNTH-0.3,B1-0.3,build_opus_synthetic_programme_v0_3.py@0.3,20260812,True,7e6cd058d48baa7940fbb5ecd3151da8d815f07ce3611f320e5284e38aa8e982
REF-0139,215432715.33,705.468,0.260126,0.191668,RED,False,SYNTHETIC_RESEARCH_FIXTURE,OG-SYNTH-0.3,B1-0.3,build_opus_synthetic_programme_v0_3.py@0.3,20260812,True,4c82d65e1149b4a9051961495c5f42b30f9058df2006da6e2027e3781d0eb4df
REF-0140,156771508.89,492.516,0.174565,0.11429,AMBER,False,SYNTHETIC_RESEARCH_FIXTURE,OG-SYNTH-0.3,B1-0.3,build_opus_synthetic_programme_v0_3.py@0.3,20260812,True,70285c90dd4b69f745db77a8bedcd08b757cde8de4d97fd357661beebc14db0a
REF-0141,217071698.04,622.884,0.107773,0.066583,AMBER,False,SYNTHETIC_RESEARCH_FIXTURE,OG-SYNTH-0.3,B1-0.3,build_opus_synthetic_programme_v0_3.py@0.3,20260812,True,0839d8f30467c3d0d75f69dc74f57b3c3176fe84f2a33ee6b05a147fbe4aee23
REF-0142,101825788.35,332.026,0.155503,0.078007,AMBER,False,SYNTHETIC_RESEARCH_FIXTURE,OG-SYNTH-0.3,B1-0.3,build_opus_synthetic_programme_v0_3.py@0.3,20260812,True,7b2ed82be3e8317e2d925106d9686f7c7237695f6307d2fedfbd9a162fecb11a
REF-0143,224143659.74,720.764,0.150164,0.142257,AMBER,False,SYNTHETIC_RESEARCH_FIXTURE,OG-SYNTH-0.3,B1-0.3,build_opus_synthetic_programme_v0_3.py@0.3,20260812,True,1f0d5365684865419e1bd76bf11526fc6ad6e70993890f64bb8130e4014caa03
REF-0144,191430837.2,668.191,0.207613,0.079469,AMBER,False,SYNTHETIC_RESEARCH_FIXTURE,OG-SYNTH-0.3,B1-0.3,build_opus_synthetic_programme_v0_3.py@0.3,20260812,True,a1615b1d012a9bf13b7fd8064262732c31b325c804ec2403e8a3bcf92d83a158
REF-0145,240516487.5,810.187,0.202175,0.139504,AMBER,False,SYNTHETIC_RESEARCH_FIXTURE,OG-SYNTH-0.3,B1-0.3,build_opus_synthetic_programme_v0_3.py@0.3,20260812,True,15854ae0d8898b62f3283afc1617127ac927d093743c12e5fd5477fbc942f88b
REF-0146,156665946.58,425.93,0.164067,0.062169,AMBER,False,SYNTHETIC_RESEARCH_FIXTURE,OG-SYNTH-0.3,B1-0.3,build_opus_synthetic_programme_v0_3.py@0.3,20260812,True,d4c5cc31db8426a1e28cd3540025f6e27c68a78f31daf719d17f2b4780df0da3
REF-0147,193966074.66,564.443,0.160995,-0.014934,AMBER,False,SYNTHETIC_RESEARCH_FIXTURE,OG-SYNTH-0.3,B1-0.3,build_opus_synthetic_programme_v0_3.py@0.3,20260812,True,97c004317d143e32e908e2dbf19e56b7923367951e908e62adcf366a3964abc8
REF-0148,150778601.09,620.165,0.125265,0.283986,RED,False,SYNTHETIC_RESEARCH_FIXTURE,OG-SYNTH-0.3,B1-0.3,build_opus_synthetic_programme_v0_3.py@0.3,20260812,True,c5b7a45b8eb2a3a176398eadf3ac0c1716cf0556d563e705a44b77229f90f591
REF-0149,227227795.06,686.827,0.228944,0.154331,RED,False,SYNTHETIC_RESEARCH_FIXTURE,OG-SYNTH-0.3,B1-0.3,build_opus_synthetic_programme_v0_3.py@0.3,20260812,True,35a3d2e05df3874707b4f9343a7237b941f1b482092ddbab373c8d74a94be840
REF-0150,175269358.98,584.645,0.117485,0.068821,AMBER,False,SYNTHETIC_RESEARCH_FIXTURE,OG-SYNTH-0.3,B1-0.3,build_opus_synthetic_programme_v0_3.py@0.3,20260812,True,ac067f80ce3c6d34387a8e1128352c9f120397f7e109bf115072b0da085029eb
REF-0151,156521307.76,661.733,0.057585,0.18803,AMBER,False,SYNTHETIC_RESEARCH_FIXTURE,OG-SYNTH-0.3,B1-0.3,build_opus_synthetic_programme_v0_3.py@0.3,20260812,True,2ca9723075c13c0799dacd12495f9a29f7f02c7c454d603d229aedf1fa8f808a
REF-0152,161703965.18,644.746,0.214814,0.176543,AMBER,False,SYNTHETIC_RESEARCH_FIXTURE,OG-SYNTH-0.3,B1-0.3,build_opus_synthetic_programme_v0_3.py@0.3,20260812,True,eb6415f97e7654fba09b4259a711c62cfaf6c2120cd5998f3d928b806ebcdc8f
REF-0153,191652614.3,669.527,0.04931,0.057705,GREEN,False,SYNTHETIC_RESEARCH_FIXTURE,OG-SYNTH-0.3,B1-0.3,build_opus_synthetic_programme_v0_3.py@0.3,20260812,True,63fbb3e2827f64821168ddf3ee389490ad5ed8d4f7c2643f141c1421651919df
REF-0154,109609026.07,488.902,0.138735,0.222256,RED,False,SYNTHETIC_RESEARCH_FIXTURE,OG-SYNTH-0.3,B1-0.3,build_opus_synthetic_programme_v0_3.py@0.3,20260812,True,2df0afacb17d50d74c510e857618d37a4813068c1c88f7fbd3be0c08d31a6726
REF-0155,166846625.19,584.496,0.028973,0.096615,AMBER,False,SYNTHETIC_RESEARCH_FIXTURE,OG-SYNTH-0.3,B1-0.3,build_opus_synthetic_programme_v0_3.py@0.3,20260812,True,c9c528866de16b585a1581e717555aae678da49d0d2ac6daf00c48b52ee74590
REF-0156,128450729.67,669.439,0.051087,0.199712,AMBER,False,SYNTHETIC_RESEARCH_FIXTURE,OG-SYNTH-0.3,B1-0.3,build_opus_synthetic_programme_v0_3.py@0.3,20260812,True,a922b30a484e9f5cfaedb6229fa9e586e2288f32470432cdef047949deb7fb6b
REF-0157,195771447.88,638.048,0.213225,0.166449,AMBER,False,SYNTHETIC_RESEARCH_FIXTURE,OG-SYNTH-0.3,B1-0.3,build_opus_synthetic_programme_v0_3.py@0.3,20260812,True,831d2077502b8429413e370d79afbd1f3bc9b2a1c393de83087459e61861b549
REF-0158,110957602.23,306.469,0.164123,-0.00497,AMBER,False,SYNTHETIC_RESEARCH_FIXTURE,OG-SYNTH-0.3,B1-0.3,build_opus_synthetic_programme_v0_3.py@0.3,20260812,True,0a09a421a9d33ef51edfeded5a17071b00ac8cdeb374b1a6803071143e45f450
REF-0159,190802325.67,736.949,0.153918,0.188627,AMBER,False,SYNTHETIC_RESEARCH_FIXTURE,OG-SYNTH-0.3,B1-0.3,build_opus_synthetic_programme_v0_3.py@0.3,20260812,True,c5a567cd22dab217102a59cb615b626b64dcba048f2bd095dd63c54053c9d4df
REF-0160,122253347.58,413.62,0.148642,0.238383,RED,False,SYNTHETIC_RESEARCH_FIXTURE,OG-SYNTH-0.3,B1-0.3,build_opus_synthetic_programme_v0_3.py@0.3,20260812,True,a5a1f20083356d39ad0084143f8d8c6d50a853df7f5d68b32bef5d2d2755d65a
REF-0161,207925463.61,711.795,0.147705,0.124479,AMBER,False,SYNTHETIC_RESEARCH_FIXTURE,OG-SYNTH-0.3,B1-0.3,build_opus_synthetic_programme_v0_3.py@0.3,20260812,True,e92d40bd02723330c0610a5c78d5335138f952a14b7ce92bce85af9bc83c7091
REF-0162,145793302.32,606.994,-0.004837,0.095658,AMBER,False,SYNTHETIC_RESEARCH_FIXTURE,OG-SYNTH-0.3,B1-0.3,build_opus_synthetic_programme_v0_3.py@0.3,20260812,True,b6ad92baed98fbbb7c775d13af14158622c3c883dd31abfbcf1b30a39345f622
REF-0163,184776774.26,500.055,0.212142,0.162919,AMBER,False,SYNTHETIC_RESEARCH_FIXTURE,OG-SYNTH-0.3,B1-0.3,build_opus_synthetic_programme_v0_3.py@0.3,20260812,True,c95ebf236a1ffb5dbc7b3ffff63abeff2dcbb68a86c59a9109249691569510fa
REF-0164,152329062.51,576.986,0.192346,0.232877,RED,False,SYNTHETIC_RESEARCH_FIXTURE,OG-SYNTH-0.3,B1-0.3,build_opus_synthetic_programme_v0_3.py@0.3,20260812,True,f12da6d94234d4dd79f4e9e849481bc632cb6c32226f3e6c2367d1382cac03cd
REF-0165,198525891.49,571.867,0.115217,0.059014,AMBER,False,SYNTHETIC_RESEARCH_FIXTURE,OG-SYNTH-0.3,B1-0.3,build_opus_synthetic_programme_v0_3.py@0.3,20260812,True,dd3ccdf7d620f2c84de221a9b141d2aae705157f238772aeef9077ff945e576a
REF-0166,121656942.73,539.587,0.098393,0.07061,AMBER,False,SYNTHETIC_RESEARCH_FIXTURE,OG-SYNTH-0.3,B1-0.3,build_opus_synthetic_programme_v0_3.py@0.3,20260812,True,2cd46a56faed01ef6c7b9b345c7bc7144444eb731dd6a1f866543d7510ecd10b
REF-0167,197579204.61,707.224,0.391722,0.568123,RED,True,SYNTHETIC_RESEARCH_FIXTURE,OG-SYNTH-0.3,B1-0.3,build_opus_synthetic_programme_v0_3.py@0.3,20260812,True,2540b23f96731a4d079453be54d0feaeedd19c9e4adcc550754fa28071c3e976
REF-0168,209902225.48,748.898,0.180119,0.181227,AMBER,False,SYNTHETIC_RESEARCH_FIXTURE,OG-SYNTH-0.3,B1-0.3,build_opus_synthetic_programme_v0_3.py@0.3,20260812,True,7b132aa0be8f1010bbabbc91e34a89a77e212530daa652ade771ba98e8b5264d
REF-0169,245577472.17,790.361,0.163415,0.231092,RED,False,SYNTHETIC_RESEARCH_FIXTURE,OG-SYNTH-0.3,B1-0.3,build_opus_synthetic_programme_v0_3.py@0.3,20260812,True,088d547aef4ed55db3e27c1a40a838fa83637c27f1083f6abc6e98f031466dec
REF-0170,153258939.37,505.089,0.131816,0.117453,AMBER,False,SYNTHETIC_RESEARCH_FIXTURE,OG-SYNTH-0.3,B1-0.3,build_opus_synthetic_programme_v0_3.py@0.3,20260812,True,3ae90b2e7088bc5eb72463e504cd28a5aac9679748b2af8313ef7238ed8625c9
REF-0171,304686775.51,706.675,0.262853,0.056315,RED,False,SYNTHETIC_RESEARCH_FIXTURE,OG-SYNTH-0.3,B1-0.3,build_opus_synthetic_programme_v0_3.py@0.3,20260812,True,17bb65e6d38599ce9ee10e471b1e7003e5c12532c312db9045aa254330b0de2d
REF-0172,175818464.95,636.855,0.186826,0.22945,RED,False,SYNTHETIC_RESEARCH_FIXTURE,OG-SYNTH-0.3,B1-0.3,build_opus_synthetic_programme_v0_3.py@0.3,20260812,True,0da5dc40c54fcb9da1adfa7aa2130b61833f8b705b5a8665cced90a1cd76c9e8
REF-0173,239445347.17,366.566,0.234452,0.124436,RED,False,SYNTHETIC_RESEARCH_FIXTURE,OG-SYNTH-0.3,B1-0.3,build_opus_synthetic_programme_v0_3.py@0.3,20260812,True,e2d9fa92b77cdeedd5119dd70514d0bde3d36d6fe8c2b9e66390633b5905d18a
REF-0174,221904839.72,799.966,0.126842,0.247997,RED,False,SYNTHETIC_RESEARCH_FIXTURE,OG-SYNTH-0.3,B1-0.3,build_opus_synthetic_programme_v0_3.py@0.3,20260812,True,d5256a36531a394bd71f9d4c86eae3b89f8eb76fc1eeb964d977450ef3573139
REF-0175,219867590.85,660.889,0.123737,0.175958,AMBER,False,SYNTHETIC_RESEARCH_FIXTURE,OG-SYNTH-0.3,B1-0.3,build_opus_synthetic_programme_v0_3.py@0.3,20260812,True,7b9e4a8bb58aa8d8bc5e004becd3c6d24d8a4716bef21fb79f6e1d1522ac4aea
REF-0176,241728445.81,669.556,0.110204,0.172602,AMBER,False,SYNTHETIC_RESEARCH_FIXTURE,OG-SYNTH-0.3,B1-0.3,build_opus_synthetic_programme_v0_3.py@0.3,20260812,True,bf4f42b248be0f448ffd35b488ae9066cfe441a23fa3286995162f9d432cbc67
REF-0177,264403155.22,704.794,0.167229,0.061437,AMBER,False,SYNTHETIC_RESEARCH_FIXTURE,OG-SYNTH-0.3,B1-0.3,build_opus_synthetic_programme_v0_3.py@0.3,20260812,True,5312c2ea7a1a83d0ba3102e8abd7d6a753737ac3902eaa303318dbc56df95c5b
REF-0178,156322336.34,523.519,0.144774,0.192526,AMBER,False,SYNTHETIC_RESEARCH_FIXTURE,OG-SYNTH-0.3,B1-0.3,build_opus_synthetic_programme_v0_3.py@0.3,20260812,True,35782b30a5666ea753dda1f38ecafa2db507dca7dd225d42c8d2c84531f9646f
REF-0179,287089104.01,893.951,0.208944,0.293707,RED,False,SYNTHETIC_RESEARCH_FIXTURE,OG-SYNTH-0.3,B1-0.3,build_opus_synthetic_programme_v0_3.py@0.3,20260812,True,6a93ce8c4cb9fd0e834bda7bef023c2b8c1bbab8a0e4ae42ef3da1a93f3c425c
REF-0180,205945381.19,688.802,0.155445,0.206309,AMBER,False,SYNTHETIC_RESEARCH_FIXTURE,OG-SYNTH-0.3,B1-0.3,build_opus_synthetic_programme_v0_3.py@0.3,20260812,True,8b3bcff53e159c31dbcae4db26f0800a89239de7668b97cf53f58d3fbefb346e
REF-0181,314284424.58,748.095,0.206957,0.195039,AMBER,False,SYNTHETIC_RESEARCH_FIXTURE,OG-SYNTH-0.3,B1-0.3,build_opus_synthetic_programme_v0_3.py@0.3,20260812,True,23447b398ed84bf246886f67e03eade4a1a8f96813f1b50ee202e0f18220b102
REF-0182,177611091.71,605.956,0.170355,0.132627,AMBER,False,SYNTHETIC_RESEARCH_FIXTURE,OG-SYNTH-0.3,B1-0.3,build_opus_synthetic_programme_v0_3.py@0.3,20260812,True,c91a332354e133e17f776ddaff0c5e30edfab8fae7d71bf02f64ec3208b88d27
REF-0183,292202304.83,742.005,0.146692,0.2184,AMBER,False,SYNTHETIC_RESEARCH_FIXTURE,OG-SYNTH-0.3,B1-0.3,build_opus_synthetic_programme_v0_3.py@0.3,20260812,True,e511b66d6a657949485dc92b9de9d6f8b671018cf9bc2c34e2eb8f7015b70d63
REF-0184,181494847.4,406.521,0.257526,0.199177,RED,False,SYNTHETIC_RESEARCH_FIXTURE,OG-SYNTH-0.3,B1-0.3,build_opus_synthetic_programme_v0_3.py@0.3,20260812,True,88711e54aee201c2650e556e58055add7c729144d803de940efbaf8e0a89a6fc
REF-0185,208500667.64,473.57,0.137114,0.132942,AMBER,False,SYNTHETIC_RESEARCH_FIXTURE,OG-SYNTH-0.3,B1-0.3,build_opus_synthetic_programme_v0_3.py@0.3,20260812,True,26ca725a15de61368f20c1e6f5482a7a33e6064ed98df8aa1f6b33c8a5c5cbc3
REF-0186,227627149.18,688.742,0.156446,0.163416,AMBER,False,SYNTHETIC_RESEARCH_FIXTURE,OG-SYNTH-0.3,B1-0.3,build_opus_synthetic_programme_v0_3.py@0.3,20260812,True,460e7988321d1a6734d9f4bae2844e1b7eaa1485d11cba6673323c0dc2efedaa
REF-0187,205312957.75,511.34,0.11987,0.078777,AMBER,False,SYNTHETIC_RESEARCH_FIXTURE,OG-SYNTH-0.3,B1-0.3,build_opus_synthetic_programme_v0_3.py@0.3,20260812,True,5a119a995939491fa56d46d58cb02781012dd5d3fe59727326633d75826a3215
REF-0188,153705543.67,460.737,0.106003,-0.004887,AMBER,False,SYNTHETIC_RESEARCH_FIXTURE,OG-SYNTH-0.3,B1-0.3,build_opus_synthetic_programme_v0_3.py@0.3,20260812,True,bf3efb0ac05b20624f2a9ba2f0152b6916d1950518bb4bdb5ee727bf2688fba9
REF-0189,319074806.93,881.022,0.442329,0.506021,RED,True,SYNTHETIC_RESEARCH_FIXTURE,OG-SYNTH-0.3,B1-0.3,build_opus_synthetic_programme_v0_3.py@0.3,20260812,True,9d8dd9191272b1b23a45c6a02d8014bf02afb7136ae9e4d6b97426be119c2c20
REF-0190,186835685.91,520.98,0.285666,0.155167,RED,False,SYNTHETIC_RESEARCH_FIXTURE,OG-SYNTH-0.3,B1-0.3,build_opus_synthetic_programme_v0_3.py@0.3,20260812,True,781da26d251b9936cb899665af4bb859e60c99f707441123c17678b3b6a82344
REF-0191,192824688.62,366.811,0.146077,0.098237,AMBER,False,SYNTHETIC_RESEARCH_FIXTURE,OG-SYNTH-0.3,B1-0.3,build_opus_synthetic_programme_v0_3.py@0.3,20260812,True,9f9688727d1b39f1429174476a1340aa11cff28088ce3cbddff85acee590d7d7
REF-0192,229857605.6,710.125,0.24509,0.147214,RED,False,SYNTHETIC_RESEARCH_FIXTURE,OG-SYNTH-0.3,B1-0.3,build_opus_synthetic_programme_v0_3.py@0.3,20260812,True,c06a8d04f934bfeb5e9b7acb1f1609a48229a844ed8a66584bb5eeae672a1153
REF-0193,320360046.26,873.639,0.183158,0.307843,RED,False,SYNTHETIC_RESEARCH_FIXTURE,OG-SYNTH-0.3,B1-0.3,build_opus_synthetic_programme_v0_3.py@0.3,20260812,True,e2e8e9181ef041304d633e3ea72aec342a77f4f21d05a157a5eb20ddb12b87ab
REF-0194,254167014.54,676.386,0.226485,0.212161,RED,False,SYNTHETIC_RESEARCH_FIXTURE,OG-SYNTH-0.3,B1-0.3,build_opus_synthetic_programme_v0_3.py@0.3,20260812,True,2f7b3ea67d376474f7d0f9d169c4619696f54c8b3bff0ce5b22a81dbc878ffd3
REF-0195,347446834.62,742.424,0.72886,0.559714,RED,True,SYNTHETIC_RESEARCH_FIXTURE,OG-SYNTH-0.3,B1-0.3,build_opus_synthetic_programme_v0_3.py@0.3,20260812,True,34521d1b8bbf19d2eb07dd14daba054456e70d87c4bd7d5d9911caf493238e41
REF-0196,179069729.15,556.6,0.190778,0.169328,AMBER,False,SYNTHETIC_RESEARCH_FIXTURE,OG-SYNTH-0.3,B1-0.3,build_opus_synthetic_programme_v0_3.py@0.3,20260812,True,21000b0521178aac6917a9c157c75fb4aab7a5536adc67f69c97043b48f71295
REF-0197,263901835.82,660.444,0.155386,0.146604,AMBER,False,SYNTHETIC_RESEARCH_FIXTURE,OG-SYNTH-0.3,B1-0.3,build_opus_synthetic_programme_v0_3.py@0.3,20260812,True,f213e64f0a5130de1128a43b4831a824fc85161146407296188c81dca75ac95b
REF-0198,259222203.25,782.873,0.281669,0.260666,RED,False,SYNTHETIC_RESEARCH_FIXTURE,OG-SYNTH-0.3,B1-0.3,build_opus_synthetic_programme_v0_3.py@0.3,20260812,True,e5eaadb1465244ba6b041a5bec01a507022e35c520b1145007a6c0c252d2177c
REF-0199,228536215.12,544.734,0.105962,0.012516,AMBER,False,SYNTHETIC_RESEARCH_FIXTURE,OG-SYNTH-0.3,B1-0.3,build_opus_synthetic_programme_v0_3.py@0.3,20260812,True,397ce6b2aa2c14c9a69f8d661d9ee100036ce27d9342e387bc532600a512db44
REF-0200,163786291.91,602.998,0.061085,0.15076,AMBER,False,SYNTHETIC_RESEARCH_FIXTURE,OG-SYNTH-0.3,B1-0.3,build_opus_synthetic_programme_v0_3.py@0.3,20260812,True,365b2b11f4a1b71479aa404ed14e63b7dcbc2ee03b9d884619bcfe706e4fa579
REF-0201,273584022.15,642.94,0.276496,0.112352,RED,False,SYNTHETIC_RESEARCH_FIXTURE,OG-SYNTH-0.3,B1-0.3,build_opus_synthetic_programme_v0_3.py@0.3,20260812,True,a848d7862dd29d06daeb2ead46777ded320995e07ca779065887848cf4716abb
REF-0202,94746100.6,409.605,0.030071,0.055683,GREEN,False,SYNTHETIC_RESEARCH_FIXTURE,OG-SYNTH-0.3,B1-0.3,build_opus_synthetic_programme_v0_3.py@0.3,20260812,True,2fd1115f60fcb2978aa1338e6728b48125d3cbe42c04a3b3185061841e6c780a
REF-0203,218603526.7,584.971,0.177846,0.263436,RED,False,SYNTHETIC_RESEARCH_FIXTURE,OG-SYNTH-0.3,B1-0.3,build_opus_synthetic_programme_v0_3.py@0.3,20260812,True,ac44500f491b260db719602dcd43f426d308654b9c74f2f9e2db9f246a4ac745
REF-0204,180948897.17,620.62,0.063413,0.1284,AMBER,False,SYNTHETIC_RESEARCH_FIXTURE,OG-SYNTH-0.3,B1-0.3,build_opus_synthetic_programme_v0_3.py@0.3,20260812,True,194b1fc5a6f003e35a6e14266afb078e22fee5bc58a90403935b2231add4f83c
REF-0205,231678254.46,691.691,0.154557,0.228581,RED,False,SYNTHETIC_RESEARCH_FIXTURE,OG-SYNTH-0.3,B1-0.3,build_opus_synthetic_programme_v0_3.py@0.3,20260812,True,60c9f20ead770888ab8d510f1affb3e96fb42b5c0cac6e502ef55be390d1c1f9
REF-0206,195293696.51,501.821,0.287575,0.236011,RED,False,SYNTHETIC_RESEARCH_FIXTURE,OG-SYNTH-0.3,B1-0.3,build_opus_synthetic_programme_v0_3.py@0.3,20260812,True,04a40996ad8222e7101e5664d409b5d193a2dcc993570bdbaadae744580083c6
REF-0207,276234533.34,722.221,0.205646,0.116261,AMBER,False,SYNTHETIC_RESEARCH_FIXTURE,OG-SYNTH-0.3,B1-0.3,build_opus_synthetic_programme_v0_3.py@0.3,20260812,True,b2775d0808751dd625d2f4f16ec760ba37865184bf9db8614ad06bb4066dba59
REF-0208,175570401.36,532.777,0.234449,0.250651,RED,False,SYNTHETIC_RESEARCH_FIXTURE,OG-SYNTH-0.3,B1-0.3,build_opus_synthetic_programme_v0_3.py@0.3,20260812,True,8c38647a0194196302a7348815ca2b2a854aa44dfa631f8a537d752fd25115a3
REF-0209,211623736.32,546.894,-0.055683,0.03775,GREEN,False,SYNTHETIC_RESEARCH_FIXTURE,OG-SYNTH-0.3,B1-0.3,build_opus_synthetic_programme_v0_3.py@0.3,20260812,True,0f67e7ef347b7c83b00a44f97338517d2b14bae6078305db7131fc2151cc36c3
REF-0210,171748360.54,641.943,0.068744,0.144283,AMBER,False,SYNTHETIC_RESEARCH_FIXTURE,OG-SYNTH-0.3,B1-0.3,build_opus_synthetic_programme_v0_3.py@0.3,20260812,True,86f3785457ccc56008fbf1be768e9cacecf2896595e251575d6bb227b6cb6d9b
REF-0211,231619192.53,685.06,0.114219,0.227707,RED,False,SYNTHETIC_RESEARCH_FIXTURE,OG-SYNTH-0.3,B1-0.3,build_opus_synthetic_programme_v0_3.py@0.3,20260812,True,3cbc935edf7c728c580ec8faf3b3fd176a7be8daa96eea9f4161cf106b779637
REF-0212,239568504.99,658.743,0.039019,0.176327,AMBER,False,SYNTHETIC_RESEARCH_FIXTURE,OG-SYNTH-0.3,B1-0.3,build_opus_synthetic_programme_v0_3.py@0.3,20260812,True,47cce71cb61ce5a163af4c85e60f4750004f665f151eef9f934993a1b4211324
REF-0213,238600355.56,572.13,0.108508,0.158157,AMBER,False,SYNTHETIC_RESEARCH_FIXTURE,OG-SYNTH-0.3,B1-0.3,build_opus_synthetic_programme_v0_3.py@0.3,20260812,True,3237d96a621e068bad57868373b629118c712e1c12af157d9fefa84f04c06c56
REF-0214,167990947.64,466.358,0.183636,0.243623,RED,False,SYNTHETIC_RESEARCH_FIXTURE,OG-SYNTH-0.3,B1-0.3,build_opus_synthetic_programme_v0_3.py@0.3,20260812,True,906cb0b5f44e3b065b2d0182ce142ad1a4d5d56f84fd09b101887fcd4256fda9
REF-0215,241573686.19,514.002,0.207047,0.19814,AMBER,False,SYNTHETIC_RESEARCH_FIXTURE,OG-SYNTH-0.3,B1-0.3,build_opus_synthetic_programme_v0_3.py@0.3,20260812,True,ca823e17ce21842f752922eda25055608ca3d74e13ec5f9a81d9d3f3528a271a
REF-0216,230638543.64,670.125,0.125818,0.236392,RED,False,SYNTHETIC_RESEARCH_FIXTURE,OG-SYNTH-0.3,B1-0.3,build_opus_synthetic_programme_v0_3.py@0.3,20260812,True,efecf5d57e9513bc8f79c3004fcde77d9fbe5a5873b8207713131904df9bcfd1
REF-0217,181559217.24,635.629,0.123408,0.1093,AMBER,False,SYNTHETIC_RESEARCH_FIXTURE,OG-SYNTH-0.3,B1-0.3,build_opus_synthetic_programme_v0_3.py@0.3,20260812,True,bd05548bed6f84020f8e30b0c76f437b88955c34b5f400ecac6152aac5ba48d1
REF-0218,156606743.33,582.834,0.245409,0.133918,RED,False,SYNTHETIC_RESEARCH_FIXTURE,OG-SYNTH-0.3,B1-0.3,build_opus_synthetic_programme_v0_3.py@0.3,20260812,True,875d73becf39290ffd7671b03f9399c0accb10ed467952dc4188e40eaf4c7eab
REF-0219,253966608.4,754.126,0.23869,0.234248,RED,False,SYNTHETIC_RESEARCH_FIXTURE,OG-SYNTH-0.3,B1-0.3,build_opus_synthetic_programme_v0_3.py@0.3,20260812,True,a41e1299e52aa1c3e49a8a96332db7ef2833983a13f9465a375993839c4fe2c3
REF-0220,181582081.92,755.11,0.10653,0.266963,RED,False,SYNTHETIC_RESEARCH_FIXTURE,OG-SYNTH-0.3,B1-0.3,build_opus_synthetic_programme_v0_3.py@0.3,20260812,True,4dcc94f73f074a3c8dd9d7bfa4750d6d427f7bcb238ac95f14292473a1d97f27
REF-0221,166265519.46,507.389,0.116331,0.107836,AMBER,False,SYNTHETIC_RESEARCH_FIXTURE,OG-SYNTH-0.3,B1-0.3,build_opus_synthetic_programme_v0_3.py@0.3,20260812,True,548747e5794d2c8ad1981dfffe7feb05d9fd803529331b9158d2f66befb3e494
REF-0222,230710382.84,690.791,0.319909,0.214043,RED,False,SYNTHETIC_RESEARCH_FIXTURE,OG-SYNTH-0.3,B1-0.3,build_opus_synthetic_programme_v0_3.py@0.3,20260812,True,338fbbd16a6be2718f8ca08fa235282ce2302f84b5bc0cacb454a78e7f344f05
REF-0223,140576874.17,553.785,0.044313,0.064971,GREEN,False,SYNTHETIC_RESEARCH_FIXTURE,OG-SYNTH-0.3,B1-0.3,build_opus_synthetic_programme_v0_3.py@0.3,20260812,True,268246107f8f8fceeb42289e35ab708917ec2dace3309180aa48cda8a7cd4271
REF-0224,124050868.17,407.804,-0.001289,0.126531,AMBER,False,SYNTHETIC_RESEARCH_FIXTURE,OG-SYNTH-0.3,B1-0.3,build_opus_synthetic_programme_v0_3.py@0.3,20260812,True,e54cb0ecd4de15104baa737e398f0b0b07441e52e4a7ab7eb35731fbb558ce66
REF-0225,196013268.46,623.113,0.091515,0.083675,AMBER,False,SYNTHETIC_RESEARCH_FIXTURE,OG-SYNTH-0.3,B1-0.3,build_opus_synthetic_programme_v0_3.py@0.3,20260812,True,af6da3f73c78082a17e38c901e3c82d3f97c6202653042206cd2db6bcfabab51
REF-0226,118578342.84,484.617,-0.000708,0.124401,AMBER,False,SYNTHETIC_RESEARCH_FIXTURE,OG-SYNTH-0.3,B1-0.3,build_opus_synthetic_programme_v0_3.py@0.3,20260812,True,2c491bc483b95b6bcdfd96bdcaff1fd6f9361d20b9416b95ae040512530837d2
REF-0227,181847602.69,663.049,0.09596,0.186135,AMBER,False,SYNTHETIC_RESEARCH_FIXTURE,OG-SYNTH-0.3,B1-0.3,build_opus_synthetic_programme_v0_3.py@0.3,20260812,True,dad181b8b9b7326f95a798a63bb88e9a01ecfb4dccf8b872c4ba5f5a3b1bd4e1
REF-0228,157718510.12,634.409,0.071048,0.062662,GREEN,False,SYNTHETIC_RESEARCH_FIXTURE,OG-SYNTH-0.3,B1-0.3,build_opus_synthetic_programme_v0_3.py@0.3,20260812,True,da257bb6c1c388553a8d0c5b372552ef88e891f5c6c2de321bae6d9586a71f63
REF-0229,169843860.26,548.551,0.161251,0.05898,AMBER,False,SYNTHETIC_RESEARCH_FIXTURE,OG-SYNTH-0.3,B1-0.3,build_opus_synthetic_programme_v0_3.py@0.3,20260812,True,ccd1511e9c1e9fefb4e49f82d5bcd947777129bbf0132c8a4819123a26593ad7
REF-0230,162148533.51,788.607,0.155397,0.187661,AMBER,False,SYNTHETIC_RESEARCH_FIXTURE,OG-SYNTH-0.3,B1-0.3,build_opus_synthetic_programme_v0_3.py@0.3,20260812,True,bb925df1cfdc29a17da5e7ea11757d63a3d76d87bbe0902e54f7f00e981c8f09
REF-0231,235028471.44,742.224,0.11561,0.13144,AMBER,False,SYNTHETIC_RESEARCH_FIXTURE,OG-SYNTH-0.3,B1-0.3,build_opus_synthetic_programme_v0_3.py@0.3,20260812,True,6e891276d17375c220044c9b892d8edbbfa7e611158318f9da04771f745bec21
REF-0232,178966770.0,496.884,0.221392,0.22991,RED,False,SYNTHETIC_RESEARCH_FIXTURE,OG-SYNTH-0.3,B1-0.3,build_opus_synthetic_programme_v0_3.py@0.3,20260812,True,21c15f53eb3295416afcd5b89985abf27f849205d71cb901351969f520773414
REF-0233,118908385.79,544.638,0.055213,0.065828,GREEN,False,SYNTHETIC_RESEARCH_FIXTURE,OG-SYNTH-0.3,B1-0.3,build_opus_synthetic_programme_v0_3.py@0.3,20260812,True,313d414b044b3debf0bc1b649ac6d65d2f41ec5a6104fa3e223235a21bc4503c
REF-0234,158174493.41,622.92,0.085416,0.197923,AMBER,False,SYNTHETIC_RESEARCH_FIXTURE,OG-SYNTH-0.3,B1-0.3,build_opus_synthetic_programme_v0_3.py@0.3,20260812,True,13781db9caaad48d56aff85a59ff09dd9d2b7af6535126c300e61727208c0c62
REF-0235,221109053.41,808.068,0.141785,0.256716,RED,False,SYNTHETIC_RESEARCH_FIXTURE,OG-SYNTH-0.3,B1-0.3,build_opus_synthetic_programme_v0_3.py@0.3,20260812,True,a9d2f4b0b2a322b497feeed707c8ffbb8da61de35511eb6d8a1b45a0dc938d70
REF-0236,234369674.77,847.67,0.291016,0.237474,RED,False,SYNTHETIC_RESEARCH_FIXTURE,OG-SYNTH-0.3,B1-0.3,build_opus_synthetic_programme_v0_3.py@0.3,20260812,True,da224a75ad074d2a2af926ba6df1fba7ecd188d62bbc63ccdd82130c389b5455
REF-0237,234140422.91,566.854,0.159513,0.051676,AMBER,False,SYNTHETIC_RESEARCH_FIXTURE,OG-SYNTH-0.3,B1-0.3,build_opus_synthetic_programme_v0_3.py@0.3,20260812,True,e317e78a564f2ab27d6f8f7a4950ea792c32f0ca726bbcb67e0721e986d9d897
REF-0238,114609647.5,366.33,0.114831,0.103405,AMBER,False,SYNTHETIC_RESEARCH_FIXTURE,OG-SYNTH-0.3,B1-0.3,build_opus_synthetic_programme_v0_3.py@0.3,20260812,True,85283050bb42dd74e41dc768f2cf094e354bced61b3eeac042f9b90c99bd7121
REF-0239,279945526.84,472.729,0.737076,0.342981,RED,True,SYNTHETIC_RESEARCH_FIXTURE,OG-SYNTH-0.3,B1-0.3,build_opus_synthetic_programme_v0_3.py@0.3,20260812,True,a01b8248d7ae033b0e91e418cf38dddf277f98e0a6832a1d2d06b4dade0e4691
REF-0240,189871646.09,770.052,0.106394,0.220367,RED,False,SYNTHETIC_RESEARCH_FIXTURE,OG-SYNTH-0.3,B1-0.3,build_opus_synthetic_programme_v0_3.py@0.3,20260812,True,3df67c27d4622a1e79dd5fdc702ba6be5b92a4c52766eec529075fe3aa769d1a
REF-0241,216475839.52,806.494,0.143806,0.193038,AMBER,False,SYNTHETIC_RESEARCH_FIXTURE,OG-SYNTH-0.3,B1-0.3,build_opus_synthetic_programme_v0_3.py@0.3,20260812,True,12d6a9004c9308e18364d90bed4aadd2ac22bf2603aba3356b5807d826464d5d
REF-0242,154460670.01,552.593,0.149094,0.07718,AMBER,False,SYNTHETIC_RESEARCH_FIXTURE,OG-SYNTH-0.3,B1-0.3,build_opus_synthetic_programme_v0_3.py@0.3,20260812,True,9e29d044163b7c45fae465d9bc56451fd076dbbf2f58affe84aaa15b21d95c9a
REF-0243,315563364.31,1020.679,0.588903,0.646257,RED,True,SYNTHETIC_RESEARCH_FIXTURE,OG-SYNTH-0.3,B1-0.3,build_opus_synthetic_programme_v0_3.py@0.3,20260812,True,6e02d1bebc628fa2b4ee546a765c65e8f6c9735e2543635e54a14b6c3d9b9a5b
REF-0244,127484360.47,448.932,0.10454,0.151108,AMBER,False,SYNTHETIC_RESEARCH_FIXTURE,OG-SYNTH-0.3,B1-0.3,build_opus_synthetic_programme_v0_3.py@0.3,20260812,True,9bad05243f55a560d7c85217f18d8b4614356171e65ecb547294dcc5c0f1dc53
REF-0245,236342277.79,937.663,0.47496,0.723645,RED,True,SYNTHETIC_RESEARCH_FIXTURE,OG-SYNTH-0.3,B1-0.3,build_opus_synthetic_programme_v0_3.py@0.3,20260812,True,7a4062ae27ac6376bcc4272af4d9dd25507c923a3dcd17262996b0109d234089
REF-0246,197543660.75,733.23,0.147332,0.198088,AMBER,False,SYNTHETIC_RESEARCH_FIXTURE,OG-SYNTH-0.3,B1-0.3,build_opus_synthetic_programme_v0_3.py@0.3,20260812,True,c58c20d89456c3681426508cc62794f615d35126b154e2bf6c25f17a71f05c8c
REF-0247,176515181.01,640.75,0.146076,0.154505,AMBER,False,SYNTHETIC_RESEARCH_FIXTURE,OG-SYNTH-0.3,B1-0.3,build_opus_synthetic_programme_v0_3.py@0.3,20260812,True,8b1200e19971b91e8cf7b54efd521a243fe993d4a92db2b1e934d214f136fcdd
REF-0248,265387683.23,819.891,0.551132,0.399131,RED,True,SYNTHETIC_RESEARCH_FIXTURE,OG-SYNTH-0.3,B1-0.3,build_opus_synthetic_programme_v0_3.py@0.3,20260812,True,8ed9473e6feaf7fce39932c549a9075dcd91676d598c915df76a37ca0f81a5c9
REF-0249,183147025.68,530.977,0.162242,0.068365,AMBER,False,SYNTHETIC_RESEARCH_FIXTURE,OG-SYNTH-0.3,B1-0.3,build_opus_synthetic_programme_v0_3.py@0.3,20260812,True,be26e50bcf023c41881338f92eaef89c52867cc6c9db7e1c1f0dfcad77b1b356
REF-0250,125672285.06,576.154,0.141472,0.134161,AMBER,False,SYNTHETIC_RESEARCH_FIXTURE,OG-SYNTH-0.3,B1-0.3,build_opus_synthetic_programme_v0_3.py@0.3,20260812,True,ceea20e5d1e0797fa52312bc7c7bbc1ab5e3c106ec009989d2a93fe3a8f6aae5
REF-0251,245910853.84,784.02,0.192553,0.232736,RED,False,SYNTHETIC_RESEARCH_FIXTURE,OG-SYNTH-0.3,B1-0.3,build_opus_synthetic_programme_v0_3.py@0.3,20260812,True,0d6816e519c2a12d759198001d01739facc6286aae40494362f6dc198877823c
REF-0252,142838991.82,601.665,0.103427,0.035567,AMBER,False,SYNTHETIC_RESEARCH_FIXTURE,OG-SYNTH-0.3,B1-0.3,build_opus_synthetic_programme_v0_3.py@0.3,20260812,True,36d0c0989228d7e7a239568c924dd9694eb36f8b6c28fda581ed0d7cd157e7cf
REF-0253,178226625.48,762.762,0.046222,0.288449,RED,False,SYNTHETIC_RESEARCH_FIXTURE,OG-SYNTH-0.3,B1-0.3,build_opus_synthetic_programme_v0_3.py@0.3,20260812,True,87a03c97c0dfc2bdaf0ae66fe614e1c8ddd441f9eaba7ca330124fd5d94307b3
REF-0254,157829537.1,510.366,0.158741,0.129127,AMBER,False,SYNTHETIC_RESEARCH_FIXTURE,OG-SYNTH-0.3,B1-0.3,build_opus_synthetic_programme_v0_3.py@0.3,20260812,True,401258ad260d4d4ab7c32cacaf2287170e05353328263e1466ae2ff93be8ec14
REF-0255,185448513.09,726.376,0.03392,0.10224,AMBER,False,SYNTHETIC_RESEARCH_FIXTURE,OG-SYNTH-0.3,B1-0.3,build_opus_synthetic_programme_v0_3.py@0.3,20260812,True,2ad01a0d2bfbc2d48414067f36c2041e7979c2d64318d5bf17a765d688d37501
REF-0256,129859127.57,610.596,0.17395,0.154246,AMBER,False,SYNTHETIC_RESEARCH_FIXTURE,OG-SYNTH-0.3,B1-0.3,build_opus_synthetic_programme_v0_3.py@0.3,20260812,True,08ef50454c5eb6940d0f7c94929ca4e3e79e832d4453fcb3a91bbecfbb944b1f
REF-0257,143735623.01,452.863,0.054765,0.010856,GREEN,False,SYNTHETIC_RESEARCH_FIXTURE,OG-SYNTH-0.3,B1-0.3,build_opus_synthetic_programme_v0_3.py@0.3,20260812,True,779bed70a10b4bfb83bf9c0d396d23c0358d760ce870a076cfc581d04df9f0a1
REF-0258,173873198.93,797.463,0.196335,0.165882,AMBER,False,SYNTHETIC_RESEARCH_FIXTURE,OG-SYNTH-0.3,B1-0.3,build_opus_synthetic_programme_v0_3.py@0.3,20260812,True,3da19c6a3f61c05ec799a2e1dbf5fb4022cf8fc61bb7e7a4174fd16df6d325c2
REF-0259,215629291.88,754.777,0.216642,0.186757,AMBER,False,SYNTHETIC_RESEARCH_FIXTURE,OG-SYNTH-0.3,B1-0.3,build_opus_synthetic_programme_v0_3.py@0.3,20260812,True,472ff9715b6ad0eab498f19b046be957fe0dbf665768d6fec65e10cc6732dc9a
REF-0260,186962695.89,705.021,0.188098,0.291247,RED,False,SYNTHETIC_RESEARCH_FIXTURE,OG-SYNTH-0.3,B1-0.3,build_opus_synthetic_programme_v0_3.py@0.3,20260812,True,52444e1e09a068fc323e379426c2d7262467218741630ec9714cb45d5a432a58
REF-0261,218985933.42,786.853,0.200518,0.246993,RED,False,SYNTHETIC_RESEARCH_FIXTURE,OG-SYNTH-0.3,B1-0.3,build_opus_synthetic_programme_v0_3.py@0.3,20260812,True,ed16dd7302b9f9e54d289f1d1ce31a929acca7b84969d8f0109463f5c751e706
REF-0262,131481423.46,387.8,0.12273,0.089327,AMBER,False,SYNTHETIC_RESEARCH_FIXTURE,OG-SYNTH-0.3,B1-0.3,build_opus_synthetic_programme_v0_3.py@0.3,20260812,True,80445e8bd183b2bff08c1b020a53d535ca8cf67438aad5c5edb677f5f84548d4
REF-0263,219596912.56,432.624,0.287197,-0.023423,RED,False,SYNTHETIC_RESEARCH_FIXTURE,OG-SYNTH-0.3,B1-0.3,build_opus_synthetic_programme_v0_3.py@0.3,20260812,True,28c4a9c817586ae88bdc78f0940941f12e59e81ab357a382d538509a084c45b6
REF-0264,208379052.56,533.129,0.216644,-0.042856,AMBER,False,SYNTHETIC_RESEARCH_FIXTURE,OG-SYNTH-0.3,B1-0.3,build_opus_synthetic_programme_v0_3.py@0.3,20260812,True,dc51c5ffcc7d427031703a3364bc43da582924dbd0c0892ce3afd0f0e70a835a
REF-0265,262106378.61,633.825,0.192565,0.117857,AMBER,False,SYNTHETIC_RESEARCH_FIXTURE,OG-SYNTH-0.3,B1-0.3,build_opus_synthetic_programme_v0_3.py@0.3,20260812,True,c22492c30ae0bfe97b827c3ba4e7b8d664bc705e5aa7ba706cd3a2ef25963b2a
REF-0266,300382680.75,914.614,0.26008,0.256339,RED,False,SYNTHETIC_RESEARCH_FIXTURE,OG-SYNTH-0.3,B1-0.3,build_opus_synthetic_programme_v0_3.py@0.3,20260812,True,a923233716f3f56987d9f88b0c8c5d88e1fee83c53c6d705ba67ec7500286213
REF-0267,281034334.69,536.165,0.231246,0.072331,RED,False,SYNTHETIC_RESEARCH_FIXTURE,OG-SYNTH-0.3,B1-0.3,build_opus_synthetic_programme_v0_3.py@0.3,20260812,True,7282fb4f852cd600f03da4c50501cdd6f09cf99b0dee981935f0844d821dc55d
REF-0268,206547971.11,554.942,0.188911,0.071318,AMBER,False,SYNTHETIC_RESEARCH_FIXTURE,OG-SYNTH-0.3,B1-0.3,build_opus_synthetic_programme_v0_3.py@0.3,20260812,True,b195877339569dd8442db1c1532c457d4c5d43c9bb707f53f02e0e336a33c20c
REF-0269,352376492.41,780.181,0.731566,0.54186,RED,True,SYNTHETIC_RESEARCH_FIXTURE,OG-SYNTH-0.3,B1-0.3,build_opus_synthetic_programme_v0_3.py@0.3,20260812,True,d1bdca36528141f5b3670bfe31d8d832ec6ffd558f5813c3d3fac917df917d20
REF-0270,178808122.51,455.94,0.013143,0.004272,GREEN,False,SYNTHETIC_RESEARCH_FIXTURE,OG-SYNTH-0.3,B1-0.3,build_opus_synthetic_programme_v0_3.py@0.3,20260812,True,5aaf4a50cec005c13f1cff9eee15a1abdf50e4f56de415947b65678950cb699d
REF-0271,180092288.57,653.592,0.052807,0.124944,AMBER,False,SYNTHETIC_RESEARCH_FIXTURE,OG-SYNTH-0.3,B1-0.3,build_opus_synthetic_programme_v0_3.py@0.3,20260812,True,27e2437ced5255bc1684e92de580d0d40f56db2efaf1bd3f2aece019d9437cc9
REF-0272,130919552.6,482.16,-0.042045,0.06437,GREEN,False,SYNTHETIC_RESEARCH_FIXTURE,OG-SYNTH-0.3,B1-0.3,build_opus_synthetic_programme_v0_3.py@0.3,20260812,True,3d5a53dae3031df5cc119d9b6b3eff5101c996f8fc4e1e22c916dad94cfecca5
REF-0273,246245017.65,661.405,0.132487,0.061645,AMBER,False,SYNTHETIC_RESEARCH_FIXTURE,OG-SYNTH-0.3,B1-0.3,build_opus_synthetic_programme_v0_3.py@0.3,20260812,True,e3c0ac327a597755598aea9540823ccb7690fb5f458d2718d1a05ec07475c411
REF-0274,144968579.1,543.455,0.141034,0.153832,AMBER,False,SYNTHETIC_RESEARCH_FIXTURE,OG-SYNTH-0.3,B1-0.3,build_opus_synthetic_programme_v0_3.py@0.3,20260812,True,6a000faa6d38af649c2ff699c84f0ff97fd3db681c8f656aea24db6defee6cfc
REF-0275,218354337.22,677.313,0.122067,0.20091,AMBER,False,SYNTHETIC_RESEARCH_FIXTURE,OG-SYNTH-0.3,B1-0.3,build_opus_synthetic_programme_v0_3.py@0.3,20260812,True,4d69f154ad8dd2e84533aa9e41a8b367ce5f84d51b161a198101faa1c9c2e88a
REF-0276,218315898.07,759.954,0.153143,0.127528,AMBER,False,SYNTHETIC_RESEARCH_FIXTURE,OG-SYNTH-0.3,B1-0.3,build_opus_synthetic_programme_v0_3.py@0.3,20260812,True,db6491458ec9b974fd63f483be056ca67216426c41c0da49cd7f29e3034568fc
REF-0277,238145492.68,691.384,0.189851,0.217225,AMBER,False,SYNTHETIC_RESEARCH_FIXTURE,OG-SYNTH-0.3,B1-0.3,build_opus_synthetic_programme_v0_3.py@0.3,20260812,True,85c1907e85115b16f94faaf9295ea7158f38e313cb5bf9a8da10373443150a92
REF-0278,197433455.18,712.926,0.249026,0.200213,RED,False,SYNTHETIC_RESEARCH_FIXTURE,OG-SYNTH-0.3,B1-0.3,build_opus_synthetic_programme_v0_3.py@0.3,20260812,True,e4f8c529bc3b01ce9b85803bd072b0b7d21285269df03096d48f8c0a374d5d47
REF-0279,259902174.95,713.054,0.182144,0.192397,AMBER,False,SYNTHETIC_RESEARCH_FIXTURE,OG-SYNTH-0.3,B1-0.3,build_opus_synthetic_programme_v0_3.py@0.3,20260812,True,81e3ff0783facad798e9a1a23242cc5c7a32a5cfb399bb0504c1e8d2ebf0b7dc
REF-0280,189929528.07,506.916,0.099541,0.170707,AMBER,False,SYNTHETIC_RESEARCH_FIXTURE,OG-SYNTH-0.3,B1-0.3,build_opus_synthetic_programme_v0_3.py@0.3,20260812,True,fd73cbbdb3190527c926aafb304811f3da45bc65972344b5977aca4628fc5e07
REF-0281,203658282.34,612.986,0.12251,0.133061,AMBER,False,SYNTHETIC_RESEARCH_FIXTURE,OG-SYNTH-0.3,B1-0.3,build_opus_synthetic_programme_v0_3.py@0.3,20260812,True,856460069cbefe11a3864073925c787700cfb3a8d4e46cd6f781af716f38ad43
REF-0282,247281767.04,802.524,0.123084,0.206803,AMBER,False,SYNTHETIC_RESEARCH_FIXTURE,OG-SYNTH-0.3,B1-0.3,build_opus_synthetic_programme_v0_3.py@0.3,20260812,True,8a1e7ef06405d833258e8b6277b8b5a98b5e7da0be19649fc40476dac6d255f9
REF-0283,287575798.62,777.968,0.289722,0.217477,RED,False,SYNTHETIC_RESEARCH_FIXTURE,OG-SYNTH-0.3,B1-0.3,build_opus_synthetic_programme_v0_3.py@0.3,20260812,True,4c69a456fd9d9274e3d94b0d50db041b3080fab6601e2a30cd6827e478399ccc
REF-0284,164030608.16,492.916,0.091608,0.13314,AMBER,False,SYNTHETIC_RESEARCH_FIXTURE,OG-SYNTH-0.3,B1-0.3,build_opus_synthetic_programme_v0_3.py@0.3,20260812,True,85f6961a6b8cadc1284f08f2bf92f3b800eefe129605d9eb1d291da4e47aa005
REF-0285,248122293.51,654.623,0.26147,0.228185,RED,False,SYNTHETIC_RESEARCH_FIXTURE,OG-SYNTH-0.3,B1-0.3,build_opus_synthetic_programme_v0_3.py@0.3,20260812,True,c2625032382bb2719f4637d2b47bcce6f2203637793b424d984afbeaacb40cef
REF-0286,136889527.88,331.402,0.09565,0.138838,AMBER,False,SYNTHETIC_RESEARCH_FIXTURE,OG-SYNTH-0.3,B1-0.3,build_opus_synthetic_programme_v0_3.py@0.3,20260812,True,70b8e3eb1e484d3f88fb9a067ea74744200cb55f7cef76420f40c812d084ecfd
REF-0287,151945603.96,373.645,0.155306,0.067557,AMBER,False,SYNTHETIC_RESEARCH_FIXTURE,OG-SYNTH-0.3,B1-0.3,build_opus_synthetic_programme_v0_3.py@0.3,20260812,True,942f064209886e9dafbeb7de460c332d14c0921d8c4385d55ff090a5190b23ea
REF-0288,259423165.51,853.491,0.254772,0.22628,RED,False,SYNTHETIC_RESEARCH_FIXTURE,OG-SYNTH-0.3,B1-0.3,build_opus_synthetic_programme_v0_3.py@0.3,20260812,True,1242bc76f618819135454e8a5b66d8245c9bdbdda16a96e11e9c14dd6e8f8635
REF-0289,199582343.18,653.428,0.091492,0.148379,AMBER,False,SYNTHETIC_RESEARCH_FIXTURE,OG-SYNTH-0.3,B1-0.3,build_opus_synthetic_programme_v0_3.py@0.3,20260812,True,f4dfe4299e8bef73ca866c3672a86d7ae94dec892deff9ee2d5bb4f04b7b7ef4
REF-0290,202346433.66,750.571,0.175894,0.197083,AMBER,False,SYNTHETIC_RESEARCH_FIXTURE,OG-SYNTH-0.3,B1-0.3,build_opus_synthetic_programme_v0_3.py@0.3,20260812,True,98e927f816792729226cc489a79d7debdbcca31a21cbe61646d738eb05a94ca0
REF-0291,257499962.1,651.611,0.101315,0.125408,AMBER,False,SYNTHETIC_RESEARCH_FIXTURE,OG-SYNTH-0.3,B1-0.3,build_opus_synthetic_programme_v0_3.py@0.3,20260812,True,9d1f27e99a9b20d47f2ab09cddb52376a065c0a90586701e0c6d31c994148163
REF-0292,193194610.39,483.888,0.250775,0.344133,RED,False,SYNTHETIC_RESEARCH_FIXTURE,OG-SYNTH-0.3,B1-0.3,build_opus_synthetic_programme_v0_3.py@0.3,20260812,True,80dfa2b563308200615e06389ba400f61381408cc4aa7e45c2ff992a0fca7a02
REF-0293,216240564.49,494.574,0.214771,0.106429,AMBER,False,SYNTHETIC_RESEARCH_FIXTURE,OG-SYNTH-0.3,B1-0.3,build_opus_synthetic_programme_v0_3.py@0.3,20260812,True,d636710cc19f7291353deb1dc10bfff3b12f3a6f47209bc8698140555e47f57f
REF-0294,408134959.01,837.718,0.75,0.419862,RED,True,SYNTHETIC_RESEARCH_FIXTURE,OG-SYNTH-0.3,B1-0.3,build_opus_synthetic_programme_v0_3.py@0.3,20260812,True,e47e8821a741720cdc56cb8ded85d577396d326bb1c3ecbea3b22a4aca88ef7a
REF-0295,202566677.1,642.277,0.112603,0.169904,AMBER,False,SYNTHETIC_RESEARCH_FIXTURE,OG-SYNTH-0.3,B1-0.3,build_opus_synthetic_programme_v0_3.py@0.3,20260812,True,7ce688b77b5bc1f1eeb6b3dd941a9b9cda75eb889f8f6fefe9af12238375943a
REF-0296,187437951.29,499.807,0.119348,0.198577,AMBER,False,SYNTHETIC_RESEARCH_FIXTURE,OG-SYNTH-0.3,B1-0.3,build_opus_synthetic_programme_v0_3.py@0.3,20260812,True,a930704f36bea92e77f6a7ce3ee57a111148e2753947a84cfeb9345c9caaeafc
REF-0297,245665528.72,647.354,0.108335,0.08799,AMBER,False,SYNTHETIC_RESEARCH_FIXTURE,OG-SYNTH-0.3,B1-0.3,build_opus_synthetic_programme_v0_3.py@0.3,20260812,True,f683f60d498a22bb58a52d092430b48bf2c38aa4563763bb9969539015192902
REF-0298,221196923.01,599.427,0.202619,0.267287,RED,False,SYNTHETIC_RESEARCH_FIXTURE,OG-SYNTH-0.3,B1-0.3,build_opus_synthetic_programme_v0_3.py@0.3,20260812,True,9ac11473c7ff82fdacfb2aba9d662ba644153e1b7a1679ff1f1e7f4a7a53b529
REF-0299,238819473.29,466.431,0.13737,0.137637,AMBER,False,SYNTHETIC_RESEARCH_FIXTURE,OG-SYNTH-0.3,B1-0.3,build_opus_synthetic_programme_v0_3.py@0.3,20260812,True,c200a9879b104be03dc9188ed41644020f2dde74a88e8eab6b2c1fb4115d844d
REF-0300,305978740.19,799.059,0.289457,0.171641,RED,False,SYNTHETIC_RESEARCH_FIXTURE,OG-SYNTH-0.3,B1-0.3,build_opus_synthetic_programme_v0_3.py@0.3,20260812,True,be3fbbe2c0b87dfd5f80803a8f4d50c85300f5c1be56ef90ef7186f30afaa125
REF-0301,234131639.76,535.054,0.135309,0.023048,AMBER,False,SYNTHETIC_RESEARCH_FIXTURE,OG-SYNTH-0.3,B1-0.3,build_opus_synthetic_programme_v0_3.py@0.3,20260812,True,ecdc07359bf7d3a2e240b94cd4d0f9fd3c64393d7ba1fd9128c4e970509b7aa8
REF-0302,231140021.35,593.259,0.277945,0.179441,RED,False,SYNTHETIC_RESEARCH_FIXTURE,OG-SYNTH-0.3,B1-0.3,build_opus_synthetic_programme_v0_3.py@0.3,20260812,True,85671bbf52ed834b62917f7444dfff1f0eeeb572e646fdf97544457770fff48d
REF-0303,228494690.76,564.172,0.065194,0.175358,AMBER,False,SYNTHETIC_RESEARCH_FIXTURE,OG-SYNTH-0.3,B1-0.3,build_opus_synthetic_programme_v0_3.py@0.3,20260812,True,724a831f6967810f5ef0ba27ac5d67ad2677f573c05e44412b232b5f3b087fef
REF-0304,199770699.94,451.841,0.135624,0.20491,AMBER,False,SYNTHETIC_RESEARCH_FIXTURE,OG-SYNTH-0.3,B1-0.3,build_opus_synthetic_programme_v0_3.py@0.3,20260812,True,2903c621d2300c924036798b483856b0ce959a1ab67f07b5fa8053779d47aa55
REF-0305,235934440.15,617.069,0.236663,0.111837,RED,False,SYNTHETIC_RESEARCH_FIXTURE,OG-SYNTH-0.3,B1-0.3,build_opus_synthetic_programme_v0_3.py@0.3,20260812,True,730f54f71b933fb7bf56e02db9517964781b57c1fdf8056571cf2aff5a7fbc68
REF-0306,202697356.61,610.406,0.094688,0.113879,AMBER,False,SYNTHETIC_RESEARCH_FIXTURE,OG-SYNTH-0.3,B1-0.3,build_opus_synthetic_programme_v0_3.py@0.3,20260812,True,a63a20c272c5725f56decaf4a69992e4caf58c08dc775f6a113a50057c21e351
REF-0307,306155868.83,1051.115,0.438789,0.689895,RED,True,SYNTHETIC_RESEARCH_FIXTURE,OG-SYNTH-0.3,B1-0.3,build_opus_synthetic_programme_v0_3.py@0.3,20260812,True,03fb746507c12d7b81129386f34878ebedf47c72f9b72b227ab8c81eae8a24fa
REF-0308,192574765.56,648.42,0.069111,0.178945,AMBER,False,SYNTHETIC_RESEARCH_FIXTURE,OG-SYNTH-0.3,B1-0.3,build_opus_synthetic_programme_v0_3.py@0.3,20260812,True,9a2360a4b0e34b98c272376f050d79497b2dc6f33b5ffe2d8650ef514ceef170
REF-0309,239514622.48,555.117,0.118166,-0.037925,AMBER,False,SYNTHETIC_RESEARCH_FIXTURE,OG-SYNTH-0.3,B1-0.3,build_opus_synthetic_programme_v0_3.py@0.3,20260812,True,9237321456c68f5955fa90ee99454c507507dd005818124278e551bca88ec435
REF-0310,182140081.91,412.791,0.086185,0.134041,AMBER,False,SYNTHETIC_RESEARCH_FIXTURE,OG-SYNTH-0.3,B1-0.3,build_opus_synthetic_programme_v0_3.py@0.3,20260812,True,bfc7ba77d554d1ca9fe4286c533385fe2a4873652e7f814d2d59fbd2bff6069d
REF-0311,167960949.68,400.988,0.034739,0.314714,RED,False,SYNTHETIC_RESEARCH_FIXTURE,OG-SYNTH-0.3,B1-0.3,build_opus_synthetic_programme_v0_3.py@0.3,20260812,True,8576c76e590c3aee6b8c359ab1597b9687290bce62448207540364ceb6f59b06
REF-0312,161821096.8,479.923,0.222651,0.07606,RED,False,SYNTHETIC_RESEARCH_FIXTURE,OG-SYNTH-0.3,B1-0.3,build_opus_synthetic_programme_v0_3.py@0.3,20260812,True,07f27b4ddb40c8e831ce1a1d5847b2e155d8c345a59bf0cb38478a1b34f5587f
REF-0313,191109633.78,633.144,0.15094,0.187888,AMBER,False,SYNTHETIC_RESEARCH_FIXTURE,OG-SYNTH-0.3,B1-0.3,build_opus_synthetic_programme_v0_3.py@0.3,20260812,True,e4b2c10d6d91f640bf2c79044cfb3f41c1ab7769930884b1ba0e48aa4f9a86fc
REF-0314,156434873.7,587.308,0.201281,0.246938,RED,False,SYNTHETIC_RESEARCH_FIXTURE,OG-SYNTH-0.3,B1-0.3,build_opus_synthetic_programme_v0_3.py@0.3,20260812,True,31fd813c1619c467686a622a9bbc87ceb284eeefb7203d1bd5d26d29e2a094b1
REF-0315,233534845.54,695.939,0.17762,0.159899,AMBER,False,SYNTHETIC_RESEARCH_FIXTURE,OG-SYNTH-0.3,B1-0.3,build_opus_synthetic_programme_v0_3.py@0.3,20260812,True,12faf91cd644878c3428d1c430735754df5484866020fedabe6ffc6b9e7a5552
REF-0316,209562120.39,822.259,0.226909,0.27482,RED,False,SYNTHETIC_RESEARCH_FIXTURE,OG-SYNTH-0.3,B1-0.3,build_opus_synthetic_programme_v0_3.py@0.3,20260812,True,cb6dbd3f488952755204498ee3e5c142276738435149eb5ff7b66214453c47ad
REF-0317,162649192.59,419.159,0.14296,0.20448,AMBER,False,SYNTHETIC_RESEARCH_FIXTURE,OG-SYNTH-0.3,B1-0.3,build_opus_synthetic_programme_v0_3.py@0.3,20260812,True,47db3dde09a45b7f812db7409fccc406314dd6e8ace741a79fd56c37dd4163b9
REF-0318,225148101.46,739.883,0.245178,0.161511,RED,False,SYNTHETIC_RESEARCH_FIXTURE,OG-SYNTH-0.3,B1-0.3,build_opus_synthetic_programme_v0_3.py@0.3,20260812,True,5182c31044a1a470ea9e2e480d09a9936c40111a750c05b663cbbc7b25fad6e8
REF-0319,195314707.31,712.984,0.155183,0.121043,AMBER,False,SYNTHETIC_RESEARCH_FIXTURE,OG-SYNTH-0.3,B1-0.3,build_opus_synthetic_programme_v0_3.py@0.3,20260812,True,34d511ad16201897344cfd234ae25acad37d09f33b5521030307509cffd3d75f
REF-0320,151593295.38,644.739,0.19306,0.223413,RED,False,SYNTHETIC_RESEARCH_FIXTURE,OG-SYNTH-0.3,B1-0.3,build_opus_synthetic_programme_v0_3.py@0.3,20260812,True,6fc6d6183fb0a73694dc7a1930ae4419c278b0232b1d3eef32fc27a465a489da
REF-0321,262456445.43,967.976,0.503737,0.551244,RED,True,SYNTHETIC_RESEARCH_FIXTURE,OG-SYNTH-0.3,B1-0.3,build_opus_synthetic_programme_v0_3.py@0.3,20260812,True,aeb0a78539159146db34ecb326212f0744ba7df89a9ebba567411c9fbe6de5de
REF-0322,114379569.1,574.517,0.152378,0.153648,AMBER,False,SYNTHETIC_RESEARCH_FIXTURE,OG-SYNTH-0.3,B1-0.3,build_opus_synthetic_programme_v0_3.py@0.3,20260812,True,61275a6e10a4115d0b40006b3c0a166085328da4cf69b67c9617264d955715b7
REF-0323,145462532.0,447.673,0.117637,0.187461,AMBER,False,SYNTHETIC_RESEARCH_FIXTURE,OG-SYNTH-0.3,B1-0.3,build_opus_synthetic_programme_v0_3.py@0.3,20260812,True,4a84f3df6c00635545acef0940bcf9fed9fd23011046e9f51fd1abbb72032601
REF-0324,201052263.16,743.791,0.146033,0.275799,RED,False,SYNTHETIC_RESEARCH_FIXTURE,OG-SYNTH-0.3,B1-0.3,build_opus_synthetic_programme_v0_3.py@0.3,20260812,True,4919d9565623bdc4fb15d8211ebe5347065a59e5653005fb83bd8db14a830222
REF-0325,224221168.14,688.233,0.256171,0.228987,RED,False,SYNTHETIC_RESEARCH_FIXTURE,OG-SYNTH-0.3,B1-0.3,build_opus_synthetic_programme_v0_3.py@0.3,20260812,True,0779801dd15957c32b81a6067fb877786a2bf642dc8d5de18fd0405d87da44c4
REF-0326,113513909.17,328.864,0.07798,0.096213,AMBER,False,SYNTHETIC_RESEARCH_FIXTURE,OG-SYNTH-0.3,B1-0.3,build_opus_synthetic_programme_v0_3.py@0.3,20260812,True,55f7678976b85800588b69aec2748d0e9784829dc5c8b660586f9d57447578e0
REF-0327,232806971.11,766.485,0.105704,0.090305,AMBER,False,SYNTHETIC_RESEARCH_FIXTURE,OG-SYNTH-0.3,B1-0.3,build_opus_synthetic_programme_v0_3.py@0.3,20260812,True,f7f9f7cdac18212b180bfdf280ef6e4bacdeb2b7efca2fd47a9ca0f1652e433e
REF-0328,165674952.21,675.527,0.540266,0.535288,RED,True,SYNTHETIC_RESEARCH_FIXTURE,OG-SYNTH-0.3,B1-0.3,build_opus_synthetic_programme_v0_3.py@0.3,20260812,True,c8f8cebf97af0aeb68cf1a2c1a22c1c60336cd4a017d79ef31a1e6c5577c67ab
REF-0329,150786438.85,463.232,0.156359,0.155192,AMBER,False,SYNTHETIC_RESEARCH_FIXTURE,OG-SYNTH-0.3,B1-0.3,build_opus_synthetic_programme_v0_3.py@0.3,20260812,True,9ffa27eca254eeae8f6b280ea72bf83356dd799a5642375216ebdb04620535c7
REF-0330,188764783.16,714.548,0.211859,0.282851,RED,False,SYNTHETIC_RESEARCH_FIXTURE,OG-SYNTH-0.3,B1-0.3,build_opus_synthetic_programme_v0_3.py@0.3,20260812,True,347ec1166ae7183e75bf0dd7a4e13df9f0495dc5fd8ab1828c1457c2f20cd7cf
REF-0331,202845836.45,597.094,0.079373,0.143858,AMBER,False,SYNTHETIC_RESEARCH_FIXTURE,OG-SYNTH-0.3,B1-0.3,build_opus_synthetic_programme_v0_3.py@0.3,20260812,True,b62073223c56b5fc3862b3c248b33ba99100c6d3805c883e4a21b8f36ca8e46b
REF-0332,158307132.04,564.417,0.207674,0.024351,AMBER,False,SYNTHETIC_RESEARCH_FIXTURE,OG-SYNTH-0.3,B1-0.3,build_opus_synthetic_programme_v0_3.py@0.3,20260812,True,8c630bc8ca6e6f675fc2ee44220db4d35f77b487bf7bf6a7ea2346b3ba66232b
REF-0333,221543468.29,681.32,0.186267,0.150879,AMBER,False,SYNTHETIC_RESEARCH_FIXTURE,OG-SYNTH-0.3,B1-0.3,build_opus_synthetic_programme_v0_3.py@0.3,20260812,True,e2c984f854431c836a3175a51e1effe6838600a14057f3c766bdb6147c042bda
REF-0334,92918740.66,400.262,0.012712,0.093611,AMBER,False,SYNTHETIC_RESEARCH_FIXTURE,OG-SYNTH-0.3,B1-0.3,build_opus_synthetic_programme_v0_3.py@0.3,20260812,True,bd4f89ec650c09dcf58eca84c5b69e462b4e2c59218a8eba8772b37e58d9c5e4
REF-0335,163378781.93,387.261,0.062216,0.142362,AMBER,False,SYNTHETIC_RESEARCH_FIXTURE,OG-SYNTH-0.3,B1-0.3,build_opus_synthetic_programme_v0_3.py@0.3,20260812,True,bcf58bda887ef1a065df9acd229f4f5764d3bf7f32277588faf0f0eea9e57221
REF-0336,163786500.83,604.888,0.180415,0.303639,RED,False,SYNTHETIC_RESEARCH_FIXTURE,OG-SYNTH-0.3,B1-0.3,build_opus_synthetic_programme_v0_3.py@0.3,20260812,True,b30e2c573569f7a85718c00fce54702245b4ff62ab82a920dfb9678a152a982a
REF-0337,149698380.54,499.783,0.03188,-0.018109,GREEN,False,SYNTHETIC_RESEARCH_FIXTURE,OG-SYNTH-0.3,B1-0.3,build_opus_synthetic_programme_v0_3.py@0.3,20260812,True,e7c7b87bceb6802f8e54f8e4c2d5175ded4c1e6bdd4386fd9410336174f35207
REF-0338,155044011.86,596.035,0.186646,0.107872,AMBER,False,SYNTHETIC_RESEARCH_FIXTURE,OG-SYNTH-0.3,B1-0.3,build_opus_synthetic_programme_v0_3.py@0.3,20260812,True,66891eefbe60bf8b225a059a615e01191fc66b85de0a1f19a03d03ee090f69af
REF-0339,210389294.27,710.679,0.17822,0.153699,AMBER,False,SYNTHETIC_RESEARCH_FIXTURE,OG-SYNTH-0.3,B1-0.3,build_opus_synthetic_programme_v0_3.py@0.3,20260812,True,e94f79f10290251a5ba9f4a3a7fe79c734b5492e541eb06fda1ef899b28c977a
REF-0340,124996154.08,483.549,0.182739,0.259243,RED,False,SYNTHETIC_RESEARCH_FIXTURE,OG-SYNTH-0.3,B1-0.3,build_opus_synthetic_programme_v0_3.py@0.3,20260812,True,56c829cbd3fe61262db4ecb0b14800e67fe39a1897cc113a582d7fdba75d717a
REF-0341,200560594.6,521.591,0.300371,0.241883,RED,False,SYNTHETIC_RESEARCH_FIXTURE,OG-SYNTH-0.3,B1-0.3,build_opus_synthetic_programme_v0_3.py@0.3,20260812,True,330057a085be61516770f296244f3d68eda66f2f52108e6a4b2d592cd08fa305
REF-0342,194742626.16,659.47,0.195033,0.106493,AMBER,False,SYNTHETIC_RESEARCH_FIXTURE,OG-SYNTH-0.3,B1-0.3,build_opus_synthetic_programme_v0_3.py@0.3,20260812,True,4331ebfaaa3818011d861243ae487f17f6e89dcbbc473cd613cbac8105d9310f
REF-0343,205765603.26,755.886,0.207866,0.155789,AMBER,False,SYNTHETIC_RESEARCH_FIXTURE,OG-SYNTH-0.3,B1-0.3,build_opus_synthetic_programme_v0_3.py@0.3,20260812,True,fa8a4de53d3fff8221c3cf8d83a10c50be245271ccdcd93556af61e80c921afd
REF-0344,144827775.45,682.026,0.027319,0.188199,AMBER,False,SYNTHETIC_RESEARCH_FIXTURE,OG-SYNTH-0.3,B1-0.3,build_opus_synthetic_programme_v0_3.py@0.3,20260812,True,9f539fbd8d9b7a4ce8644629eb8ca745b472094b1bda6d8b5acddfe2f9e0f111
REF-0345,206846682.46,787.819,0.164372,0.295754,RED,False,SYNTHETIC_RESEARCH_FIXTURE,OG-SYNTH-0.3,B1-0.3,build_opus_synthetic_programme_v0_3.py@0.3,20260812,True,c5564de62c6a3701bbe356ca2c7502dfa72db42b837063f5c1a83cb0c3101983
REF-0346,127579508.9,547.085,0.066352,0.174001,AMBER,False,SYNTHETIC_RESEARCH_FIXTURE,OG-SYNTH-0.3,B1-0.3,build_opus_synthetic_programme_v0_3.py@0.3,20260812,True,e21347be2e2cf7fa03222f21070188a62f9d28b917451abb3b5866ccbf6143a1
REF-0347,163832006.04,498.954,0.099482,0.014133,AMBER,False,SYNTHETIC_RESEARCH_FIXTURE,OG-SYNTH-0.3,B1-0.3,build_opus_synthetic_programme_v0_3.py@0.3,20260812,True,bffc3f19eee398bc35bf6bfd34c76ec652a89862e974708f6fdc864ae3c0407f
REF-0348,128770358.65,491.634,0.131578,0.090097,AMBER,False,SYNTHETIC_RESEARCH_FIXTURE,OG-SYNTH-0.3,B1-0.3,build_opus_synthetic_programme_v0_3.py@0.3,20260812,True,0b29a666ed80eacb58f86aa05af504a595bccdfd0340b59248a46323abd86e56
REF-0349,212459345.53,722.065,0.148533,0.147957,AMBER,False,SYNTHETIC_RESEARCH_FIXTURE,OG-SYNTH-0.3,B1-0.3,build_opus_synthetic_programme_v0_3.py@0.3,20260812,True,eeefbaa843513d153f21a5c0f7ca21dc0f223fb11d314be9dceeacb68c33e15f
REF-0350,169183922.44,527.099,0.326763,0.181837,RED,False,SYNTHETIC_RESEARCH_FIXTURE,OG-SYNTH-0.3,B1-0.3,build_opus_synthetic_programme_v0_3.py@0.3,20260812,True,2f2113e681d82f0100655904155ca70e064bfb3fca23dea220979bc28fadd380
REF-0351,253987951.32,750.571,0.314179,0.156503,RED,False,SYNTHETIC_RESEARCH_FIXTURE,OG-SYNTH-0.3,B1-0.3,build_opus_synthetic_programme_v0_3.py@0.3,20260812,True,52d62b231df04c78526c45f8b61a7934af915da0c8edf921fc4da1ed5f6d9d8f
REF-0352,163279631.87,638.858,0.440992,0.442118,RED,True,SYNTHETIC_RESEARCH_FIXTURE,OG-SYNTH-0.3,B1-0.3,build_opus_synthetic_programme_v0_3.py@0.3,20260812,True,6c3feb85adbaa6f46e51b189e10a1aa1705f8487ab502db78c454943dfd03788
REF-0353,217196749.87,650.278,0.401802,0.422929,RED,True,SYNTHETIC_RESEARCH_FIXTURE,OG-SYNTH-0.3,B1-0.3,build_opus_synthetic_programme_v0_3.py@0.3,20260812,True,f447c5929e89f73e166128616746380db34528a8c412c9a9d3b3b35d02170dd4
REF-0354,161150518.45,620.512,0.170055,0.11804,AMBER,False,SYNTHETIC_RESEARCH_FIXTURE,OG-SYNTH-0.3,B1-0.3,build_opus_synthetic_programme_v0_3.py@0.3,20260812,True,877a5d1ae18d6692cf83b3fcd93fac3df6c5978ae182d5b5ef1068afa611003e
REF-0355,189253259.62,654.241,0.193359,0.046786,AMBER,False,SYNTHETIC_RESEARCH_FIXTURE,OG-SYNTH-0.3,B1-0.3,build_opus_synthetic_programme_v0_3.py@0.3,20260812,True,5f1eb2ee7f4e857bdf835872c7f6a5c8adc7ba8ed91b616b9adc72f51e4922e5
REF-0356,127527988.33,480.021,0.000472,0.145634,AMBER,False,SYNTHETIC_RESEARCH_FIXTURE,OG-SYNTH-0.3,B1-0.3,build_opus_synthetic_programme_v0_3.py@0.3,20260812,True,9131fbd6312ff90284cc5f874f8802774039ab228b3d891d7fc77206224ba166
REF-0357,232030162.98,735.78,0.143068,0.147862,AMBER,False,SYNTHETIC_RESEARCH_FIXTURE,OG-SYNTH-0.3,B1-0.3,build_opus_synthetic_programme_v0_3.py@0.3,20260812,True,309282eee397cdb1f2afd60f96fb411d37c78b716e172387d28234e17a0170b8
REF-0358,109106279.21,451.417,0.047514,0.145728,AMBER,False,SYNTHETIC_RESEARCH_FIXTURE,OG-SYNTH-0.3,B1-0.3,build_opus_synthetic_programme_v0_3.py@0.3,20260812,True,4ca3337b78c595e88425efa1f7898ce62ce418fcb75c6e7dec48eae835fb00b7
REF-0359,223276663.18,556.292,0.193342,0.163791,AMBER,False,SYNTHETIC_RESEARCH_FIXTURE,OG-SYNTH-0.3,B1-0.3,build_opus_synthetic_programme_v0_3.py@0.3,20260812,True,5597b9b9945a722d87c117d740ade737c524774d567ffef615a7050c08a93c30
REF-0360,166424129.95,678.065,0.13,0.149262,AMBER,False,SYNTHETIC_RESEARCH_FIXTURE,OG-SYNTH-0.3,B1-0.3,build_opus_synthetic_programme_v0_3.py@0.3,20260812,True,8ca9226eb4d9ec8c824fdcc26e1a7cd35a664fea1b2b274399b11c63d5f80a38
