project_id,entity_id,entity_type,priority,data_origin,programme_version,package_version,generator_version,random_seed,not_for_empirical_validation,record_hash
PRJ-AIR,PRJ-AIR-ITEM-001,LONG_LEAD_ITEM,NORMAL,SYNTHETIC_RESEARCH_FIXTURE,OG-SYNTH-0.2,A-0.2,build_opus_synthetic_programme_v0_2.py@0.2,20260811,True,4860e572d7a05d805c37af596f527fc2312c735403f652fe499db45cce4699fa
PRJ-AIR,PRJ-AIR-ITEM-002,LONG_LEAD_ITEM,NORMAL,SYNTHETIC_RESEARCH_FIXTURE,OG-SYNTH-0.2,A-0.2,build_opus_synthetic_programme_v0_2.py@0.2,20260811,True,32e2ca97bcf256481c207cb3dc7d9dac7c9860892e68f2af2cabb2315b77ca74
PRJ-AIR,PRJ-AIR-ITEM-003,LONG_LEAD_ITEM,NORMAL,SYNTHETIC_RESEARCH_FIXTURE,OG-SYNTH-0.2,A-0.2,build_opus_synthetic_programme_v0_2.py@0.2,20260811,True,979ff908d5f762b4b34e298a0e7bc475faf6027e2e6b0b234ac6c9b687d99ba0
PRJ-AIR,PRJ-AIR-ITEM-004,LONG_LEAD_ITEM,NORMAL,SYNTHETIC_RESEARCH_FIXTURE,OG-SYNTH-0.2,A-0.2,build_opus_synthetic_programme_v0_2.py@0.2,20260811,True,90bc6254d3161f11f7b09ff00107a684f581cf4f0f4b949269f8d9f306b57c3a
PRJ-AIR,PRJ-AIR-ITEM-005,LONG_LEAD_ITEM,CRITICAL,SYNTHETIC_RESEARCH_FIXTURE,OG-SYNTH-0.2,A-0.2,build_opus_synthetic_programme_v0_2.py@0.2,20260811,True,0c26b74715fecebb7f6544cc90bf8976d654c3f999f757839190a88f9c2867d1
PRJ-AIR,PRJ-AIR-ITEM-006,LONG_LEAD_ITEM,NORMAL,SYNTHETIC_RESEARCH_FIXTURE,OG-SYNTH-0.2,A-0.2,build_opus_synthetic_programme_v0_2.py@0.2,20260811,True,1929c72cf2c2b014a2f8b1bc8a412cbeaf5e4acd58a68f4005fba4b0e941abde
PRJ-AIR,PRJ-AIR-ITEM-007,LONG_LEAD_ITEM,NORMAL,SYNTHETIC_RESEARCH_FIXTURE,OG-SYNTH-0.2,A-0.2,build_opus_synthetic_programme_v0_2.py@0.2,20260811,True,e18982bf0b13881cd37e462b2fd865a83ed3e3cf8bc99d58c8ceba57810f04d4
PRJ-AIR,PRJ-AIR-ITEM-008,LONG_LEAD_ITEM,NORMAL,SYNTHETIC_RESEARCH_FIXTURE,OG-SYNTH-0.2,A-0.2,build_opus_synthetic_programme_v0_2.py@0.2,20260811,True,60dd29b52774e47076b2c74099b7607031c1f81c79c876a0d409cf1554b6a39b
PRJ-AIR,PRJ-AIR-ITEM-009,LONG_LEAD_ITEM,NORMAL,SYNTHETIC_RESEARCH_FIXTURE,OG-SYNTH-0.2,A-0.2,build_opus_synthetic_programme_v0_2.py@0.2,20260811,True,f518bb27d430e973080df6406aabbea2df11ba8c1a56b5c7724fea3937962af4
PRJ-AIR,PRJ-AIR-ITEM-010,LONG_LEAD_ITEM,CRITICAL,SYNTHETIC_RESEARCH_FIXTURE,OG-SYNTH-0.2,A-0.2,build_opus_synthetic_programme_v0_2.py@0.2,20260811,True,cac1f7f8c46b31afd83b0de7ed24eeb0b2a208cd58948e9d1e82f901cd86305b
PRJ-AIR,PRJ-AIR-ITEM-011,LONG_LEAD_ITEM,NORMAL,SYNTHETIC_RESEARCH_FIXTURE,OG-SYNTH-0.2,A-0.2,build_opus_synthetic_programme_v0_2.py@0.2,20260811,True,523349a212f528125597289f357048767c616fee6e61d4db2a724bdbfdda3612
PRJ-AIR,PRJ-AIR-ITEM-012,LONG_LEAD_ITEM,NORMAL,SYNTHETIC_RESEARCH_FIXTURE,OG-SYNTH-0.2,A-0.2,build_opus_synthetic_programme_v0_2.py@0.2,20260811,True,ec3ec0d30ea8653f63556e731facd6b948018ebdde79c1277a4612ca9315cd0f
PRJ-AIR,PRJ-AIR-ITEM-013,LONG_LEAD_ITEM,NORMAL,SYNTHETIC_RESEARCH_FIXTURE,OG-SYNTH-0.2,A-0.2,build_opus_synthetic_programme_v0_2.py@0.2,20260811,True,0df0785fce642c75a6e258a87d8bfe4bd474fc829b5ab93f267ef4a06ff531ab
PRJ-AIR,PRJ-AIR-ITEM-014,LONG_LEAD_ITEM,NORMAL,SYNTHETIC_RESEARCH_FIXTURE,OG-SYNTH-0.2,A-0.2,build_opus_synthetic_programme_v0_2.py@0.2,20260811,True,c850e5d485c1f6b54506c392a37108114b84509c0d9e6e35ad4124b33b516feb
PRJ-AIR,PRJ-AIR-ITEM-015,LONG_LEAD_ITEM,CRITICAL,SYNTHETIC_RESEARCH_FIXTURE,OG-SYNTH-0.2,A-0.2,build_opus_synthetic_programme_v0_2.py@0.2,20260811,True,7c3cd896052b4e955b162b3980a59cbecd37c053813b0da7d224cec16250c78d
PRJ-AIR,PRJ-AIR-ITEM-016,LONG_LEAD_ITEM,NORMAL,SYNTHETIC_RESEARCH_FIXTURE,OG-SYNTH-0.2,A-0.2,build_opus_synthetic_programme_v0_2.py@0.2,20260811,True,067e2c5b67d7b4b31d1c7ba86d6b8c50301e3494c21a4e1f6dd93c9ce410245f
PRJ-AIR,PRJ-AIR-ITEM-017,LONG_LEAD_ITEM,NORMAL,SYNTHETIC_RESEARCH_FIXTURE,OG-SYNTH-0.2,A-0.2,build_opus_synthetic_programme_v0_2.py@0.2,20260811,True,7f2c3c48f8dc7915f8ee4e7afc6fd81002cf9bf492e6462d6c5d34e9c0db328a
PRJ-AIR,PRJ-AIR-ITEM-018,LONG_LEAD_ITEM,NORMAL,SYNTHETIC_RESEARCH_FIXTURE,OG-SYNTH-0.2,A-0.2,build_opus_synthetic_programme_v0_2.py@0.2,20260811,True,4bfc85173a26fcb996c5bc3a06ad7c863be6b1c196c222bb24afe185bcce2922
PRJ-AIR,PRJ-AIR-ITEM-019,LONG_LEAD_ITEM,NORMAL,SYNTHETIC_RESEARCH_FIXTURE,OG-SYNTH-0.2,A-0.2,build_opus_synthetic_programme_v0_2.py@0.2,20260811,True,f95b0809a2f302d8313654bd427adc1ec12a0013959cd1109511c4579e8e4331
PRJ-AIR,PRJ-AIR-ITEM-020,LONG_LEAD_ITEM,CRITICAL,SYNTHETIC_RESEARCH_FIXTURE,OG-SYNTH-0.2,A-0.2,build_opus_synthetic_programme_v0_2.py@0.2,20260811,True,874b7512fc3fd179ac47e015ec12469af5100cbb5274321bf4e2220530fa6376
PRJ-HWY,PRJ-HWY-ITEM-001,LONG_LEAD_ITEM,NORMAL,SYNTHETIC_RESEARCH_FIXTURE,OG-SYNTH-0.2,A-0.2,build_opus_synthetic_programme_v0_2.py@0.2,20260811,True,04d6bdcaeb35a204488b38e02458995a779363f411b7f77e6d8e9280a2e52a28
PRJ-HWY,PRJ-HWY-ITEM-002,LONG_LEAD_ITEM,NORMAL,SYNTHETIC_RESEARCH_FIXTURE,OG-SYNTH-0.2,A-0.2,build_opus_synthetic_programme_v0_2.py@0.2,20260811,True,858293974ba35f1bd4b2215e202dc7ed0e4fc9b0257e689d088d97dfa48f354c
PRJ-HWY,PRJ-HWY-ITEM-003,LONG_LEAD_ITEM,NORMAL,SYNTHETIC_RESEARCH_FIXTURE,OG-SYNTH-0.2,A-0.2,build_opus_synthetic_programme_v0_2.py@0.2,20260811,True,aef5d2977449b02c308e895078bbe8070624b84ab9b8c5534def3e356446a66f
PRJ-HWY,PRJ-HWY-ITEM-004,LONG_LEAD_ITEM,NORMAL,SYNTHETIC_RESEARCH_FIXTURE,OG-SYNTH-0.2,A-0.2,build_opus_synthetic_programme_v0_2.py@0.2,20260811,True,de0f6ced944e04f824a95619caf5a02c82227077c77d11a21d1eb5799855396d
PRJ-HWY,PRJ-HWY-ITEM-005,LONG_LEAD_ITEM,CRITICAL,SYNTHETIC_RESEARCH_FIXTURE,OG-SYNTH-0.2,A-0.2,build_opus_synthetic_programme_v0_2.py@0.2,20260811,True,7b1e371f711942c5ea7936f56b69180b1cae1c2be98458b4ac1c3c84f4318c95
PRJ-HWY,PRJ-HWY-ITEM-006,LONG_LEAD_ITEM,NORMAL,SYNTHETIC_RESEARCH_FIXTURE,OG-SYNTH-0.2,A-0.2,build_opus_synthetic_programme_v0_2.py@0.2,20260811,True,0a61706613f399acd58c890864552766df9a4da504fcf4dc8748c96f16400eba
PRJ-HWY,PRJ-HWY-ITEM-007,LONG_LEAD_ITEM,NORMAL,SYNTHETIC_RESEARCH_FIXTURE,OG-SYNTH-0.2,A-0.2,build_opus_synthetic_programme_v0_2.py@0.2,20260811,True,9ee1c702404990aeda99fe0d84da862d0a106acf968eea9a1e97df8f025e2320
PRJ-HWY,PRJ-HWY-ITEM-008,LONG_LEAD_ITEM,NORMAL,SYNTHETIC_RESEARCH_FIXTURE,OG-SYNTH-0.2,A-0.2,build_opus_synthetic_programme_v0_2.py@0.2,20260811,True,56507e3cc244328fc347753d4bf8b2088e8667967d4f6c57280151d53769b5a4
PRJ-HWY,PRJ-HWY-ITEM-009,LONG_LEAD_ITEM,NORMAL,SYNTHETIC_RESEARCH_FIXTURE,OG-SYNTH-0.2,A-0.2,build_opus_synthetic_programme_v0_2.py@0.2,20260811,True,9bddaad62b987a7b4da66e465b63cf6915049100b20f6660612d1a2aa00844ae
PRJ-HWY,PRJ-HWY-ITEM-010,LONG_LEAD_ITEM,CRITICAL,SYNTHETIC_RESEARCH_FIXTURE,OG-SYNTH-0.2,A-0.2,build_opus_synthetic_programme_v0_2.py@0.2,20260811,True,1a73c9bfdb46c39c1ea948a62d89bda688fabbd97333bda3489edfb32c04f99c
PRJ-HWY,PRJ-HWY-ITEM-011,LONG_LEAD_ITEM,NORMAL,SYNTHETIC_RESEARCH_FIXTURE,OG-SYNTH-0.2,A-0.2,build_opus_synthetic_programme_v0_2.py@0.2,20260811,True,0abc07c62606d25af1b0c561b3b123396596e05817080104ddfe6b094ed3facb
PRJ-HWY,PRJ-HWY-ITEM-012,LONG_LEAD_ITEM,NORMAL,SYNTHETIC_RESEARCH_FIXTURE,OG-SYNTH-0.2,A-0.2,build_opus_synthetic_programme_v0_2.py@0.2,20260811,True,c4c7167b2f79c8d43f3f5184758aa1a2880aec4e26f1f6636ba519fe5a2249ad
PRJ-HWY,PRJ-HWY-ITEM-013,LONG_LEAD_ITEM,NORMAL,SYNTHETIC_RESEARCH_FIXTURE,OG-SYNTH-0.2,A-0.2,build_opus_synthetic_programme_v0_2.py@0.2,20260811,True,acd1996102412b1c67769b25a5162149600db2926fbddbd889688f8d5a56b7fe
PRJ-HWY,PRJ-HWY-ITEM-014,LONG_LEAD_ITEM,NORMAL,SYNTHETIC_RESEARCH_FIXTURE,OG-SYNTH-0.2,A-0.2,build_opus_synthetic_programme_v0_2.py@0.2,20260811,True,dd547481be3957e142f2d386a50453e75876fc05130af56a4ca6aca6fc6ed357
PRJ-HWY,PRJ-HWY-ITEM-015,LONG_LEAD_ITEM,CRITICAL,SYNTHETIC_RESEARCH_FIXTURE,OG-SYNTH-0.2,A-0.2,build_opus_synthetic_programme_v0_2.py@0.2,20260811,True,294c0fd82523ffd68d242663e846cb988e9a3a697a10ce1cd145a274998efcb7
PRJ-HWY,PRJ-HWY-ITEM-016,LONG_LEAD_ITEM,NORMAL,SYNTHETIC_RESEARCH_FIXTURE,OG-SYNTH-0.2,A-0.2,build_opus_synthetic_programme_v0_2.py@0.2,20260811,True,6f411f455c5de455d72d819e3be59568355c1a08fa76053bd60e13744d4407f4
PRJ-HWY,PRJ-HWY-ITEM-017,LONG_LEAD_ITEM,NORMAL,SYNTHETIC_RESEARCH_FIXTURE,OG-SYNTH-0.2,A-0.2,build_opus_synthetic_programme_v0_2.py@0.2,20260811,True,257d8eca3f2564b5d4fc8592a55bf2cd7ddf35c8697445c79a1ceff350c728a0
PRJ-HWY,PRJ-HWY-ITEM-018,LONG_LEAD_ITEM,NORMAL,SYNTHETIC_RESEARCH_FIXTURE,OG-SYNTH-0.2,A-0.2,build_opus_synthetic_programme_v0_2.py@0.2,20260811,True,e4739149f4e3682e0be3df8e69afe70ce2c31736d920f7dfcb21db865cbb48df
PRJ-HWY,PRJ-HWY-ITEM-019,LONG_LEAD_ITEM,NORMAL,SYNTHETIC_RESEARCH_FIXTURE,OG-SYNTH-0.2,A-0.2,build_opus_synthetic_programme_v0_2.py@0.2,20260811,True,d9ccdce1efabc065bcb3381524368dfa9166f23fd8f36d0b13545d7c61163a66
PRJ-HWY,PRJ-HWY-ITEM-020,LONG_LEAD_ITEM,CRITICAL,SYNTHETIC_RESEARCH_FIXTURE,OG-SYNTH-0.2,A-0.2,build_opus_synthetic_programme_v0_2.py@0.2,20260811,True,e3a94191d924ae3808ce128e82a84cdfca2c5a8319fecfc78921c9e855847d07
PRJ-HSP,PRJ-HSP-ITEM-001,LONG_LEAD_ITEM,NORMAL,SYNTHETIC_RESEARCH_FIXTURE,OG-SYNTH-0.2,A-0.2,build_opus_synthetic_programme_v0_2.py@0.2,20260811,True,fc363b41a084da742052586a7d725e3328154f7bad40d0e57dc6d359318f84c2
PRJ-HSP,PRJ-HSP-ITEM-002,LONG_LEAD_ITEM,NORMAL,SYNTHETIC_RESEARCH_FIXTURE,OG-SYNTH-0.2,A-0.2,build_opus_synthetic_programme_v0_2.py@0.2,20260811,True,3c70ee096f93a66e19d85e640d7856ce82c8e4b6fd69603b7d41852cf663bff9
PRJ-HSP,PRJ-HSP-ITEM-003,LONG_LEAD_ITEM,NORMAL,SYNTHETIC_RESEARCH_FIXTURE,OG-SYNTH-0.2,A-0.2,build_opus_synthetic_programme_v0_2.py@0.2,20260811,True,1a5f44c09197e67e58fee3497ba554ec4edefaadc5848371ee27078384a96778
PRJ-HSP,PRJ-HSP-ITEM-004,LONG_LEAD_ITEM,NORMAL,SYNTHETIC_RESEARCH_FIXTURE,OG-SYNTH-0.2,A-0.2,build_opus_synthetic_programme_v0_2.py@0.2,20260811,True,e30e087e2bbe1005d1780fb33b5d8f8865e441dc9b69d9ffc5264f304ade6f9b
PRJ-HSP,PRJ-HSP-ITEM-005,LONG_LEAD_ITEM,CRITICAL,SYNTHETIC_RESEARCH_FIXTURE,OG-SYNTH-0.2,A-0.2,build_opus_synthetic_programme_v0_2.py@0.2,20260811,True,338688794d74e8816e4a651fd6c02caa1e93e74ed85583a5883259fc65214713
PRJ-HSP,PRJ-HSP-ITEM-006,LONG_LEAD_ITEM,NORMAL,SYNTHETIC_RESEARCH_FIXTURE,OG-SYNTH-0.2,A-0.2,build_opus_synthetic_programme_v0_2.py@0.2,20260811,True,4341a76c196329f7ad4ce3c5ddffc1f1e71f3d12f5a54db61cc8cdb23cb12816
PRJ-HSP,PRJ-HSP-ITEM-007,LONG_LEAD_ITEM,NORMAL,SYNTHETIC_RESEARCH_FIXTURE,OG-SYNTH-0.2,A-0.2,build_opus_synthetic_programme_v0_2.py@0.2,20260811,True,0f2f8493fcfcfad20bf14ebfb9e299078c245679aa30be3514cea09e886dacf0
PRJ-HSP,PRJ-HSP-ITEM-008,LONG_LEAD_ITEM,NORMAL,SYNTHETIC_RESEARCH_FIXTURE,OG-SYNTH-0.2,A-0.2,build_opus_synthetic_programme_v0_2.py@0.2,20260811,True,c2116dfcac7a0394db0d31c8d76f2a5fc8a09c5e2b6df5e436dceb4b742076ea
PRJ-HSP,PRJ-HSP-ITEM-009,LONG_LEAD_ITEM,NORMAL,SYNTHETIC_RESEARCH_FIXTURE,OG-SYNTH-0.2,A-0.2,build_opus_synthetic_programme_v0_2.py@0.2,20260811,True,2fd655ee47b2bae9d21473332088fd67c29f710ef9542c5c331045ed133b233e
PRJ-HSP,PRJ-HSP-ITEM-010,LONG_LEAD_ITEM,CRITICAL,SYNTHETIC_RESEARCH_FIXTURE,OG-SYNTH-0.2,A-0.2,build_opus_synthetic_programme_v0_2.py@0.2,20260811,True,1c2666ea09184d85c98a651af37b7a8473c805702f174b07e3c75fec17b153be
PRJ-HSP,PRJ-HSP-ITEM-011,LONG_LEAD_ITEM,NORMAL,SYNTHETIC_RESEARCH_FIXTURE,OG-SYNTH-0.2,A-0.2,build_opus_synthetic_programme_v0_2.py@0.2,20260811,True,d4b9eb8742cf49a5711f321e0d311807fad80f01cb81c4aa703f7f77be6cb84b
PRJ-HSP,PRJ-HSP-ITEM-012,LONG_LEAD_ITEM,NORMAL,SYNTHETIC_RESEARCH_FIXTURE,OG-SYNTH-0.2,A-0.2,build_opus_synthetic_programme_v0_2.py@0.2,20260811,True,18932bbcb428692a1f88210eadfb171f8e68241eaf483a21eb89ba753f48b179
PRJ-HSP,PRJ-HSP-ITEM-013,LONG_LEAD_ITEM,NORMAL,SYNTHETIC_RESEARCH_FIXTURE,OG-SYNTH-0.2,A-0.2,build_opus_synthetic_programme_v0_2.py@0.2,20260811,True,3625382603fb19ae71e6e78a5d2e526171105e7a5645e8a2c10957f9945ce3dd
PRJ-HSP,PRJ-HSP-ITEM-014,LONG_LEAD_ITEM,NORMAL,SYNTHETIC_RESEARCH_FIXTURE,OG-SYNTH-0.2,A-0.2,build_opus_synthetic_programme_v0_2.py@0.2,20260811,True,272bac9234cf69bed1814ff40355d4d6a99c7a823732f4753bf5c211cc848090
PRJ-HSP,PRJ-HSP-ITEM-015,LONG_LEAD_ITEM,CRITICAL,SYNTHETIC_RESEARCH_FIXTURE,OG-SYNTH-0.2,A-0.2,build_opus_synthetic_programme_v0_2.py@0.2,20260811,True,9a4baab6241c6a5a6d8482b3eb30bb05194f6b84f56762c866b9e1034a6b2065
PRJ-HSP,PRJ-HSP-ITEM-016,LONG_LEAD_ITEM,NORMAL,SYNTHETIC_RESEARCH_FIXTURE,OG-SYNTH-0.2,A-0.2,build_opus_synthetic_programme_v0_2.py@0.2,20260811,True,5f120e0e8824efe2d6671ce322ece1e2bf8d455d58db2f02bd9615b1d638ec59
PRJ-HSP,PRJ-HSP-ITEM-017,LONG_LEAD_ITEM,NORMAL,SYNTHETIC_RESEARCH_FIXTURE,OG-SYNTH-0.2,A-0.2,build_opus_synthetic_programme_v0_2.py@0.2,20260811,True,83b41e46b87399d05d713306355ddfde685073d812ca5ca427853b9b03cb2717
PRJ-HSP,PRJ-HSP-ITEM-018,LONG_LEAD_ITEM,NORMAL,SYNTHETIC_RESEARCH_FIXTURE,OG-SYNTH-0.2,A-0.2,build_opus_synthetic_programme_v0_2.py@0.2,20260811,True,f579f2c05c82a0a7293b5bf61896810d22f9102b70694ed88e237c82fbc3eb43
PRJ-HSP,PRJ-HSP-ITEM-019,LONG_LEAD_ITEM,NORMAL,SYNTHETIC_RESEARCH_FIXTURE,OG-SYNTH-0.2,A-0.2,build_opus_synthetic_programme_v0_2.py@0.2,20260811,True,461d71dc2c48b0d5980ba622aea2dfe577ba9cd7503d714b487db8a23f5399c8
PRJ-HSP,PRJ-HSP-ITEM-020,LONG_LEAD_ITEM,CRITICAL,SYNTHETIC_RESEARCH_FIXTURE,OG-SYNTH-0.2,A-0.2,build_opus_synthetic_programme_v0_2.py@0.2,20260811,True,61e69f8c02f7b55275de121686194028b57f421622a062159899e41937faa3c9
PRJ-WTR,PRJ-WTR-ITEM-001,LONG_LEAD_ITEM,NORMAL,SYNTHETIC_RESEARCH_FIXTURE,OG-SYNTH-0.2,A-0.2,build_opus_synthetic_programme_v0_2.py@0.2,20260811,True,d8582f4ec3cd5ef27bcb8209781ce5a7d13b70820a386c100aae9e13ea0d49b1
PRJ-WTR,PRJ-WTR-ITEM-002,LONG_LEAD_ITEM,NORMAL,SYNTHETIC_RESEARCH_FIXTURE,OG-SYNTH-0.2,A-0.2,build_opus_synthetic_programme_v0_2.py@0.2,20260811,True,9bc814f473b437b2029d8b14a0aa384671131976e5eb92792dca3ec5c0fc344c
PRJ-WTR,PRJ-WTR-ITEM-003,LONG_LEAD_ITEM,NORMAL,SYNTHETIC_RESEARCH_FIXTURE,OG-SYNTH-0.2,A-0.2,build_opus_synthetic_programme_v0_2.py@0.2,20260811,True,9c6916a4eaea7df941ee0ecd0fdf7331184bfbe49a43075687c66c74f3e72efc
PRJ-WTR,PRJ-WTR-ITEM-004,LONG_LEAD_ITEM,NORMAL,SYNTHETIC_RESEARCH_FIXTURE,OG-SYNTH-0.2,A-0.2,build_opus_synthetic_programme_v0_2.py@0.2,20260811,True,529c05b03634e7a23e36e9619472b268a02e4d8cf1864dd1e406973b305fd06e
PRJ-WTR,PRJ-WTR-ITEM-005,LONG_LEAD_ITEM,CRITICAL,SYNTHETIC_RESEARCH_FIXTURE,OG-SYNTH-0.2,A-0.2,build_opus_synthetic_programme_v0_2.py@0.2,20260811,True,0e258c66460433822c71dc4ce0d4134c3087a2f194431693b79a324a90588cdf
PRJ-WTR,PRJ-WTR-ITEM-006,LONG_LEAD_ITEM,NORMAL,SYNTHETIC_RESEARCH_FIXTURE,OG-SYNTH-0.2,A-0.2,build_opus_synthetic_programme_v0_2.py@0.2,20260811,True,aa02390db591488bfc7fb559e94f203f798f3a348925358dabab0bb2e7dfa46d
PRJ-WTR,PRJ-WTR-ITEM-007,LONG_LEAD_ITEM,NORMAL,SYNTHETIC_RESEARCH_FIXTURE,OG-SYNTH-0.2,A-0.2,build_opus_synthetic_programme_v0_2.py@0.2,20260811,True,3984ef6c516781d7200e0c3f896c679e4b5b90a5d06b75e628726b3f90a2f4f3
PRJ-WTR,PRJ-WTR-ITEM-008,LONG_LEAD_ITEM,NORMAL,SYNTHETIC_RESEARCH_FIXTURE,OG-SYNTH-0.2,A-0.2,build_opus_synthetic_programme_v0_2.py@0.2,20260811,True,c3d0d1ee20ce23ff2b540fdadf38225cf58c61046cc8275a93e396a63fa1dd2e
PRJ-WTR,PRJ-WTR-ITEM-009,LONG_LEAD_ITEM,NORMAL,SYNTHETIC_RESEARCH_FIXTURE,OG-SYNTH-0.2,A-0.2,build_opus_synthetic_programme_v0_2.py@0.2,20260811,True,2f28b39637c1ddc5119f77ce29d30a74049cb95db8bad29a00e6602c27fab9ae
PRJ-WTR,PRJ-WTR-ITEM-010,LONG_LEAD_ITEM,CRITICAL,SYNTHETIC_RESEARCH_FIXTURE,OG-SYNTH-0.2,A-0.2,build_opus_synthetic_programme_v0_2.py@0.2,20260811,True,ae51d1e0ee7d8b09c06ae854c4a0d840d837ff035d91f32b927a32a6877f078a
PRJ-WTR,PRJ-WTR-ITEM-011,LONG_LEAD_ITEM,NORMAL,SYNTHETIC_RESEARCH_FIXTURE,OG-SYNTH-0.2,A-0.2,build_opus_synthetic_programme_v0_2.py@0.2,20260811,True,60efdd417ac827bb47de7b89eef9a39750f1f3b4d83782b7999266b89bd943e6
PRJ-WTR,PRJ-WTR-ITEM-012,LONG_LEAD_ITEM,NORMAL,SYNTHETIC_RESEARCH_FIXTURE,OG-SYNTH-0.2,A-0.2,build_opus_synthetic_programme_v0_2.py@0.2,20260811,True,3b63cc59f5bf8683dc3e9149256bb2007bc1e52016603a30b46d5d135b300ab8
PRJ-WTR,PRJ-WTR-ITEM-013,LONG_LEAD_ITEM,NORMAL,SYNTHETIC_RESEARCH_FIXTURE,OG-SYNTH-0.2,A-0.2,build_opus_synthetic_programme_v0_2.py@0.2,20260811,True,92333a9719ed2027d3e85486d5a335b7dca625420ee0644730855fa5d0218b47
PRJ-WTR,PRJ-WTR-ITEM-014,LONG_LEAD_ITEM,NORMAL,SYNTHETIC_RESEARCH_FIXTURE,OG-SYNTH-0.2,A-0.2,build_opus_synthetic_programme_v0_2.py@0.2,20260811,True,979a850105bbcfea4e7ba8ac55e39eaad75616d65705159f54a28d36de3c747b
PRJ-WTR,PRJ-WTR-ITEM-015,LONG_LEAD_ITEM,CRITICAL,SYNTHETIC_RESEARCH_FIXTURE,OG-SYNTH-0.2,A-0.2,build_opus_synthetic_programme_v0_2.py@0.2,20260811,True,66fbc551a7ee717a1aacc26b04d8b5ccf5e9ffc2da74b709122993c513713a17
PRJ-WTR,PRJ-WTR-ITEM-016,LONG_LEAD_ITEM,NORMAL,SYNTHETIC_RESEARCH_FIXTURE,OG-SYNTH-0.2,A-0.2,build_opus_synthetic_programme_v0_2.py@0.2,20260811,True,f8b224757b5049ad367bfd37baaab267df7234e04026f199de0d31a406085014
PRJ-WTR,PRJ-WTR-ITEM-017,LONG_LEAD_ITEM,NORMAL,SYNTHETIC_RESEARCH_FIXTURE,OG-SYNTH-0.2,A-0.2,build_opus_synthetic_programme_v0_2.py@0.2,20260811,True,26fa8265924c224c1b7cd63407b622f714a5a44c6896f06457d4daadf9fbdc12
PRJ-WTR,PRJ-WTR-ITEM-018,LONG_LEAD_ITEM,NORMAL,SYNTHETIC_RESEARCH_FIXTURE,OG-SYNTH-0.2,A-0.2,build_opus_synthetic_programme_v0_2.py@0.2,20260811,True,f83b059baeb732fad9c760d2914a94f117ede21858f8531fe65f905dbc6c96c0
PRJ-WTR,PRJ-WTR-ITEM-019,LONG_LEAD_ITEM,NORMAL,SYNTHETIC_RESEARCH_FIXTURE,OG-SYNTH-0.2,A-0.2,build_opus_synthetic_programme_v0_2.py@0.2,20260811,True,53de89aadfc4d7109489941636b6b96b131b168fdfb33621e98ae895bec409fc
PRJ-WTR,PRJ-WTR-ITEM-020,LONG_LEAD_ITEM,CRITICAL,SYNTHETIC_RESEARCH_FIXTURE,OG-SYNTH-0.2,A-0.2,build_opus_synthetic_programme_v0_2.py@0.2,20260811,True,3a3b75a0b576ba0f0e002162cdd923419574a060b132447ec24303c2ef0587d8
PRJ-RAL,PRJ-RAL-ITEM-001,LONG_LEAD_ITEM,NORMAL,SYNTHETIC_RESEARCH_FIXTURE,OG-SYNTH-0.2,A-0.2,build_opus_synthetic_programme_v0_2.py@0.2,20260811,True,39630c38171e6ac99ae921341eb2de7839105b45b0c94029331271ff68393e11
PRJ-RAL,PRJ-RAL-ITEM-002,LONG_LEAD_ITEM,NORMAL,SYNTHETIC_RESEARCH_FIXTURE,OG-SYNTH-0.2,A-0.2,build_opus_synthetic_programme_v0_2.py@0.2,20260811,True,7c7c67f192ef0a57199158ead47336bde3f82e6f8d3a0d3bfba09e454768943e
PRJ-RAL,PRJ-RAL-ITEM-003,LONG_LEAD_ITEM,NORMAL,SYNTHETIC_RESEARCH_FIXTURE,OG-SYNTH-0.2,A-0.2,build_opus_synthetic_programme_v0_2.py@0.2,20260811,True,b15f53affe9288c66858f47ebbaa1799cf5284128cf695ffa9c0f2f65132d317
PRJ-RAL,PRJ-RAL-ITEM-004,LONG_LEAD_ITEM,NORMAL,SYNTHETIC_RESEARCH_FIXTURE,OG-SYNTH-0.2,A-0.2,build_opus_synthetic_programme_v0_2.py@0.2,20260811,True,8c7b0c653bde149fcd919fbf9842cf671659106ac2726ef6c4bc432dccc9bf3b
PRJ-RAL,PRJ-RAL-ITEM-005,LONG_LEAD_ITEM,CRITICAL,SYNTHETIC_RESEARCH_FIXTURE,OG-SYNTH-0.2,A-0.2,build_opus_synthetic_programme_v0_2.py@0.2,20260811,True,ce41ab97a11e799c36a4fc81222b03555a1707a8ec2790fa7a4961ef5f7c5ee5
PRJ-RAL,PRJ-RAL-ITEM-006,LONG_LEAD_ITEM,NORMAL,SYNTHETIC_RESEARCH_FIXTURE,OG-SYNTH-0.2,A-0.2,build_opus_synthetic_programme_v0_2.py@0.2,20260811,True,81bd2d948bece09f5f60b97d5e16c4d6b10a81d87176d3f53d40d6883ea9b3b9
PRJ-RAL,PRJ-RAL-ITEM-007,LONG_LEAD_ITEM,NORMAL,SYNTHETIC_RESEARCH_FIXTURE,OG-SYNTH-0.2,A-0.2,build_opus_synthetic_programme_v0_2.py@0.2,20260811,True,b1a005e1d3398eac373a174117269d4a4954ec8fbcec0210c5da9a11fbfacac6
PRJ-RAL,PRJ-RAL-ITEM-008,LONG_LEAD_ITEM,NORMAL,SYNTHETIC_RESEARCH_FIXTURE,OG-SYNTH-0.2,A-0.2,build_opus_synthetic_programme_v0_2.py@0.2,20260811,True,d8a24ed484f9be5d6941da55d4a39932aba2f87a6cf7071ceb1011195b0894f7
PRJ-RAL,PRJ-RAL-ITEM-009,LONG_LEAD_ITEM,NORMAL,SYNTHETIC_RESEARCH_FIXTURE,OG-SYNTH-0.2,A-0.2,build_opus_synthetic_programme_v0_2.py@0.2,20260811,True,21d4077ead7abf934e7c4440322a97b53eb456536d206b25d8d5147727655a3a
PRJ-RAL,PRJ-RAL-ITEM-010,LONG_LEAD_ITEM,CRITICAL,SYNTHETIC_RESEARCH_FIXTURE,OG-SYNTH-0.2,A-0.2,build_opus_synthetic_programme_v0_2.py@0.2,20260811,True,cd65de1530f23ca1681cecbfa38107e214de2a5da72ca35f9fc703ac95d656eb
PRJ-RAL,PRJ-RAL-ITEM-011,LONG_LEAD_ITEM,NORMAL,SYNTHETIC_RESEARCH_FIXTURE,OG-SYNTH-0.2,A-0.2,build_opus_synthetic_programme_v0_2.py@0.2,20260811,True,1ae53662f4d5c2f5eaaf9551d0592d9d30ea8289ad11e6fe5e8695c521d0cbb0
PRJ-RAL,PRJ-RAL-ITEM-012,LONG_LEAD_ITEM,NORMAL,SYNTHETIC_RESEARCH_FIXTURE,OG-SYNTH-0.2,A-0.2,build_opus_synthetic_programme_v0_2.py@0.2,20260811,True,a00d0c02ffb0b7983e5c0512375c5fa53709e8b0d50ca0659bc17328c809d97f
PRJ-RAL,PRJ-RAL-ITEM-013,LONG_LEAD_ITEM,NORMAL,SYNTHETIC_RESEARCH_FIXTURE,OG-SYNTH-0.2,A-0.2,build_opus_synthetic_programme_v0_2.py@0.2,20260811,True,a9c67702ff9d18a7d97c9e365d22e0f866eab17a21819f2796f8859631be457b
PRJ-RAL,PRJ-RAL-ITEM-014,LONG_LEAD_ITEM,NORMAL,SYNTHETIC_RESEARCH_FIXTURE,OG-SYNTH-0.2,A-0.2,build_opus_synthetic_programme_v0_2.py@0.2,20260811,True,38abacc32485032de3f10a61bfff26534fc12ab08a28c4e8d71a42af2a1079d0
PRJ-RAL,PRJ-RAL-ITEM-015,LONG_LEAD_ITEM,CRITICAL,SYNTHETIC_RESEARCH_FIXTURE,OG-SYNTH-0.2,A-0.2,build_opus_synthetic_programme_v0_2.py@0.2,20260811,True,c3f4f2a8b061341ccd735375a51b97ab0ddda7fc23cd885779e76381d2bce7a4
PRJ-RAL,PRJ-RAL-ITEM-016,LONG_LEAD_ITEM,NORMAL,SYNTHETIC_RESEARCH_FIXTURE,OG-SYNTH-0.2,A-0.2,build_opus_synthetic_programme_v0_2.py@0.2,20260811,True,89529189815898ed091b0f605702eb4966fcc7763652f23b05f16e3f61e7589a
PRJ-RAL,PRJ-RAL-ITEM-017,LONG_LEAD_ITEM,NORMAL,SYNTHETIC_RESEARCH_FIXTURE,OG-SYNTH-0.2,A-0.2,build_opus_synthetic_programme_v0_2.py@0.2,20260811,True,387c3c60df0ac6e0c54d54674d9bb9dde1187b109aa974062db33fbc8210afe3
PRJ-RAL,PRJ-RAL-ITEM-018,LONG_LEAD_ITEM,NORMAL,SYNTHETIC_RESEARCH_FIXTURE,OG-SYNTH-0.2,A-0.2,build_opus_synthetic_programme_v0_2.py@0.2,20260811,True,4e73b4e45b50a1fe93fe2cc4dfd30ab2f78748a87e13f65d1dc14b97310da85e
PRJ-RAL,PRJ-RAL-ITEM-019,LONG_LEAD_ITEM,NORMAL,SYNTHETIC_RESEARCH_FIXTURE,OG-SYNTH-0.2,A-0.2,build_opus_synthetic_programme_v0_2.py@0.2,20260811,True,575bf240590ed4ab0dba55e7ee9b8897d7b705ea3d935959b7d749c82d637956
PRJ-RAL,PRJ-RAL-ITEM-020,LONG_LEAD_ITEM,CRITICAL,SYNTHETIC_RESEARCH_FIXTURE,OG-SYNTH-0.2,A-0.2,build_opus_synthetic_programme_v0_2.py@0.2,20260811,True,c6a1e9e8025f4e361862edfd12a705c5a5bac9298187b3e6cfb0633f74c3aeb6
PRJ-DCT,PRJ-DCT-ITEM-001,LONG_LEAD_ITEM,NORMAL,SYNTHETIC_RESEARCH_FIXTURE,OG-SYNTH-0.2,A-0.2,build_opus_synthetic_programme_v0_2.py@0.2,20260811,True,61978f08f012bc6168c0165a0e27b5c9489d3460463289a5023feba494dc352e
PRJ-DCT,PRJ-DCT-ITEM-002,LONG_LEAD_ITEM,NORMAL,SYNTHETIC_RESEARCH_FIXTURE,OG-SYNTH-0.2,A-0.2,build_opus_synthetic_programme_v0_2.py@0.2,20260811,True,88ee139f14bd5b7d09639c7b64a2151095987e752273e01657e6ae3facefcd6a
PRJ-DCT,PRJ-DCT-ITEM-003,LONG_LEAD_ITEM,NORMAL,SYNTHETIC_RESEARCH_FIXTURE,OG-SYNTH-0.2,A-0.2,build_opus_synthetic_programme_v0_2.py@0.2,20260811,True,07a94874979eb9ac43fee82a30b7bb3f883208782f7152d3ab7c3be7834689b4
PRJ-DCT,PRJ-DCT-ITEM-004,LONG_LEAD_ITEM,NORMAL,SYNTHETIC_RESEARCH_FIXTURE,OG-SYNTH-0.2,A-0.2,build_opus_synthetic_programme_v0_2.py@0.2,20260811,True,3f8ba77a75724f8b2c0aa6e37b141eaeb3cd82923d6af078c9f98dab037bd79a
PRJ-DCT,PRJ-DCT-ITEM-005,LONG_LEAD_ITEM,CRITICAL,SYNTHETIC_RESEARCH_FIXTURE,OG-SYNTH-0.2,A-0.2,build_opus_synthetic_programme_v0_2.py@0.2,20260811,True,d01446ac29df83034dd1f923da3812d31147df00576da26ea7ffb3d58e0a34cc
PRJ-DCT,PRJ-DCT-ITEM-006,LONG_LEAD_ITEM,NORMAL,SYNTHETIC_RESEARCH_FIXTURE,OG-SYNTH-0.2,A-0.2,build_opus_synthetic_programme_v0_2.py@0.2,20260811,True,db1262ba6cb1537b891200062fb6e8df3c6ee67213c45bda51ea567c2f57bcf8
PRJ-DCT,PRJ-DCT-ITEM-007,LONG_LEAD_ITEM,NORMAL,SYNTHETIC_RESEARCH_FIXTURE,OG-SYNTH-0.2,A-0.2,build_opus_synthetic_programme_v0_2.py@0.2,20260811,True,1c925bc723f0cb121019a8546103f1214dd06bf96feb64701e64fef34cf360fb
PRJ-DCT,PRJ-DCT-ITEM-008,LONG_LEAD_ITEM,NORMAL,SYNTHETIC_RESEARCH_FIXTURE,OG-SYNTH-0.2,A-0.2,build_opus_synthetic_programme_v0_2.py@0.2,20260811,True,a356cb3fec6bcd23b3fb588ee7c2c2f5e034b34d7fb9c351869d5d5c4fe8f22d
PRJ-DCT,PRJ-DCT-ITEM-009,LONG_LEAD_ITEM,NORMAL,SYNTHETIC_RESEARCH_FIXTURE,OG-SYNTH-0.2,A-0.2,build_opus_synthetic_programme_v0_2.py@0.2,20260811,True,1744b89688aa4edae5542bb47116466cacc3c00e30a8b454f47a8d2a773dcc8d
PRJ-DCT,PRJ-DCT-ITEM-010,LONG_LEAD_ITEM,CRITICAL,SYNTHETIC_RESEARCH_FIXTURE,OG-SYNTH-0.2,A-0.2,build_opus_synthetic_programme_v0_2.py@0.2,20260811,True,5a7d13067595f5f62da95c80c61d92001c98c7294eb7101ce63a9d7ebb80a68d
PRJ-DCT,PRJ-DCT-ITEM-011,LONG_LEAD_ITEM,NORMAL,SYNTHETIC_RESEARCH_FIXTURE,OG-SYNTH-0.2,A-0.2,build_opus_synthetic_programme_v0_2.py@0.2,20260811,True,52768a7a11554ce12d0f7aa3a6d7c748a848a956e14037c9c5c3729057bad857
PRJ-DCT,PRJ-DCT-ITEM-012,LONG_LEAD_ITEM,NORMAL,SYNTHETIC_RESEARCH_FIXTURE,OG-SYNTH-0.2,A-0.2,build_opus_synthetic_programme_v0_2.py@0.2,20260811,True,86d1ed4016297e2bc2dc03dbea7611c756d155e38903cf31253ed26e2718c1da
PRJ-DCT,PRJ-DCT-ITEM-013,LONG_LEAD_ITEM,NORMAL,SYNTHETIC_RESEARCH_FIXTURE,OG-SYNTH-0.2,A-0.2,build_opus_synthetic_programme_v0_2.py@0.2,20260811,True,675c3f55651deb7470f5caf5ffac3b4e78dafb0f123b76549d9a450493db3ede
PRJ-DCT,PRJ-DCT-ITEM-014,LONG_LEAD_ITEM,NORMAL,SYNTHETIC_RESEARCH_FIXTURE,OG-SYNTH-0.2,A-0.2,build_opus_synthetic_programme_v0_2.py@0.2,20260811,True,55a5ff1f5131f17220c36053a5d59d383384e8b93ef0bc61fc5d62b9dab6d553
PRJ-DCT,PRJ-DCT-ITEM-015,LONG_LEAD_ITEM,CRITICAL,SYNTHETIC_RESEARCH_FIXTURE,OG-SYNTH-0.2,A-0.2,build_opus_synthetic_programme_v0_2.py@0.2,20260811,True,b03efcee440495e7ac99ef6fc4b7202fadfc4cf0e69329b5ca1f9fc256147d0b
PRJ-DCT,PRJ-DCT-ITEM-016,LONG_LEAD_ITEM,NORMAL,SYNTHETIC_RESEARCH_FIXTURE,OG-SYNTH-0.2,A-0.2,build_opus_synthetic_programme_v0_2.py@0.2,20260811,True,9cff42ac8d6767093d18e561768af8558f25d62294cfdf82b0ec0371e36388b6
PRJ-DCT,PRJ-DCT-ITEM-017,LONG_LEAD_ITEM,NORMAL,SYNTHETIC_RESEARCH_FIXTURE,OG-SYNTH-0.2,A-0.2,build_opus_synthetic_programme_v0_2.py@0.2,20260811,True,4908777df30db4645c5e4112c0e5bb6219ef46edddbb67f147c1cdb1e33cc991
PRJ-DCT,PRJ-DCT-ITEM-018,LONG_LEAD_ITEM,NORMAL,SYNTHETIC_RESEARCH_FIXTURE,OG-SYNTH-0.2,A-0.2,build_opus_synthetic_programme_v0_2.py@0.2,20260811,True,debd7cad860e8707591380e12f518766910bc24146aceb0e9bbe1e306ffb6274
PRJ-DCT,PRJ-DCT-ITEM-019,LONG_LEAD_ITEM,NORMAL,SYNTHETIC_RESEARCH_FIXTURE,OG-SYNTH-0.2,A-0.2,build_opus_synthetic_programme_v0_2.py@0.2,20260811,True,f98c83481ce82fb82eefe45bada65a7275f3b242d258589cc85e6ac85b9e918c
PRJ-DCT,PRJ-DCT-ITEM-020,LONG_LEAD_ITEM,CRITICAL,SYNTHETIC_RESEARCH_FIXTURE,OG-SYNTH-0.2,A-0.2,build_opus_synthetic_programme_v0_2.py@0.2,20260811,True,6f0401185a59abb45d547bd8fea9c6efffa635b401be12f559bc893c19931d57
