project_id,period_id,assessment_id,requirement_id,assessment_date,result,evidence_code,reviewer_role,data_origin,programme_version,package_version,generator_version,random_seed,not_for_empirical_validation,record_hash
PRJ-AIR,P01,PRJ-AIR-ENV-01-P01,PRJ-AIR-ENV-01,2026-02-27,COMPLIANT,ENV-EVID-PRJ-AIR-P01-01,ENVIRONMENTAL_COMPLIANCE_REVIEWER,SYNTHETIC_RESEARCH_FIXTURE,OG-SYNTH-0.2,A-0.2,build_opus_synthetic_programme_v0_2.py@0.2,20260811,True,87eb4cb148d1031c3c28ed8090ec760a1262be398ee46a5128915b675ec5c884
PRJ-AIR,P01,PRJ-AIR-ENV-02-P01,PRJ-AIR-ENV-02,2026-02-27,COMPLIANT,ENV-EVID-PRJ-AIR-P01-02,ENVIRONMENTAL_COMPLIANCE_REVIEWER,SYNTHETIC_RESEARCH_FIXTURE,OG-SYNTH-0.2,A-0.2,build_opus_synthetic_programme_v0_2.py@0.2,20260811,True,ead66011af3fc6e18e93534a82e772ce136b4c4df8449079546f51cbbd24afa7
PRJ-AIR,P01,PRJ-AIR-ENV-03-P01,PRJ-AIR-ENV-03,2026-02-27,COMPLIANT,ENV-EVID-PRJ-AIR-P01-03,ENVIRONMENTAL_COMPLIANCE_REVIEWER,SYNTHETIC_RESEARCH_FIXTURE,OG-SYNTH-0.2,A-0.2,build_opus_synthetic_programme_v0_2.py@0.2,20260811,True,5afeb731975d4acaeeccf9a5d10f9cf9f688392d9fc560e78455e31396a14c11
PRJ-AIR,P01,PRJ-AIR-ENV-04-P01,PRJ-AIR-ENV-04,2026-02-27,COMPLIANT,ENV-EVID-PRJ-AIR-P01-04,ENVIRONMENTAL_COMPLIANCE_REVIEWER,SYNTHETIC_RESEARCH_FIXTURE,OG-SYNTH-0.2,A-0.2,build_opus_synthetic_programme_v0_2.py@0.2,20260811,True,fbb886deeb4321a284df1ab58703e63ffb2c0e7c4b95ccc55f63a9356474d316
PRJ-AIR,P01,PRJ-AIR-ENV-05-P01,PRJ-AIR-ENV-05,2026-02-27,COMPLIANT,ENV-EVID-PRJ-AIR-P01-05,ENVIRONMENTAL_COMPLIANCE_REVIEWER,SYNTHETIC_RESEARCH_FIXTURE,OG-SYNTH-0.2,A-0.2,build_opus_synthetic_programme_v0_2.py@0.2,20260811,True,3c0891145914d8cf61773d6a67d6df85c3802c97b4391da59f60bc8c9f151275
PRJ-AIR,P01,PRJ-AIR-ENV-06-P01,PRJ-AIR-ENV-06,2026-02-27,COMPLIANT,ENV-EVID-PRJ-AIR-P01-06,ENVIRONMENTAL_COMPLIANCE_REVIEWER,SYNTHETIC_RESEARCH_FIXTURE,OG-SYNTH-0.2,A-0.2,build_opus_synthetic_programme_v0_2.py@0.2,20260811,True,15a0cd52c0fb66b435cf08cc9aee21563089d5735af27fd9ce3aa43ed2cf9506
PRJ-AIR,P01,PRJ-AIR-ENV-07-P01,PRJ-AIR-ENV-07,2026-02-27,NOT_APPLICABLE,ENV-EVID-PRJ-AIR-P01-07,ENVIRONMENTAL_COMPLIANCE_REVIEWER,SYNTHETIC_RESEARCH_FIXTURE,OG-SYNTH-0.2,A-0.2,build_opus_synthetic_programme_v0_2.py@0.2,20260811,True,9cb71637444a3485b39d8f17f9e54132e35c98bb18f17cd1c5eb14acc76fc55e
PRJ-AIR,P01,PRJ-AIR-ENV-08-P01,PRJ-AIR-ENV-08,2026-02-27,NONCOMPLIANT,ENV-EVID-PRJ-AIR-P01-08,ENVIRONMENTAL_COMPLIANCE_REVIEWER,SYNTHETIC_RESEARCH_FIXTURE,OG-SYNTH-0.2,A-0.2,build_opus_synthetic_programme_v0_2.py@0.2,20260811,True,73ac0f27d9f33f7d3aa8fe721e0556667e39ec177bb3786d5608f5e07d3a0b26
PRJ-AIR,P02,PRJ-AIR-ENV-01-P02,PRJ-AIR-ENV-01,2026-04-27,COMPLIANT,ENV-EVID-PRJ-AIR-P02-01,ENVIRONMENTAL_COMPLIANCE_REVIEWER,SYNTHETIC_RESEARCH_FIXTURE,OG-SYNTH-0.2,A-0.2,build_opus_synthetic_programme_v0_2.py@0.2,20260811,True,8f1771c08d49dacbbfc73d1b8d01301ed2ecafd4871a020c36e1403bf6eb28dd
PRJ-AIR,P02,PRJ-AIR-ENV-02-P02,PRJ-AIR-ENV-02,2026-04-27,COMPLIANT,ENV-EVID-PRJ-AIR-P02-02,ENVIRONMENTAL_COMPLIANCE_REVIEWER,SYNTHETIC_RESEARCH_FIXTURE,OG-SYNTH-0.2,A-0.2,build_opus_synthetic_programme_v0_2.py@0.2,20260811,True,41909512096ffa509ab02898f7b26cd68f2a276c2bb9bb992acb0677e8ec1a17
PRJ-AIR,P02,PRJ-AIR-ENV-03-P02,PRJ-AIR-ENV-03,2026-04-27,NONCOMPLIANT,ENV-EVID-PRJ-AIR-P02-03,ENVIRONMENTAL_COMPLIANCE_REVIEWER,SYNTHETIC_RESEARCH_FIXTURE,OG-SYNTH-0.2,A-0.2,build_opus_synthetic_programme_v0_2.py@0.2,20260811,True,d4fc90edd7a6e7b4e397f9fd59a19c26557c058605f1651acde67872b5315165
PRJ-AIR,P02,PRJ-AIR-ENV-04-P02,PRJ-AIR-ENV-04,2026-04-27,COMPLIANT,ENV-EVID-PRJ-AIR-P02-04,ENVIRONMENTAL_COMPLIANCE_REVIEWER,SYNTHETIC_RESEARCH_FIXTURE,OG-SYNTH-0.2,A-0.2,build_opus_synthetic_programme_v0_2.py@0.2,20260811,True,f9251e3dd7ca1d93e69934a49612c6fd08151aad56729426b16836a78c44bd73
PRJ-AIR,P02,PRJ-AIR-ENV-05-P02,PRJ-AIR-ENV-05,2026-04-27,COMPLIANT,ENV-EVID-PRJ-AIR-P02-05,ENVIRONMENTAL_COMPLIANCE_REVIEWER,SYNTHETIC_RESEARCH_FIXTURE,OG-SYNTH-0.2,A-0.2,build_opus_synthetic_programme_v0_2.py@0.2,20260811,True,6ed0968694e8affe04a3b4aa771cfb755fe298176a57dd2d8c1dd01c6e97d9d1
PRJ-AIR,P02,PRJ-AIR-ENV-06-P02,PRJ-AIR-ENV-06,2026-04-27,COMPLIANT,ENV-EVID-PRJ-AIR-P02-06,ENVIRONMENTAL_COMPLIANCE_REVIEWER,SYNTHETIC_RESEARCH_FIXTURE,OG-SYNTH-0.2,A-0.2,build_opus_synthetic_programme_v0_2.py@0.2,20260811,True,e1923d2b0136c5c150a05467a408917c61236c19b6e4487001b90a275c8eeb09
PRJ-AIR,P02,PRJ-AIR-ENV-07-P02,PRJ-AIR-ENV-07,2026-04-27,NOT_APPLICABLE,ENV-EVID-PRJ-AIR-P02-07,ENVIRONMENTAL_COMPLIANCE_REVIEWER,SYNTHETIC_RESEARCH_FIXTURE,OG-SYNTH-0.2,A-0.2,build_opus_synthetic_programme_v0_2.py@0.2,20260811,True,4830c31c4a2f2156c47f9e0591ec7c2c1c262c7d3cd864b3bee44ac56261a0d5
PRJ-AIR,P02,PRJ-AIR-ENV-08-P02,PRJ-AIR-ENV-08,2026-04-27,NOT_ASSESSED,ENV-EVID-PRJ-AIR-P02-08,ENVIRONMENTAL_COMPLIANCE_REVIEWER,SYNTHETIC_RESEARCH_FIXTURE,OG-SYNTH-0.2,A-0.2,build_opus_synthetic_programme_v0_2.py@0.2,20260811,True,2f639eb37b1189a8f9ce505c82d3d45776c407a100a8d9801bc948f0d8a61626
PRJ-AIR,P03,PRJ-AIR-ENV-01-P03,PRJ-AIR-ENV-01,2026-06-24,COMPLIANT,ENV-EVID-PRJ-AIR-P03-01,ENVIRONMENTAL_COMPLIANCE_REVIEWER,SYNTHETIC_RESEARCH_FIXTURE,OG-SYNTH-0.2,A-0.2,build_opus_synthetic_programme_v0_2.py@0.2,20260811,True,5b5d919dd359f70204a59337d29c07231be9b1fc4a498e981f8d4eafce51a301
PRJ-AIR,P03,PRJ-AIR-ENV-02-P03,PRJ-AIR-ENV-02,2026-06-24,COMPLIANT,ENV-EVID-PRJ-AIR-P03-02,ENVIRONMENTAL_COMPLIANCE_REVIEWER,SYNTHETIC_RESEARCH_FIXTURE,OG-SYNTH-0.2,A-0.2,build_opus_synthetic_programme_v0_2.py@0.2,20260811,True,413cb5fd42cd0e59da56f80511ebd0cd4bba0caafe1aba4e6f1ac8b0eabe3612
PRJ-AIR,P03,PRJ-AIR-ENV-03-P03,PRJ-AIR-ENV-03,2026-06-24,COMPLIANT,ENV-EVID-PRJ-AIR-P03-03,ENVIRONMENTAL_COMPLIANCE_REVIEWER,SYNTHETIC_RESEARCH_FIXTURE,OG-SYNTH-0.2,A-0.2,build_opus_synthetic_programme_v0_2.py@0.2,20260811,True,569d58b265199719567063e97d0f7bdefb44dc30f21766649fa84d6f35d3c919
PRJ-AIR,P03,PRJ-AIR-ENV-04-P03,PRJ-AIR-ENV-04,2026-06-24,COMPLIANT,ENV-EVID-PRJ-AIR-P03-04,ENVIRONMENTAL_COMPLIANCE_REVIEWER,SYNTHETIC_RESEARCH_FIXTURE,OG-SYNTH-0.2,A-0.2,build_opus_synthetic_programme_v0_2.py@0.2,20260811,True,84cc6b8948de0dc3ea9d0524da4cbacbbc085439d0c9948ba11664340cee7fda
PRJ-AIR,P03,PRJ-AIR-ENV-05-P03,PRJ-AIR-ENV-05,2026-06-24,COMPLIANT,ENV-EVID-PRJ-AIR-P03-05,ENVIRONMENTAL_COMPLIANCE_REVIEWER,SYNTHETIC_RESEARCH_FIXTURE,OG-SYNTH-0.2,A-0.2,build_opus_synthetic_programme_v0_2.py@0.2,20260811,True,b7fc8f5ea940ae05b9ef51fd6f4f87ed016c6d70290a4fb37ba1ad4f62e07f4b
PRJ-AIR,P03,PRJ-AIR-ENV-06-P03,PRJ-AIR-ENV-06,2026-06-24,COMPLIANT,ENV-EVID-PRJ-AIR-P03-06,ENVIRONMENTAL_COMPLIANCE_REVIEWER,SYNTHETIC_RESEARCH_FIXTURE,OG-SYNTH-0.2,A-0.2,build_opus_synthetic_programme_v0_2.py@0.2,20260811,True,97ce82b8c44ef6d58810e7efbe94162c52aa47aed0a8302aab0d7b91d5ce2e62
PRJ-AIR,P03,PRJ-AIR-ENV-07-P03,PRJ-AIR-ENV-07,2026-06-24,NOT_APPLICABLE,ENV-EVID-PRJ-AIR-P03-07,ENVIRONMENTAL_COMPLIANCE_REVIEWER,SYNTHETIC_RESEARCH_FIXTURE,OG-SYNTH-0.2,A-0.2,build_opus_synthetic_programme_v0_2.py@0.2,20260811,True,70da7434b081db40e81fc8c41ca61e00e8cd5364b7e18e7f33eb92bc59f33573
PRJ-AIR,P03,PRJ-AIR-ENV-08-P03,PRJ-AIR-ENV-08,2026-06-24,COMPLIANT,ENV-EVID-PRJ-AIR-P03-08,ENVIRONMENTAL_COMPLIANCE_REVIEWER,SYNTHETIC_RESEARCH_FIXTURE,OG-SYNTH-0.2,A-0.2,build_opus_synthetic_programme_v0_2.py@0.2,20260811,True,113c7863a8c3115a3d7cfb27e6c1c2718e896c2d4fe85882379bb9bde29fd74d
PRJ-AIR,P04,PRJ-AIR-ENV-01-P04,PRJ-AIR-ENV-01,2026-08-22,NONCOMPLIANT,ENV-EVID-PRJ-AIR-P04-01,ENVIRONMENTAL_COMPLIANCE_REVIEWER,SYNTHETIC_RESEARCH_FIXTURE,OG-SYNTH-0.2,A-0.2,build_opus_synthetic_programme_v0_2.py@0.2,20260811,True,8b8624cbf0229338544e430a66247e72a223877954ca9e521268c3454af50915
PRJ-AIR,P04,PRJ-AIR-ENV-02-P04,PRJ-AIR-ENV-02,2026-08-22,NONCOMPLIANT,ENV-EVID-PRJ-AIR-P04-02,ENVIRONMENTAL_COMPLIANCE_REVIEWER,SYNTHETIC_RESEARCH_FIXTURE,OG-SYNTH-0.2,A-0.2,build_opus_synthetic_programme_v0_2.py@0.2,20260811,True,54cd385cd283a615d1a97749fa1da56be9b72cc4186c4becf83401d47cfd0871
PRJ-AIR,P04,PRJ-AIR-ENV-03-P04,PRJ-AIR-ENV-03,2026-08-22,COMPLIANT,ENV-EVID-PRJ-AIR-P04-03,ENVIRONMENTAL_COMPLIANCE_REVIEWER,SYNTHETIC_RESEARCH_FIXTURE,OG-SYNTH-0.2,A-0.2,build_opus_synthetic_programme_v0_2.py@0.2,20260811,True,21b32570646285a0ccdd1b7696b8ae822555fbd79e7a42b7e8ffdb877dbf4f68
PRJ-AIR,P04,PRJ-AIR-ENV-04-P04,PRJ-AIR-ENV-04,2026-08-22,COMPLIANT,ENV-EVID-PRJ-AIR-P04-04,ENVIRONMENTAL_COMPLIANCE_REVIEWER,SYNTHETIC_RESEARCH_FIXTURE,OG-SYNTH-0.2,A-0.2,build_opus_synthetic_programme_v0_2.py@0.2,20260811,True,0283ce4f74507ac45e25bc261af68842b31351c5dcc7a4cf5f69f79e34ed8d9b
PRJ-AIR,P04,PRJ-AIR-ENV-05-P04,PRJ-AIR-ENV-05,2026-08-22,COMPLIANT,ENV-EVID-PRJ-AIR-P04-05,ENVIRONMENTAL_COMPLIANCE_REVIEWER,SYNTHETIC_RESEARCH_FIXTURE,OG-SYNTH-0.2,A-0.2,build_opus_synthetic_programme_v0_2.py@0.2,20260811,True,20a1b202c403863fd64d495bcf18f2908ad615116bd6c58da6baf78c010e9e56
PRJ-AIR,P04,PRJ-AIR-ENV-06-P04,PRJ-AIR-ENV-06,2026-08-22,COMPLIANT,ENV-EVID-PRJ-AIR-P04-06,ENVIRONMENTAL_COMPLIANCE_REVIEWER,SYNTHETIC_RESEARCH_FIXTURE,OG-SYNTH-0.2,A-0.2,build_opus_synthetic_programme_v0_2.py@0.2,20260811,True,e24396ff1afda12c9f91ac0026601807a5a24ad2b81c752d11958185745176cc
PRJ-AIR,P04,PRJ-AIR-ENV-07-P04,PRJ-AIR-ENV-07,2026-08-22,NOT_APPLICABLE,ENV-EVID-PRJ-AIR-P04-07,ENVIRONMENTAL_COMPLIANCE_REVIEWER,SYNTHETIC_RESEARCH_FIXTURE,OG-SYNTH-0.2,A-0.2,build_opus_synthetic_programme_v0_2.py@0.2,20260811,True,d9a41f90d363cbb2e54adf19aef5cf79bb3c3249ff8d0c1b8a7bdbea252e4f89
PRJ-AIR,P04,PRJ-AIR-ENV-08-P04,PRJ-AIR-ENV-08,2026-08-22,COMPLIANT,ENV-EVID-PRJ-AIR-P04-08,ENVIRONMENTAL_COMPLIANCE_REVIEWER,SYNTHETIC_RESEARCH_FIXTURE,OG-SYNTH-0.2,A-0.2,build_opus_synthetic_programme_v0_2.py@0.2,20260811,True,e08e03854b76db16a1812601523d4c90d29c8151f9a7b7b8cc8d36254cff1a23
PRJ-AIR,P05,PRJ-AIR-ENV-01-P05,PRJ-AIR-ENV-01,2026-10-19,COMPLIANT,ENV-EVID-PRJ-AIR-P05-01,ENVIRONMENTAL_COMPLIANCE_REVIEWER,SYNTHETIC_RESEARCH_FIXTURE,OG-SYNTH-0.2,A-0.2,build_opus_synthetic_programme_v0_2.py@0.2,20260811,True,95fb1e6a25969bfea49072a77d06714b3c8c0e3c4cb2d32d86acacc3539805a8
PRJ-AIR,P05,PRJ-AIR-ENV-02-P05,PRJ-AIR-ENV-02,2026-10-19,COMPLIANT,ENV-EVID-PRJ-AIR-P05-02,ENVIRONMENTAL_COMPLIANCE_REVIEWER,SYNTHETIC_RESEARCH_FIXTURE,OG-SYNTH-0.2,A-0.2,build_opus_synthetic_programme_v0_2.py@0.2,20260811,True,a190b1ee6a8413dd06fde4f152d7abe0a01874d8612f5fbcb7ed4806c48ca633
PRJ-AIR,P05,PRJ-AIR-ENV-03-P05,PRJ-AIR-ENV-03,2026-10-19,COMPLIANT,ENV-EVID-PRJ-AIR-P05-03,ENVIRONMENTAL_COMPLIANCE_REVIEWER,SYNTHETIC_RESEARCH_FIXTURE,OG-SYNTH-0.2,A-0.2,build_opus_synthetic_programme_v0_2.py@0.2,20260811,True,7a43f527a15d521441e2c547af219ddc82e6d6cdf98fc12b2e4ab7cedca72a9d
PRJ-AIR,P05,PRJ-AIR-ENV-04-P05,PRJ-AIR-ENV-04,2026-10-19,COMPLIANT,ENV-EVID-PRJ-AIR-P05-04,ENVIRONMENTAL_COMPLIANCE_REVIEWER,SYNTHETIC_RESEARCH_FIXTURE,OG-SYNTH-0.2,A-0.2,build_opus_synthetic_programme_v0_2.py@0.2,20260811,True,e320542ae6ae889396dd79ae3692acbaafd1ae5c694b540d5ccec646664e9477
PRJ-AIR,P05,PRJ-AIR-ENV-05-P05,PRJ-AIR-ENV-05,2026-10-19,NONCOMPLIANT,ENV-EVID-PRJ-AIR-P05-05,ENVIRONMENTAL_COMPLIANCE_REVIEWER,SYNTHETIC_RESEARCH_FIXTURE,OG-SYNTH-0.2,A-0.2,build_opus_synthetic_programme_v0_2.py@0.2,20260811,True,c682a95c5d94b1d418b9cfe703002f203e27e1f1c43a3cc09a695370f5061da6
PRJ-AIR,P05,PRJ-AIR-ENV-06-P05,PRJ-AIR-ENV-06,2026-10-19,COMPLIANT,ENV-EVID-PRJ-AIR-P05-06,ENVIRONMENTAL_COMPLIANCE_REVIEWER,SYNTHETIC_RESEARCH_FIXTURE,OG-SYNTH-0.2,A-0.2,build_opus_synthetic_programme_v0_2.py@0.2,20260811,True,ee1c17676e63c2b412b6dec9b21c1149925e3622b17927fe56c62e827009b3bd
PRJ-AIR,P05,PRJ-AIR-ENV-07-P05,PRJ-AIR-ENV-07,2026-10-19,NOT_APPLICABLE,ENV-EVID-PRJ-AIR-P05-07,ENVIRONMENTAL_COMPLIANCE_REVIEWER,SYNTHETIC_RESEARCH_FIXTURE,OG-SYNTH-0.2,A-0.2,build_opus_synthetic_programme_v0_2.py@0.2,20260811,True,74ac57e4f5ba80fa2e79338a4129410bc852e97ba0e5135a25ffe007891aba64
PRJ-AIR,P05,PRJ-AIR-ENV-08-P05,PRJ-AIR-ENV-08,2026-10-19,COMPLIANT,ENV-EVID-PRJ-AIR-P05-08,ENVIRONMENTAL_COMPLIANCE_REVIEWER,SYNTHETIC_RESEARCH_FIXTURE,OG-SYNTH-0.2,A-0.2,build_opus_synthetic_programme_v0_2.py@0.2,20260811,True,a736913963ff05c13b48a1e2f0a8ea0e12144bd2de14f2c688bc062b24a31cd8
PRJ-AIR,P06,PRJ-AIR-ENV-01-P06,PRJ-AIR-ENV-01,2026-12-17,COMPLIANT,ENV-EVID-PRJ-AIR-P06-01,ENVIRONMENTAL_COMPLIANCE_REVIEWER,SYNTHETIC_RESEARCH_FIXTURE,OG-SYNTH-0.2,A-0.2,build_opus_synthetic_programme_v0_2.py@0.2,20260811,True,422ea6ae5b84d5af56b67486c46c8bfc709895d7e61eecd2f3e742b3cb28b52c
PRJ-AIR,P06,PRJ-AIR-ENV-02-P06,PRJ-AIR-ENV-02,2026-12-17,COMPLIANT,ENV-EVID-PRJ-AIR-P06-02,ENVIRONMENTAL_COMPLIANCE_REVIEWER,SYNTHETIC_RESEARCH_FIXTURE,OG-SYNTH-0.2,A-0.2,build_opus_synthetic_programme_v0_2.py@0.2,20260811,True,9b76cb4bf001ed7fa7c52c509da7128a56d3f6166adacbef159355baa9a78054
PRJ-AIR,P06,PRJ-AIR-ENV-03-P06,PRJ-AIR-ENV-03,2026-12-17,COMPLIANT,ENV-EVID-PRJ-AIR-P06-03,ENVIRONMENTAL_COMPLIANCE_REVIEWER,SYNTHETIC_RESEARCH_FIXTURE,OG-SYNTH-0.2,A-0.2,build_opus_synthetic_programme_v0_2.py@0.2,20260811,True,c8f43b6641e78bf757167fcd90e02c8c009064420d7a0c3d9fbca2865c19a7b6
PRJ-AIR,P06,PRJ-AIR-ENV-04-P06,PRJ-AIR-ENV-04,2026-12-17,COMPLIANT,ENV-EVID-PRJ-AIR-P06-04,ENVIRONMENTAL_COMPLIANCE_REVIEWER,SYNTHETIC_RESEARCH_FIXTURE,OG-SYNTH-0.2,A-0.2,build_opus_synthetic_programme_v0_2.py@0.2,20260811,True,039a0dc855082caf4926a4baefaac13ac34aefae91cc5bb9e49cb57071f65362
PRJ-AIR,P06,PRJ-AIR-ENV-05-P06,PRJ-AIR-ENV-05,2026-12-17,COMPLIANT,ENV-EVID-PRJ-AIR-P06-05,ENVIRONMENTAL_COMPLIANCE_REVIEWER,SYNTHETIC_RESEARCH_FIXTURE,OG-SYNTH-0.2,A-0.2,build_opus_synthetic_programme_v0_2.py@0.2,20260811,True,e3517523c036c29c493c22a0bfa9bfa5902c208a6a04d73b548f0d5936f06286
PRJ-AIR,P06,PRJ-AIR-ENV-06-P06,PRJ-AIR-ENV-06,2026-12-17,COMPLIANT,ENV-EVID-PRJ-AIR-P06-06,ENVIRONMENTAL_COMPLIANCE_REVIEWER,SYNTHETIC_RESEARCH_FIXTURE,OG-SYNTH-0.2,A-0.2,build_opus_synthetic_programme_v0_2.py@0.2,20260811,True,0e2c29e8a05f8c693e3c20f922923bf0355131013b27cafc94753090dd9bc226
PRJ-AIR,P06,PRJ-AIR-ENV-07-P06,PRJ-AIR-ENV-07,2026-12-17,NOT_APPLICABLE,ENV-EVID-PRJ-AIR-P06-07,ENVIRONMENTAL_COMPLIANCE_REVIEWER,SYNTHETIC_RESEARCH_FIXTURE,OG-SYNTH-0.2,A-0.2,build_opus_synthetic_programme_v0_2.py@0.2,20260811,True,562d12c361f68819761e7543b752ce3f732a2f033bfc2e36a14a9a0abc52c7fc
PRJ-AIR,P06,PRJ-AIR-ENV-08-P06,PRJ-AIR-ENV-08,2026-12-17,COMPLIANT,ENV-EVID-PRJ-AIR-P06-08,ENVIRONMENTAL_COMPLIANCE_REVIEWER,SYNTHETIC_RESEARCH_FIXTURE,OG-SYNTH-0.2,A-0.2,build_opus_synthetic_programme_v0_2.py@0.2,20260811,True,e1b46a5979c1bb4263345a3f5a061184da0b8cbd18ce8de90276e05eeec66e66
PRJ-DCT,P01,PRJ-DCT-ENV-01-P01,PRJ-DCT-ENV-01,2026-05-29,COMPLIANT,ENV-EVID-PRJ-DCT-P01-01,ENVIRONMENTAL_COMPLIANCE_REVIEWER,SYNTHETIC_RESEARCH_FIXTURE,OG-SYNTH-0.2,A-0.2,build_opus_synthetic_programme_v0_2.py@0.2,20260811,True,8b9662931861e465e6b2ec4ca4a580dc947eee35e74cd9d4309e0a504cf99c92
PRJ-DCT,P01,PRJ-DCT-ENV-02-P01,PRJ-DCT-ENV-02,2026-05-29,COMPLIANT,ENV-EVID-PRJ-DCT-P01-02,ENVIRONMENTAL_COMPLIANCE_REVIEWER,SYNTHETIC_RESEARCH_FIXTURE,OG-SYNTH-0.2,A-0.2,build_opus_synthetic_programme_v0_2.py@0.2,20260811,True,41d3e68dfe2581f34cc5f9463087d6f8375f9dcdce11e8475f69552548794277
PRJ-DCT,P01,PRJ-DCT-ENV-03-P01,PRJ-DCT-ENV-03,2026-05-29,NOT_ASSESSED,ENV-EVID-PRJ-DCT-P01-03,ENVIRONMENTAL_COMPLIANCE_REVIEWER,SYNTHETIC_RESEARCH_FIXTURE,OG-SYNTH-0.2,A-0.2,build_opus_synthetic_programme_v0_2.py@0.2,20260811,True,150746fa8c57b10fe1f2c43f4c4067cb86f95c7f16411f71be7bc7b60f5bc7eb
PRJ-DCT,P01,PRJ-DCT-ENV-04-P01,PRJ-DCT-ENV-04,2026-05-29,COMPLIANT,ENV-EVID-PRJ-DCT-P01-04,ENVIRONMENTAL_COMPLIANCE_REVIEWER,SYNTHETIC_RESEARCH_FIXTURE,OG-SYNTH-0.2,A-0.2,build_opus_synthetic_programme_v0_2.py@0.2,20260811,True,d8505df3700819410506e619c9021d5bf518fe069157c73141b075bf6d2de2b5
PRJ-DCT,P01,PRJ-DCT-ENV-05-P01,PRJ-DCT-ENV-05,2026-05-29,COMPLIANT,ENV-EVID-PRJ-DCT-P01-05,ENVIRONMENTAL_COMPLIANCE_REVIEWER,SYNTHETIC_RESEARCH_FIXTURE,OG-SYNTH-0.2,A-0.2,build_opus_synthetic_programme_v0_2.py@0.2,20260811,True,bfc1eb05866d26e50398e0ae13b5c6f65b1fe03e130630b7b65409de45fcfdab
PRJ-DCT,P01,PRJ-DCT-ENV-06-P01,PRJ-DCT-ENV-06,2026-05-29,COMPLIANT,ENV-EVID-PRJ-DCT-P01-06,ENVIRONMENTAL_COMPLIANCE_REVIEWER,SYNTHETIC_RESEARCH_FIXTURE,OG-SYNTH-0.2,A-0.2,build_opus_synthetic_programme_v0_2.py@0.2,20260811,True,88660154b82e3c32fc74ad2c21df056a33286976761c69590ec224f08e781576
PRJ-DCT,P01,PRJ-DCT-ENV-07-P01,PRJ-DCT-ENV-07,2026-05-29,NOT_APPLICABLE,ENV-EVID-PRJ-DCT-P01-07,ENVIRONMENTAL_COMPLIANCE_REVIEWER,SYNTHETIC_RESEARCH_FIXTURE,OG-SYNTH-0.2,A-0.2,build_opus_synthetic_programme_v0_2.py@0.2,20260811,True,7f14346a25ecede20f90818e3ea5bdf7e5484cd8f0ce6092868825ddc6d8d2cb
PRJ-DCT,P01,PRJ-DCT-ENV-08-P01,PRJ-DCT-ENV-08,2026-05-29,NONCOMPLIANT,ENV-EVID-PRJ-DCT-P01-08,ENVIRONMENTAL_COMPLIANCE_REVIEWER,SYNTHETIC_RESEARCH_FIXTURE,OG-SYNTH-0.2,A-0.2,build_opus_synthetic_programme_v0_2.py@0.2,20260811,True,aeb42b7179a1af965e003ea1502928d6b9c2e8bdf53f425321c38b727b8a6baf
PRJ-DCT,P02,PRJ-DCT-ENV-01-P02,PRJ-DCT-ENV-01,2026-07-13,NONCOMPLIANT,ENV-EVID-PRJ-DCT-P02-01,ENVIRONMENTAL_COMPLIANCE_REVIEWER,SYNTHETIC_RESEARCH_FIXTURE,OG-SYNTH-0.2,A-0.2,build_opus_synthetic_programme_v0_2.py@0.2,20260811,True,d5c1199297d9bae89eb1a7c9587258f695d8dde040358e61b269939616c5952a
PRJ-DCT,P02,PRJ-DCT-ENV-02-P02,PRJ-DCT-ENV-02,2026-07-13,COMPLIANT,ENV-EVID-PRJ-DCT-P02-02,ENVIRONMENTAL_COMPLIANCE_REVIEWER,SYNTHETIC_RESEARCH_FIXTURE,OG-SYNTH-0.2,A-0.2,build_opus_synthetic_programme_v0_2.py@0.2,20260811,True,292791f42b29f739d86aa4e114460964ac7509d5fd8af99f62a299289a1ed44d
PRJ-DCT,P02,PRJ-DCT-ENV-03-P02,PRJ-DCT-ENV-03,2026-07-13,COMPLIANT,ENV-EVID-PRJ-DCT-P02-03,ENVIRONMENTAL_COMPLIANCE_REVIEWER,SYNTHETIC_RESEARCH_FIXTURE,OG-SYNTH-0.2,A-0.2,build_opus_synthetic_programme_v0_2.py@0.2,20260811,True,6ab22461f2e9bf5cd770ef441fe75442226066fd1653fb8b93dad5c7f333d423
PRJ-DCT,P02,PRJ-DCT-ENV-04-P02,PRJ-DCT-ENV-04,2026-07-13,COMPLIANT,ENV-EVID-PRJ-DCT-P02-04,ENVIRONMENTAL_COMPLIANCE_REVIEWER,SYNTHETIC_RESEARCH_FIXTURE,OG-SYNTH-0.2,A-0.2,build_opus_synthetic_programme_v0_2.py@0.2,20260811,True,626fa89bcf6622091145787ddb15ed151eb5741b63550a2c4b184322aee1e750
PRJ-DCT,P02,PRJ-DCT-ENV-05-P02,PRJ-DCT-ENV-05,2026-07-13,COMPLIANT,ENV-EVID-PRJ-DCT-P02-05,ENVIRONMENTAL_COMPLIANCE_REVIEWER,SYNTHETIC_RESEARCH_FIXTURE,OG-SYNTH-0.2,A-0.2,build_opus_synthetic_programme_v0_2.py@0.2,20260811,True,40c1a3fd296dbcce9f5e400f2a05f6ecd8c3e28134eb900b9d40ce3d27cb01ff
PRJ-DCT,P02,PRJ-DCT-ENV-06-P02,PRJ-DCT-ENV-06,2026-07-13,NONCOMPLIANT,ENV-EVID-PRJ-DCT-P02-06,ENVIRONMENTAL_COMPLIANCE_REVIEWER,SYNTHETIC_RESEARCH_FIXTURE,OG-SYNTH-0.2,A-0.2,build_opus_synthetic_programme_v0_2.py@0.2,20260811,True,1e6c2c74e400160762db4dfe112b0a09a917f95644002a10053e938a39d6829c
PRJ-DCT,P02,PRJ-DCT-ENV-07-P02,PRJ-DCT-ENV-07,2026-07-13,NOT_APPLICABLE,ENV-EVID-PRJ-DCT-P02-07,ENVIRONMENTAL_COMPLIANCE_REVIEWER,SYNTHETIC_RESEARCH_FIXTURE,OG-SYNTH-0.2,A-0.2,build_opus_synthetic_programme_v0_2.py@0.2,20260811,True,f82dcb4502b5a417e6df34512846fd00620b08547974ecd89ff14cc939330d39
PRJ-DCT,P02,PRJ-DCT-ENV-08-P02,PRJ-DCT-ENV-08,2026-07-13,COMPLIANT,ENV-EVID-PRJ-DCT-P02-08,ENVIRONMENTAL_COMPLIANCE_REVIEWER,SYNTHETIC_RESEARCH_FIXTURE,OG-SYNTH-0.2,A-0.2,build_opus_synthetic_programme_v0_2.py@0.2,20260811,True,dca672fec4240a70cafcdd1c88126158a4ef11acadcbc5853ddc0762e21c4c63
PRJ-DCT,P03,PRJ-DCT-ENV-01-P03,PRJ-DCT-ENV-01,2026-08-26,COMPLIANT,ENV-EVID-PRJ-DCT-P03-01,ENVIRONMENTAL_COMPLIANCE_REVIEWER,SYNTHETIC_RESEARCH_FIXTURE,OG-SYNTH-0.2,A-0.2,build_opus_synthetic_programme_v0_2.py@0.2,20260811,True,8860d1c47e914d54a7a4e886763a9b085f9a02e9000dae78f71e103245dc6453
PRJ-DCT,P03,PRJ-DCT-ENV-02-P03,PRJ-DCT-ENV-02,2026-08-26,COMPLIANT,ENV-EVID-PRJ-DCT-P03-02,ENVIRONMENTAL_COMPLIANCE_REVIEWER,SYNTHETIC_RESEARCH_FIXTURE,OG-SYNTH-0.2,A-0.2,build_opus_synthetic_programme_v0_2.py@0.2,20260811,True,f5cf236ca1d0ae8f0d893934da954a13ae9b46546c8013815e31d79f44c0866f
PRJ-DCT,P03,PRJ-DCT-ENV-03-P03,PRJ-DCT-ENV-03,2026-08-26,COMPLIANT,ENV-EVID-PRJ-DCT-P03-03,ENVIRONMENTAL_COMPLIANCE_REVIEWER,SYNTHETIC_RESEARCH_FIXTURE,OG-SYNTH-0.2,A-0.2,build_opus_synthetic_programme_v0_2.py@0.2,20260811,True,c354b64a3d8130d4748d04a3daf0e69b595a1dfa37c58b337beb958d7588bc16
PRJ-DCT,P03,PRJ-DCT-ENV-04-P03,PRJ-DCT-ENV-04,2026-08-26,COMPLIANT,ENV-EVID-PRJ-DCT-P03-04,ENVIRONMENTAL_COMPLIANCE_REVIEWER,SYNTHETIC_RESEARCH_FIXTURE,OG-SYNTH-0.2,A-0.2,build_opus_synthetic_programme_v0_2.py@0.2,20260811,True,6d358b7c85bf0f4d5834ff0ed5ae5aea910c5a373c81ee6e5a19349af6104997
PRJ-DCT,P03,PRJ-DCT-ENV-05-P03,PRJ-DCT-ENV-05,2026-08-26,COMPLIANT,ENV-EVID-PRJ-DCT-P03-05,ENVIRONMENTAL_COMPLIANCE_REVIEWER,SYNTHETIC_RESEARCH_FIXTURE,OG-SYNTH-0.2,A-0.2,build_opus_synthetic_programme_v0_2.py@0.2,20260811,True,aa03a12e674db88861c29e473b39d9bf72078955ee944eba90345982000588be
PRJ-DCT,P03,PRJ-DCT-ENV-06-P03,PRJ-DCT-ENV-06,2026-08-26,COMPLIANT,ENV-EVID-PRJ-DCT-P03-06,ENVIRONMENTAL_COMPLIANCE_REVIEWER,SYNTHETIC_RESEARCH_FIXTURE,OG-SYNTH-0.2,A-0.2,build_opus_synthetic_programme_v0_2.py@0.2,20260811,True,c9f35941219651a1f932a3c309c179731f90352835c702a0154c715413212760
PRJ-DCT,P03,PRJ-DCT-ENV-07-P03,PRJ-DCT-ENV-07,2026-08-26,NOT_APPLICABLE,ENV-EVID-PRJ-DCT-P03-07,ENVIRONMENTAL_COMPLIANCE_REVIEWER,SYNTHETIC_RESEARCH_FIXTURE,OG-SYNTH-0.2,A-0.2,build_opus_synthetic_programme_v0_2.py@0.2,20260811,True,12328d9cad9ae9209d978b4cd283e8f1f02b28ca7bd50b204f272bdd89fb503e
PRJ-DCT,P03,PRJ-DCT-ENV-08-P03,PRJ-DCT-ENV-08,2026-08-26,COMPLIANT,ENV-EVID-PRJ-DCT-P03-08,ENVIRONMENTAL_COMPLIANCE_REVIEWER,SYNTHETIC_RESEARCH_FIXTURE,OG-SYNTH-0.2,A-0.2,build_opus_synthetic_programme_v0_2.py@0.2,20260811,True,018fe3b93e96b87af638ded338b57562f7429793ad9fc9caf86ff70a7798c163
PRJ-DCT,P04,PRJ-DCT-ENV-01-P04,PRJ-DCT-ENV-01,2026-10-10,COMPLIANT,ENV-EVID-PRJ-DCT-P04-01,ENVIRONMENTAL_COMPLIANCE_REVIEWER,SYNTHETIC_RESEARCH_FIXTURE,OG-SYNTH-0.2,A-0.2,build_opus_synthetic_programme_v0_2.py@0.2,20260811,True,acb59a48c6015a06e1467d3c9ed29aca4cc41d5935500862bb9fc1a641543746
PRJ-DCT,P04,PRJ-DCT-ENV-02-P04,PRJ-DCT-ENV-02,2026-10-10,NONCOMPLIANT,ENV-EVID-PRJ-DCT-P04-02,ENVIRONMENTAL_COMPLIANCE_REVIEWER,SYNTHETIC_RESEARCH_FIXTURE,OG-SYNTH-0.2,A-0.2,build_opus_synthetic_programme_v0_2.py@0.2,20260811,True,06ca58fde319434226a6644c46cd201d52d27b8e40564643b3387b1cac17128c
PRJ-DCT,P04,PRJ-DCT-ENV-03-P04,PRJ-DCT-ENV-03,2026-10-10,COMPLIANT,ENV-EVID-PRJ-DCT-P04-03,ENVIRONMENTAL_COMPLIANCE_REVIEWER,SYNTHETIC_RESEARCH_FIXTURE,OG-SYNTH-0.2,A-0.2,build_opus_synthetic_programme_v0_2.py@0.2,20260811,True,b0e896e39fba9a03bee9651d16d6679a25f0427065421cdd4f14732493b4325a
PRJ-DCT,P04,PRJ-DCT-ENV-04-P04,PRJ-DCT-ENV-04,2026-10-10,NONCOMPLIANT,ENV-EVID-PRJ-DCT-P04-04,ENVIRONMENTAL_COMPLIANCE_REVIEWER,SYNTHETIC_RESEARCH_FIXTURE,OG-SYNTH-0.2,A-0.2,build_opus_synthetic_programme_v0_2.py@0.2,20260811,True,50884c4150fa882653fd9d822160b870b2d6f10899105b0ab833d1fc5f45951f
PRJ-DCT,P04,PRJ-DCT-ENV-05-P04,PRJ-DCT-ENV-05,2026-10-10,COMPLIANT,ENV-EVID-PRJ-DCT-P04-05,ENVIRONMENTAL_COMPLIANCE_REVIEWER,SYNTHETIC_RESEARCH_FIXTURE,OG-SYNTH-0.2,A-0.2,build_opus_synthetic_programme_v0_2.py@0.2,20260811,True,2438b2479fc4e60588cb2c8ea79b1b7b9dd0f463dc126ae2097de75a93ba4241
PRJ-DCT,P04,PRJ-DCT-ENV-06-P04,PRJ-DCT-ENV-06,2026-10-10,COMPLIANT,ENV-EVID-PRJ-DCT-P04-06,ENVIRONMENTAL_COMPLIANCE_REVIEWER,SYNTHETIC_RESEARCH_FIXTURE,OG-SYNTH-0.2,A-0.2,build_opus_synthetic_programme_v0_2.py@0.2,20260811,True,87b26acc31c284462ee86680b2edd1500221ca04fa52ed0ce8e3579fd9ef65a8
PRJ-DCT,P04,PRJ-DCT-ENV-07-P04,PRJ-DCT-ENV-07,2026-10-10,NOT_APPLICABLE,ENV-EVID-PRJ-DCT-P04-07,ENVIRONMENTAL_COMPLIANCE_REVIEWER,SYNTHETIC_RESEARCH_FIXTURE,OG-SYNTH-0.2,A-0.2,build_opus_synthetic_programme_v0_2.py@0.2,20260811,True,6cb4313a4e41237ae83266a72207c10b3e7c1c5f0584760ec9f224826aadb520
PRJ-DCT,P04,PRJ-DCT-ENV-08-P04,PRJ-DCT-ENV-08,2026-10-10,COMPLIANT,ENV-EVID-PRJ-DCT-P04-08,ENVIRONMENTAL_COMPLIANCE_REVIEWER,SYNTHETIC_RESEARCH_FIXTURE,OG-SYNTH-0.2,A-0.2,build_opus_synthetic_programme_v0_2.py@0.2,20260811,True,8c6462ba31b9eb4cf5af1cf804f575504e703a05ee17b9baa9ca45faf951a7d1
PRJ-DCT,P05,PRJ-DCT-ENV-01-P05,PRJ-DCT-ENV-01,2026-11-23,COMPLIANT,ENV-EVID-PRJ-DCT-P05-01,ENVIRONMENTAL_COMPLIANCE_REVIEWER,SYNTHETIC_RESEARCH_FIXTURE,OG-SYNTH-0.2,A-0.2,build_opus_synthetic_programme_v0_2.py@0.2,20260811,True,ef89ba7588a3f520158101bd7ac954b9370bd3461abc5df0025c1d26061522fd
PRJ-DCT,P05,PRJ-DCT-ENV-02-P05,PRJ-DCT-ENV-02,2026-11-23,COMPLIANT,ENV-EVID-PRJ-DCT-P05-02,ENVIRONMENTAL_COMPLIANCE_REVIEWER,SYNTHETIC_RESEARCH_FIXTURE,OG-SYNTH-0.2,A-0.2,build_opus_synthetic_programme_v0_2.py@0.2,20260811,True,4070361a14a6031785ce87625d44bde92d3de29c2e6226bde059ee25bed5554a
PRJ-DCT,P05,PRJ-DCT-ENV-03-P05,PRJ-DCT-ENV-03,2026-11-23,NONCOMPLIANT,ENV-EVID-PRJ-DCT-P05-03,ENVIRONMENTAL_COMPLIANCE_REVIEWER,SYNTHETIC_RESEARCH_FIXTURE,OG-SYNTH-0.2,A-0.2,build_opus_synthetic_programme_v0_2.py@0.2,20260811,True,abfc9216e822f20dcda48ea06f1ff4a7b2b2b88fc3cde662976636b45bc5a981
PRJ-DCT,P05,PRJ-DCT-ENV-04-P05,PRJ-DCT-ENV-04,2026-11-23,COMPLIANT,ENV-EVID-PRJ-DCT-P05-04,ENVIRONMENTAL_COMPLIANCE_REVIEWER,SYNTHETIC_RESEARCH_FIXTURE,OG-SYNTH-0.2,A-0.2,build_opus_synthetic_programme_v0_2.py@0.2,20260811,True,9c20980cf25b8b7c4a39f54027d69fe3e46f5131ab201d153b818db40534b99e
PRJ-DCT,P05,PRJ-DCT-ENV-05-P05,PRJ-DCT-ENV-05,2026-11-23,COMPLIANT,ENV-EVID-PRJ-DCT-P05-05,ENVIRONMENTAL_COMPLIANCE_REVIEWER,SYNTHETIC_RESEARCH_FIXTURE,OG-SYNTH-0.2,A-0.2,build_opus_synthetic_programme_v0_2.py@0.2,20260811,True,9e9aff214291b27ecf7874d359a46119cefbfc06a16585caf053b4dcdb455acf
PRJ-DCT,P05,PRJ-DCT-ENV-06-P05,PRJ-DCT-ENV-06,2026-11-23,COMPLIANT,ENV-EVID-PRJ-DCT-P05-06,ENVIRONMENTAL_COMPLIANCE_REVIEWER,SYNTHETIC_RESEARCH_FIXTURE,OG-SYNTH-0.2,A-0.2,build_opus_synthetic_programme_v0_2.py@0.2,20260811,True,f1445c0777d908404c6cd9819985298224fa276764d994f25f25a4fface6586c
PRJ-DCT,P05,PRJ-DCT-ENV-07-P05,PRJ-DCT-ENV-07,2026-11-23,NOT_APPLICABLE,ENV-EVID-PRJ-DCT-P05-07,ENVIRONMENTAL_COMPLIANCE_REVIEWER,SYNTHETIC_RESEARCH_FIXTURE,OG-SYNTH-0.2,A-0.2,build_opus_synthetic_programme_v0_2.py@0.2,20260811,True,568e5d87680b22b0a7405c1c7c490bedbe78a0f9c3485a33d8a82ed50b811090
PRJ-DCT,P05,PRJ-DCT-ENV-08-P05,PRJ-DCT-ENV-08,2026-11-23,COMPLIANT,ENV-EVID-PRJ-DCT-P05-08,ENVIRONMENTAL_COMPLIANCE_REVIEWER,SYNTHETIC_RESEARCH_FIXTURE,OG-SYNTH-0.2,A-0.2,build_opus_synthetic_programme_v0_2.py@0.2,20260811,True,a335f0c25354691bbd0117e037a1e5e5b625c3106a44d66955bbfdf4e71e9ac3
PRJ-DCT,P06,PRJ-DCT-ENV-01-P06,PRJ-DCT-ENV-01,2027-01-07,COMPLIANT,ENV-EVID-PRJ-DCT-P06-01,ENVIRONMENTAL_COMPLIANCE_REVIEWER,SYNTHETIC_RESEARCH_FIXTURE,OG-SYNTH-0.2,A-0.2,build_opus_synthetic_programme_v0_2.py@0.2,20260811,True,fcca6d00a5c6e553a247d5c690c780d77eb0236f72a601c1c1cfe6477d7a693d
PRJ-DCT,P06,PRJ-DCT-ENV-02-P06,PRJ-DCT-ENV-02,2027-01-07,COMPLIANT,ENV-EVID-PRJ-DCT-P06-02,ENVIRONMENTAL_COMPLIANCE_REVIEWER,SYNTHETIC_RESEARCH_FIXTURE,OG-SYNTH-0.2,A-0.2,build_opus_synthetic_programme_v0_2.py@0.2,20260811,True,41323b22d932e37cf7c760c3fe23faf50160dc3444080543a07041e5038aff28
PRJ-DCT,P06,PRJ-DCT-ENV-03-P06,PRJ-DCT-ENV-03,2027-01-07,COMPLIANT,ENV-EVID-PRJ-DCT-P06-03,ENVIRONMENTAL_COMPLIANCE_REVIEWER,SYNTHETIC_RESEARCH_FIXTURE,OG-SYNTH-0.2,A-0.2,build_opus_synthetic_programme_v0_2.py@0.2,20260811,True,0cd589b62aa73ee2f1562d0adc1251add94bc81cbecd28493a0a3ff3a45a00f3
PRJ-DCT,P06,PRJ-DCT-ENV-04-P06,PRJ-DCT-ENV-04,2027-01-07,NONCOMPLIANT,ENV-EVID-PRJ-DCT-P06-04,ENVIRONMENTAL_COMPLIANCE_REVIEWER,SYNTHETIC_RESEARCH_FIXTURE,OG-SYNTH-0.2,A-0.2,build_opus_synthetic_programme_v0_2.py@0.2,20260811,True,fd25e88d85a567d9ec809eafdcafeac6824d051e839a38000c5897fda60a7035
PRJ-DCT,P06,PRJ-DCT-ENV-05-P06,PRJ-DCT-ENV-05,2027-01-07,COMPLIANT,ENV-EVID-PRJ-DCT-P06-05,ENVIRONMENTAL_COMPLIANCE_REVIEWER,SYNTHETIC_RESEARCH_FIXTURE,OG-SYNTH-0.2,A-0.2,build_opus_synthetic_programme_v0_2.py@0.2,20260811,True,9ba990b789228b510e3ce8e21c9f3394d963beba1c752a7f171ba0a920875697
PRJ-DCT,P06,PRJ-DCT-ENV-06-P06,PRJ-DCT-ENV-06,2027-01-07,COMPLIANT,ENV-EVID-PRJ-DCT-P06-06,ENVIRONMENTAL_COMPLIANCE_REVIEWER,SYNTHETIC_RESEARCH_FIXTURE,OG-SYNTH-0.2,A-0.2,build_opus_synthetic_programme_v0_2.py@0.2,20260811,True,4f5f4668681fe5aa3a2eef1fb871cc81fe5125013a6155d4ec5cc0fab44e6af8
PRJ-DCT,P06,PRJ-DCT-ENV-07-P06,PRJ-DCT-ENV-07,2027-01-07,NOT_APPLICABLE,ENV-EVID-PRJ-DCT-P06-07,ENVIRONMENTAL_COMPLIANCE_REVIEWER,SYNTHETIC_RESEARCH_FIXTURE,OG-SYNTH-0.2,A-0.2,build_opus_synthetic_programme_v0_2.py@0.2,20260811,True,f73a85bfa85aee3967527577d805620431bde8c80e7f9df3255169b3f39f6842
PRJ-DCT,P06,PRJ-DCT-ENV-08-P06,PRJ-DCT-ENV-08,2027-01-07,COMPLIANT,ENV-EVID-PRJ-DCT-P06-08,ENVIRONMENTAL_COMPLIANCE_REVIEWER,SYNTHETIC_RESEARCH_FIXTURE,OG-SYNTH-0.2,A-0.2,build_opus_synthetic_programme_v0_2.py@0.2,20260811,True,bc4a21d85e7bd084830087bf2c81283742dfa70f60aeee7f74a2e97281d74b84
PRJ-HSP,P01,PRJ-HSP-ENV-01-P01,PRJ-HSP-ENV-01,2026-04-09,COMPLIANT,ENV-EVID-PRJ-HSP-P01-01,ENVIRONMENTAL_COMPLIANCE_REVIEWER,SYNTHETIC_RESEARCH_FIXTURE,OG-SYNTH-0.2,A-0.2,build_opus_synthetic_programme_v0_2.py@0.2,20260811,True,7fd74f71353d71893e619104b836c5bdb616482be0eb75764db8055243b88850
PRJ-HSP,P01,PRJ-HSP-ENV-02-P01,PRJ-HSP-ENV-02,2026-04-09,NONCOMPLIANT,ENV-EVID-PRJ-HSP-P01-02,ENVIRONMENTAL_COMPLIANCE_REVIEWER,SYNTHETIC_RESEARCH_FIXTURE,OG-SYNTH-0.2,A-0.2,build_opus_synthetic_programme_v0_2.py@0.2,20260811,True,b57e950511d6a7ce431d04a4e894866cd35a8b89cefd86ce5e6fde422b3005de
PRJ-HSP,P01,PRJ-HSP-ENV-03-P01,PRJ-HSP-ENV-03,2026-04-09,NONCOMPLIANT,ENV-EVID-PRJ-HSP-P01-03,ENVIRONMENTAL_COMPLIANCE_REVIEWER,SYNTHETIC_RESEARCH_FIXTURE,OG-SYNTH-0.2,A-0.2,build_opus_synthetic_programme_v0_2.py@0.2,20260811,True,8d375dedaba28cec933ad0298c06bbcf2a1d0b84df0c54ae1a6cdea496559551
PRJ-HSP,P01,PRJ-HSP-ENV-04-P01,PRJ-HSP-ENV-04,2026-04-09,NONCOMPLIANT,ENV-EVID-PRJ-HSP-P01-04,ENVIRONMENTAL_COMPLIANCE_REVIEWER,SYNTHETIC_RESEARCH_FIXTURE,OG-SYNTH-0.2,A-0.2,build_opus_synthetic_programme_v0_2.py@0.2,20260811,True,318b312bf7722c0e2adfb1afd4ee2d9c9018e69bc20fbc06cce44e8eddd680b8
PRJ-HSP,P01,PRJ-HSP-ENV-05-P01,PRJ-HSP-ENV-05,2026-04-09,COMPLIANT,ENV-EVID-PRJ-HSP-P01-05,ENVIRONMENTAL_COMPLIANCE_REVIEWER,SYNTHETIC_RESEARCH_FIXTURE,OG-SYNTH-0.2,A-0.2,build_opus_synthetic_programme_v0_2.py@0.2,20260811,True,1d3436a7653a20a225e77d704252ba60b52230bedc4f0e04e9d7372796eb2d89
PRJ-HSP,P01,PRJ-HSP-ENV-06-P01,PRJ-HSP-ENV-06,2026-04-09,COMPLIANT,ENV-EVID-PRJ-HSP-P01-06,ENVIRONMENTAL_COMPLIANCE_REVIEWER,SYNTHETIC_RESEARCH_FIXTURE,OG-SYNTH-0.2,A-0.2,build_opus_synthetic_programme_v0_2.py@0.2,20260811,True,91b57eb2c59ad3e7bb64788b292c90097084d076039ff414861c11670ea9792c
PRJ-HSP,P01,PRJ-HSP-ENV-07-P01,PRJ-HSP-ENV-07,2026-04-09,COMPLIANT,ENV-EVID-PRJ-HSP-P01-07,ENVIRONMENTAL_COMPLIANCE_REVIEWER,SYNTHETIC_RESEARCH_FIXTURE,OG-SYNTH-0.2,A-0.2,build_opus_synthetic_programme_v0_2.py@0.2,20260811,True,9bcbfff8d10166f6a3af24f4ede953bb23347eab47fe83fbd8c247334a6741c0
PRJ-HSP,P01,PRJ-HSP-ENV-08-P01,PRJ-HSP-ENV-08,2026-04-09,COMPLIANT,ENV-EVID-PRJ-HSP-P01-08,ENVIRONMENTAL_COMPLIANCE_REVIEWER,SYNTHETIC_RESEARCH_FIXTURE,OG-SYNTH-0.2,A-0.2,build_opus_synthetic_programme_v0_2.py@0.2,20260811,True,37b78e0e43beb54f80d62824f8c4da7ff49ed5b46f30b3a9c54c7618d660f169
PRJ-HSP,P02,PRJ-HSP-ENV-01-P02,PRJ-HSP-ENV-01,2026-06-05,COMPLIANT,ENV-EVID-PRJ-HSP-P02-01,ENVIRONMENTAL_COMPLIANCE_REVIEWER,SYNTHETIC_RESEARCH_FIXTURE,OG-SYNTH-0.2,A-0.2,build_opus_synthetic_programme_v0_2.py@0.2,20260811,True,effbfc3531210774a111f4b84f49c116b7b5885796edf7187c88c3bf26e90cd4
PRJ-HSP,P02,PRJ-HSP-ENV-02-P02,PRJ-HSP-ENV-02,2026-06-05,COMPLIANT,ENV-EVID-PRJ-HSP-P02-02,ENVIRONMENTAL_COMPLIANCE_REVIEWER,SYNTHETIC_RESEARCH_FIXTURE,OG-SYNTH-0.2,A-0.2,build_opus_synthetic_programme_v0_2.py@0.2,20260811,True,f8418adb7fb8be91c9c27f255e4bd4b70e7f3d2b1cbfe091c6905096eb572a7c
PRJ-HSP,P02,PRJ-HSP-ENV-03-P02,PRJ-HSP-ENV-03,2026-06-05,COMPLIANT,ENV-EVID-PRJ-HSP-P02-03,ENVIRONMENTAL_COMPLIANCE_REVIEWER,SYNTHETIC_RESEARCH_FIXTURE,OG-SYNTH-0.2,A-0.2,build_opus_synthetic_programme_v0_2.py@0.2,20260811,True,6f9cef123ccd041cf691c2148eef945a0f27bd1b16434096567f0c7c2d479c64
PRJ-HSP,P02,PRJ-HSP-ENV-04-P02,PRJ-HSP-ENV-04,2026-06-05,COMPLIANT,ENV-EVID-PRJ-HSP-P02-04,ENVIRONMENTAL_COMPLIANCE_REVIEWER,SYNTHETIC_RESEARCH_FIXTURE,OG-SYNTH-0.2,A-0.2,build_opus_synthetic_programme_v0_2.py@0.2,20260811,True,97bdbf4b87d3965677612b320203c52bf4b8f27dda83a81baa9fbaf25a2db716
PRJ-HSP,P02,PRJ-HSP-ENV-05-P02,PRJ-HSP-ENV-05,2026-06-05,COMPLIANT,ENV-EVID-PRJ-HSP-P02-05,ENVIRONMENTAL_COMPLIANCE_REVIEWER,SYNTHETIC_RESEARCH_FIXTURE,OG-SYNTH-0.2,A-0.2,build_opus_synthetic_programme_v0_2.py@0.2,20260811,True,8852405cda69e235037ba6fa1eedbfb17b1c81925ac1b88969955a400e951158
PRJ-HSP,P02,PRJ-HSP-ENV-06-P02,PRJ-HSP-ENV-06,2026-06-05,COMPLIANT,ENV-EVID-PRJ-HSP-P02-06,ENVIRONMENTAL_COMPLIANCE_REVIEWER,SYNTHETIC_RESEARCH_FIXTURE,OG-SYNTH-0.2,A-0.2,build_opus_synthetic_programme_v0_2.py@0.2,20260811,True,605e56e48dc5516460498e2d2377079baad2b065da7cdf63a96f5785bc531a4e
PRJ-HSP,P02,PRJ-HSP-ENV-07-P02,PRJ-HSP-ENV-07,2026-06-05,COMPLIANT,ENV-EVID-PRJ-HSP-P02-07,ENVIRONMENTAL_COMPLIANCE_REVIEWER,SYNTHETIC_RESEARCH_FIXTURE,OG-SYNTH-0.2,A-0.2,build_opus_synthetic_programme_v0_2.py@0.2,20260811,True,a22cde1c344f7262ca1a8deaa31e8064764db29c67244590dddf777629f304d6
PRJ-HSP,P02,PRJ-HSP-ENV-08-P02,PRJ-HSP-ENV-08,2026-06-05,NONCOMPLIANT,ENV-EVID-PRJ-HSP-P02-08,ENVIRONMENTAL_COMPLIANCE_REVIEWER,SYNTHETIC_RESEARCH_FIXTURE,OG-SYNTH-0.2,A-0.2,build_opus_synthetic_programme_v0_2.py@0.2,20260811,True,a1af6506e450c3992029d5919c6e842da53a0ef1605b08e3e78780f3a5dd269e
PRJ-HSP,P03,PRJ-HSP-ENV-01-P03,PRJ-HSP-ENV-01,2026-08-01,COMPLIANT,ENV-EVID-PRJ-HSP-P03-01,ENVIRONMENTAL_COMPLIANCE_REVIEWER,SYNTHETIC_RESEARCH_FIXTURE,OG-SYNTH-0.2,A-0.2,build_opus_synthetic_programme_v0_2.py@0.2,20260811,True,40e4a01afa01b18e66d6d1fd6bacda04abdbde94a2df1a1d4fc82b85c4d9c620
PRJ-HSP,P03,PRJ-HSP-ENV-02-P03,PRJ-HSP-ENV-02,2026-08-01,COMPLIANT,ENV-EVID-PRJ-HSP-P03-02,ENVIRONMENTAL_COMPLIANCE_REVIEWER,SYNTHETIC_RESEARCH_FIXTURE,OG-SYNTH-0.2,A-0.2,build_opus_synthetic_programme_v0_2.py@0.2,20260811,True,92719405fb0459ff00a8a5de4a8b5a887472bb6b4134909ce52a9e270802d1eb
PRJ-HSP,P03,PRJ-HSP-ENV-03-P03,PRJ-HSP-ENV-03,2026-08-01,COMPLIANT,ENV-EVID-PRJ-HSP-P03-03,ENVIRONMENTAL_COMPLIANCE_REVIEWER,SYNTHETIC_RESEARCH_FIXTURE,OG-SYNTH-0.2,A-0.2,build_opus_synthetic_programme_v0_2.py@0.2,20260811,True,6e0ebb09500e2dc19061fdcb5858cb0c80aff722f77ddd271013b8921b57c6e7
PRJ-HSP,P03,PRJ-HSP-ENV-04-P03,PRJ-HSP-ENV-04,2026-08-01,COMPLIANT,ENV-EVID-PRJ-HSP-P03-04,ENVIRONMENTAL_COMPLIANCE_REVIEWER,SYNTHETIC_RESEARCH_FIXTURE,OG-SYNTH-0.2,A-0.2,build_opus_synthetic_programme_v0_2.py@0.2,20260811,True,c66444f4b7f393afc6ebbc018b016e8d305850335ef9c34ede9dacf4af656d1a
PRJ-HSP,P03,PRJ-HSP-ENV-05-P03,PRJ-HSP-ENV-05,2026-08-01,COMPLIANT,ENV-EVID-PRJ-HSP-P03-05,ENVIRONMENTAL_COMPLIANCE_REVIEWER,SYNTHETIC_RESEARCH_FIXTURE,OG-SYNTH-0.2,A-0.2,build_opus_synthetic_programme_v0_2.py@0.2,20260811,True,5c2d5d46a3adab1dd3f1bceb1bdc3fe2fb554bb092f44c17dda1c788859efeaf
PRJ-HSP,P03,PRJ-HSP-ENV-06-P03,PRJ-HSP-ENV-06,2026-08-01,COMPLIANT,ENV-EVID-PRJ-HSP-P03-06,ENVIRONMENTAL_COMPLIANCE_REVIEWER,SYNTHETIC_RESEARCH_FIXTURE,OG-SYNTH-0.2,A-0.2,build_opus_synthetic_programme_v0_2.py@0.2,20260811,True,93b7a6b8b92c74576a48dba74886b4031c25fc617785ee870f91d07ca53f8523
PRJ-HSP,P03,PRJ-HSP-ENV-07-P03,PRJ-HSP-ENV-07,2026-08-01,COMPLIANT,ENV-EVID-PRJ-HSP-P03-07,ENVIRONMENTAL_COMPLIANCE_REVIEWER,SYNTHETIC_RESEARCH_FIXTURE,OG-SYNTH-0.2,A-0.2,build_opus_synthetic_programme_v0_2.py@0.2,20260811,True,ef0d631605ab4a16c22a221a0321d6403d15f93d4b3db0e91d35a3ec991f0854
PRJ-HSP,P03,PRJ-HSP-ENV-08-P03,PRJ-HSP-ENV-08,2026-08-01,COMPLIANT,ENV-EVID-PRJ-HSP-P03-08,ENVIRONMENTAL_COMPLIANCE_REVIEWER,SYNTHETIC_RESEARCH_FIXTURE,OG-SYNTH-0.2,A-0.2,build_opus_synthetic_programme_v0_2.py@0.2,20260811,True,a201aae89103910fb7845eb42fa7ef837411a086f8c49e0b2b65bb8391f1702c
PRJ-HSP,P04,PRJ-HSP-ENV-01-P04,PRJ-HSP-ENV-01,2026-09-27,COMPLIANT,ENV-EVID-PRJ-HSP-P04-01,ENVIRONMENTAL_COMPLIANCE_REVIEWER,SYNTHETIC_RESEARCH_FIXTURE,OG-SYNTH-0.2,A-0.2,build_opus_synthetic_programme_v0_2.py@0.2,20260811,True,d2a5caf7ad10475f4d48c9ade304752e8498a3286c9eb81ed6026c0caf1a0e31
PRJ-HSP,P04,PRJ-HSP-ENV-02-P04,PRJ-HSP-ENV-02,2026-09-27,COMPLIANT,ENV-EVID-PRJ-HSP-P04-02,ENVIRONMENTAL_COMPLIANCE_REVIEWER,SYNTHETIC_RESEARCH_FIXTURE,OG-SYNTH-0.2,A-0.2,build_opus_synthetic_programme_v0_2.py@0.2,20260811,True,992ecf3173e0272c1881888dc846838b73ca701cfa13cd140d420cfc56126d23
PRJ-HSP,P04,PRJ-HSP-ENV-03-P04,PRJ-HSP-ENV-03,2026-09-27,NONCOMPLIANT,ENV-EVID-PRJ-HSP-P04-03,ENVIRONMENTAL_COMPLIANCE_REVIEWER,SYNTHETIC_RESEARCH_FIXTURE,OG-SYNTH-0.2,A-0.2,build_opus_synthetic_programme_v0_2.py@0.2,20260811,True,1bce32b56c927a82ffbcd91c6db20dfaff563ffd1e011242948ee498b2bcc96c
PRJ-HSP,P04,PRJ-HSP-ENV-04-P04,PRJ-HSP-ENV-04,2026-09-27,NONCOMPLIANT,ENV-EVID-PRJ-HSP-P04-04,ENVIRONMENTAL_COMPLIANCE_REVIEWER,SYNTHETIC_RESEARCH_FIXTURE,OG-SYNTH-0.2,A-0.2,build_opus_synthetic_programme_v0_2.py@0.2,20260811,True,8671468a724abf2fad75a34864ef7d7742ea9b7758850d19554395d46ac23cd5
PRJ-HSP,P04,PRJ-HSP-ENV-05-P04,PRJ-HSP-ENV-05,2026-09-27,COMPLIANT,ENV-EVID-PRJ-HSP-P04-05,ENVIRONMENTAL_COMPLIANCE_REVIEWER,SYNTHETIC_RESEARCH_FIXTURE,OG-SYNTH-0.2,A-0.2,build_opus_synthetic_programme_v0_2.py@0.2,20260811,True,64604feae47a849b016e8573d8dfeb6d574ce4bd6addc3754b698c7340010708
PRJ-HSP,P04,PRJ-HSP-ENV-06-P04,PRJ-HSP-ENV-06,2026-09-27,COMPLIANT,ENV-EVID-PRJ-HSP-P04-06,ENVIRONMENTAL_COMPLIANCE_REVIEWER,SYNTHETIC_RESEARCH_FIXTURE,OG-SYNTH-0.2,A-0.2,build_opus_synthetic_programme_v0_2.py@0.2,20260811,True,7a70a74226062ce5b9d02e42b2766ff80da43bcfc70f4c4a34d029025d96500a
PRJ-HSP,P04,PRJ-HSP-ENV-07-P04,PRJ-HSP-ENV-07,2026-09-27,COMPLIANT,ENV-EVID-PRJ-HSP-P04-07,ENVIRONMENTAL_COMPLIANCE_REVIEWER,SYNTHETIC_RESEARCH_FIXTURE,OG-SYNTH-0.2,A-0.2,build_opus_synthetic_programme_v0_2.py@0.2,20260811,True,bdc3e89ca6110abcf4b699be3b6dda98c77c2d6e724361535015a9c28fae14ec
PRJ-HSP,P04,PRJ-HSP-ENV-08-P04,PRJ-HSP-ENV-08,2026-09-27,NONCOMPLIANT,ENV-EVID-PRJ-HSP-P04-08,ENVIRONMENTAL_COMPLIANCE_REVIEWER,SYNTHETIC_RESEARCH_FIXTURE,OG-SYNTH-0.2,A-0.2,build_opus_synthetic_programme_v0_2.py@0.2,20260811,True,d08449f6d068e1e7ba5044f0443535a83821d9b5e03b90f6d630a8b333f2a488
PRJ-HSP,P05,PRJ-HSP-ENV-01-P05,PRJ-HSP-ENV-01,2026-11-23,COMPLIANT,ENV-EVID-PRJ-HSP-P05-01,ENVIRONMENTAL_COMPLIANCE_REVIEWER,SYNTHETIC_RESEARCH_FIXTURE,OG-SYNTH-0.2,A-0.2,build_opus_synthetic_programme_v0_2.py@0.2,20260811,True,624f626fc2f39e6aa8353543411b4297bfd13aaa5f40d69c7c3a5b10272711a6
PRJ-HSP,P05,PRJ-HSP-ENV-02-P05,PRJ-HSP-ENV-02,2026-11-23,COMPLIANT,ENV-EVID-PRJ-HSP-P05-02,ENVIRONMENTAL_COMPLIANCE_REVIEWER,SYNTHETIC_RESEARCH_FIXTURE,OG-SYNTH-0.2,A-0.2,build_opus_synthetic_programme_v0_2.py@0.2,20260811,True,715907ca12e685ae5299d87a119ccfcfcb4edf67371704a2543d089a406d5dff
PRJ-HSP,P05,PRJ-HSP-ENV-03-P05,PRJ-HSP-ENV-03,2026-11-23,COMPLIANT,ENV-EVID-PRJ-HSP-P05-03,ENVIRONMENTAL_COMPLIANCE_REVIEWER,SYNTHETIC_RESEARCH_FIXTURE,OG-SYNTH-0.2,A-0.2,build_opus_synthetic_programme_v0_2.py@0.2,20260811,True,7b0a83d5f33da584c932a604f466036bf2434bd64896f0e755d01d4ac724d846
PRJ-HSP,P05,PRJ-HSP-ENV-04-P05,PRJ-HSP-ENV-04,2026-11-23,COMPLIANT,ENV-EVID-PRJ-HSP-P05-04,ENVIRONMENTAL_COMPLIANCE_REVIEWER,SYNTHETIC_RESEARCH_FIXTURE,OG-SYNTH-0.2,A-0.2,build_opus_synthetic_programme_v0_2.py@0.2,20260811,True,eee9b762bb5708794704a56bbbe45a473753cf5a4fe953fe3e03e16e5077eb55
PRJ-HSP,P05,PRJ-HSP-ENV-05-P05,PRJ-HSP-ENV-05,2026-11-23,COMPLIANT,ENV-EVID-PRJ-HSP-P05-05,ENVIRONMENTAL_COMPLIANCE_REVIEWER,SYNTHETIC_RESEARCH_FIXTURE,OG-SYNTH-0.2,A-0.2,build_opus_synthetic_programme_v0_2.py@0.2,20260811,True,ba0b9f455cb71a834cbcb2d8e03801c29373d3a85160a3b54c354d591d07c1d7
PRJ-HSP,P05,PRJ-HSP-ENV-06-P05,PRJ-HSP-ENV-06,2026-11-23,COMPLIANT,ENV-EVID-PRJ-HSP-P05-06,ENVIRONMENTAL_COMPLIANCE_REVIEWER,SYNTHETIC_RESEARCH_FIXTURE,OG-SYNTH-0.2,A-0.2,build_opus_synthetic_programme_v0_2.py@0.2,20260811,True,1b60276925c56aab46e04c2d5c857c3746c38f8bc05c7f297e38fe8ba4e6f509
PRJ-HSP,P05,PRJ-HSP-ENV-07-P05,PRJ-HSP-ENV-07,2026-11-23,COMPLIANT,ENV-EVID-PRJ-HSP-P05-07,ENVIRONMENTAL_COMPLIANCE_REVIEWER,SYNTHETIC_RESEARCH_FIXTURE,OG-SYNTH-0.2,A-0.2,build_opus_synthetic_programme_v0_2.py@0.2,20260811,True,6311ec570348c7ab5780c1c923540a4b16bbb113f7ffa86eb4e14aca07a0fb14
PRJ-HSP,P05,PRJ-HSP-ENV-08-P05,PRJ-HSP-ENV-08,2026-11-23,COMPLIANT,ENV-EVID-PRJ-HSP-P05-08,ENVIRONMENTAL_COMPLIANCE_REVIEWER,SYNTHETIC_RESEARCH_FIXTURE,OG-SYNTH-0.2,A-0.2,build_opus_synthetic_programme_v0_2.py@0.2,20260811,True,9c35705dc0ef032dc32a41ef19f1d4f683ae5656eccb02c37f401f0c01a2b047
PRJ-HSP,P06,PRJ-HSP-ENV-01-P06,PRJ-HSP-ENV-01,2027-01-20,COMPLIANT,ENV-EVID-PRJ-HSP-P06-01,ENVIRONMENTAL_COMPLIANCE_REVIEWER,SYNTHETIC_RESEARCH_FIXTURE,OG-SYNTH-0.2,A-0.2,build_opus_synthetic_programme_v0_2.py@0.2,20260811,True,486cb88a1d41e554698185e6d14d83a39bab840904abd7b0f13b22a93eeae31f
PRJ-HSP,P06,PRJ-HSP-ENV-02-P06,PRJ-HSP-ENV-02,2027-01-20,COMPLIANT,ENV-EVID-PRJ-HSP-P06-02,ENVIRONMENTAL_COMPLIANCE_REVIEWER,SYNTHETIC_RESEARCH_FIXTURE,OG-SYNTH-0.2,A-0.2,build_opus_synthetic_programme_v0_2.py@0.2,20260811,True,959437fb8b4771c2585a31f6a05473b99e4dac67df40c8eda23911fc25f4fcc1
PRJ-HSP,P06,PRJ-HSP-ENV-03-P06,PRJ-HSP-ENV-03,2027-01-20,COMPLIANT,ENV-EVID-PRJ-HSP-P06-03,ENVIRONMENTAL_COMPLIANCE_REVIEWER,SYNTHETIC_RESEARCH_FIXTURE,OG-SYNTH-0.2,A-0.2,build_opus_synthetic_programme_v0_2.py@0.2,20260811,True,a8c08a9adf9a39f5f0bf84947cadbb381b2b600c030423f4904cb6d3605d3b88
PRJ-HSP,P06,PRJ-HSP-ENV-04-P06,PRJ-HSP-ENV-04,2027-01-20,COMPLIANT,ENV-EVID-PRJ-HSP-P06-04,ENVIRONMENTAL_COMPLIANCE_REVIEWER,SYNTHETIC_RESEARCH_FIXTURE,OG-SYNTH-0.2,A-0.2,build_opus_synthetic_programme_v0_2.py@0.2,20260811,True,324b3ba1b31641e6b02e2cc2a59f14faa2a1860af3859877861bb1d602bde164
PRJ-HSP,P06,PRJ-HSP-ENV-05-P06,PRJ-HSP-ENV-05,2027-01-20,COMPLIANT,ENV-EVID-PRJ-HSP-P06-05,ENVIRONMENTAL_COMPLIANCE_REVIEWER,SYNTHETIC_RESEARCH_FIXTURE,OG-SYNTH-0.2,A-0.2,build_opus_synthetic_programme_v0_2.py@0.2,20260811,True,3b534d899205e3c55db12b0ab78167ea29b971c196071dc158d00f7109a66efd
PRJ-HSP,P06,PRJ-HSP-ENV-06-P06,PRJ-HSP-ENV-06,2027-01-20,COMPLIANT,ENV-EVID-PRJ-HSP-P06-06,ENVIRONMENTAL_COMPLIANCE_REVIEWER,SYNTHETIC_RESEARCH_FIXTURE,OG-SYNTH-0.2,A-0.2,build_opus_synthetic_programme_v0_2.py@0.2,20260811,True,b4522fc96193a2d91d70ced8f9da8051de394109eea9fb141f253ab023be80e0
PRJ-HSP,P06,PRJ-HSP-ENV-07-P06,PRJ-HSP-ENV-07,2027-01-20,COMPLIANT,ENV-EVID-PRJ-HSP-P06-07,ENVIRONMENTAL_COMPLIANCE_REVIEWER,SYNTHETIC_RESEARCH_FIXTURE,OG-SYNTH-0.2,A-0.2,build_opus_synthetic_programme_v0_2.py@0.2,20260811,True,b02ba3392a61101098f84c666c96493680b99c8a827cd404ee1f9a3288a5dd3e
PRJ-HSP,P06,PRJ-HSP-ENV-08-P06,PRJ-HSP-ENV-08,2027-01-20,COMPLIANT,ENV-EVID-PRJ-HSP-P06-08,ENVIRONMENTAL_COMPLIANCE_REVIEWER,SYNTHETIC_RESEARCH_FIXTURE,OG-SYNTH-0.2,A-0.2,build_opus_synthetic_programme_v0_2.py@0.2,20260811,True,40938fab49604d7b09247848d40b8ad0a6e59d0e48d4d8551fc3e728d8407df1
PRJ-HWY,P01,PRJ-HWY-ENV-01-P01,PRJ-HWY-ENV-01,2026-03-13,COMPLIANT,ENV-EVID-PRJ-HWY-P01-01,ENVIRONMENTAL_COMPLIANCE_REVIEWER,SYNTHETIC_RESEARCH_FIXTURE,OG-SYNTH-0.2,A-0.2,build_opus_synthetic_programme_v0_2.py@0.2,20260811,True,da9999d13ec2fae858daf2ca49fc3a385766ecddafd1a8cad2058ba1fd63ed9a
PRJ-HWY,P01,PRJ-HWY-ENV-02-P01,PRJ-HWY-ENV-02,2026-03-13,COMPLIANT,ENV-EVID-PRJ-HWY-P01-02,ENVIRONMENTAL_COMPLIANCE_REVIEWER,SYNTHETIC_RESEARCH_FIXTURE,OG-SYNTH-0.2,A-0.2,build_opus_synthetic_programme_v0_2.py@0.2,20260811,True,f1b78267d5372489184887aa176751fbd780ef065e446fd9f0fa55afe2505742
PRJ-HWY,P01,PRJ-HWY-ENV-03-P01,PRJ-HWY-ENV-03,2026-03-13,COMPLIANT,ENV-EVID-PRJ-HWY-P01-03,ENVIRONMENTAL_COMPLIANCE_REVIEWER,SYNTHETIC_RESEARCH_FIXTURE,OG-SYNTH-0.2,A-0.2,build_opus_synthetic_programme_v0_2.py@0.2,20260811,True,2b3016dc2b667b00f88b6521e4697b44dd9a5b278277bfe88e32be506d2bf99e
PRJ-HWY,P01,PRJ-HWY-ENV-04-P01,PRJ-HWY-ENV-04,2026-03-13,COMPLIANT,ENV-EVID-PRJ-HWY-P01-04,ENVIRONMENTAL_COMPLIANCE_REVIEWER,SYNTHETIC_RESEARCH_FIXTURE,OG-SYNTH-0.2,A-0.2,build_opus_synthetic_programme_v0_2.py@0.2,20260811,True,8b536adfc4a082d1548101afad837d340963e344a2559816ed0c86877361a6d9
PRJ-HWY,P01,PRJ-HWY-ENV-05-P01,PRJ-HWY-ENV-05,2026-03-13,COMPLIANT,ENV-EVID-PRJ-HWY-P01-05,ENVIRONMENTAL_COMPLIANCE_REVIEWER,SYNTHETIC_RESEARCH_FIXTURE,OG-SYNTH-0.2,A-0.2,build_opus_synthetic_programme_v0_2.py@0.2,20260811,True,2394275baf2c77673995201fa759344ea1474530417a8cbb16f1ed971cad4aeb
PRJ-HWY,P01,PRJ-HWY-ENV-06-P01,PRJ-HWY-ENV-06,2026-03-13,COMPLIANT,ENV-EVID-PRJ-HWY-P01-06,ENVIRONMENTAL_COMPLIANCE_REVIEWER,SYNTHETIC_RESEARCH_FIXTURE,OG-SYNTH-0.2,A-0.2,build_opus_synthetic_programme_v0_2.py@0.2,20260811,True,1fc18aff09441fffcc0a149e63e1992b488ecc58895e3e72351237ec73453354
PRJ-HWY,P01,PRJ-HWY-ENV-07-P01,PRJ-HWY-ENV-07,2026-03-13,COMPLIANT,ENV-EVID-PRJ-HWY-P01-07,ENVIRONMENTAL_COMPLIANCE_REVIEWER,SYNTHETIC_RESEARCH_FIXTURE,OG-SYNTH-0.2,A-0.2,build_opus_synthetic_programme_v0_2.py@0.2,20260811,True,22d7fa5d79e2cdcc9a5b16344c5c1fbc5e8e451d71b3ea194f6d260809779ea8
PRJ-HWY,P01,PRJ-HWY-ENV-08-P01,PRJ-HWY-ENV-08,2026-03-13,COMPLIANT,ENV-EVID-PRJ-HWY-P01-08,ENVIRONMENTAL_COMPLIANCE_REVIEWER,SYNTHETIC_RESEARCH_FIXTURE,OG-SYNTH-0.2,A-0.2,build_opus_synthetic_programme_v0_2.py@0.2,20260811,True,1fda0d8a7045404fb9f2b6dd2be050d214e149fe1a4e4ef7cee6dad1f0a5cd6e
PRJ-HWY,P02,PRJ-HWY-ENV-01-P02,PRJ-HWY-ENV-01,2026-05-03,COMPLIANT,ENV-EVID-PRJ-HWY-P02-01,ENVIRONMENTAL_COMPLIANCE_REVIEWER,SYNTHETIC_RESEARCH_FIXTURE,OG-SYNTH-0.2,A-0.2,build_opus_synthetic_programme_v0_2.py@0.2,20260811,True,df238a388da45c85c8ffb934fcd0c91d49043dc167c4e023d7cca06a8d0e26af
PRJ-HWY,P02,PRJ-HWY-ENV-02-P02,PRJ-HWY-ENV-02,2026-05-03,COMPLIANT,ENV-EVID-PRJ-HWY-P02-02,ENVIRONMENTAL_COMPLIANCE_REVIEWER,SYNTHETIC_RESEARCH_FIXTURE,OG-SYNTH-0.2,A-0.2,build_opus_synthetic_programme_v0_2.py@0.2,20260811,True,d4df3450d9cd8829b358b65e5d7bf7c3c58512c34066c9a55b5a8dd4bfaacfa8
PRJ-HWY,P02,PRJ-HWY-ENV-03-P02,PRJ-HWY-ENV-03,2026-05-03,COMPLIANT,ENV-EVID-PRJ-HWY-P02-03,ENVIRONMENTAL_COMPLIANCE_REVIEWER,SYNTHETIC_RESEARCH_FIXTURE,OG-SYNTH-0.2,A-0.2,build_opus_synthetic_programme_v0_2.py@0.2,20260811,True,ffc3933d920f75881fdd8f0ea491d102a3a4861d96c7bddd6fe17577af154fc4
PRJ-HWY,P02,PRJ-HWY-ENV-04-P02,PRJ-HWY-ENV-04,2026-05-03,COMPLIANT,ENV-EVID-PRJ-HWY-P02-04,ENVIRONMENTAL_COMPLIANCE_REVIEWER,SYNTHETIC_RESEARCH_FIXTURE,OG-SYNTH-0.2,A-0.2,build_opus_synthetic_programme_v0_2.py@0.2,20260811,True,3b06a2b5fc2722428747fde268c026c252e4a1222ba1336989399c6bdfb808ac
PRJ-HWY,P02,PRJ-HWY-ENV-05-P02,PRJ-HWY-ENV-05,2026-05-03,COMPLIANT,ENV-EVID-PRJ-HWY-P02-05,ENVIRONMENTAL_COMPLIANCE_REVIEWER,SYNTHETIC_RESEARCH_FIXTURE,OG-SYNTH-0.2,A-0.2,build_opus_synthetic_programme_v0_2.py@0.2,20260811,True,0ba8cd7551c32ce9c76f268fa4857fb82f7b6697adef30396f98877193e0e623
PRJ-HWY,P02,PRJ-HWY-ENV-06-P02,PRJ-HWY-ENV-06,2026-05-03,NONCOMPLIANT,ENV-EVID-PRJ-HWY-P02-06,ENVIRONMENTAL_COMPLIANCE_REVIEWER,SYNTHETIC_RESEARCH_FIXTURE,OG-SYNTH-0.2,A-0.2,build_opus_synthetic_programme_v0_2.py@0.2,20260811,True,881cf99a103277500e11efa81873c58069ea0e8347298e8efa843c46d1aeebad
PRJ-HWY,P02,PRJ-HWY-ENV-07-P02,PRJ-HWY-ENV-07,2026-05-03,NOT_ASSESSED,ENV-EVID-PRJ-HWY-P02-07,ENVIRONMENTAL_COMPLIANCE_REVIEWER,SYNTHETIC_RESEARCH_FIXTURE,OG-SYNTH-0.2,A-0.2,build_opus_synthetic_programme_v0_2.py@0.2,20260811,True,b068a1f9499acb7f7d337165dc13a1cd6ee4941f1275027185fe58f30096d3ab
PRJ-HWY,P02,PRJ-HWY-ENV-08-P02,PRJ-HWY-ENV-08,2026-05-03,COMPLIANT,ENV-EVID-PRJ-HWY-P02-08,ENVIRONMENTAL_COMPLIANCE_REVIEWER,SYNTHETIC_RESEARCH_FIXTURE,OG-SYNTH-0.2,A-0.2,build_opus_synthetic_programme_v0_2.py@0.2,20260811,True,e4254bbd7bea31f449822a243387a1ad8d6047afc50e3d01847783932ac32641
PRJ-HWY,P03,PRJ-HWY-ENV-01-P03,PRJ-HWY-ENV-01,2026-06-23,COMPLIANT,ENV-EVID-PRJ-HWY-P03-01,ENVIRONMENTAL_COMPLIANCE_REVIEWER,SYNTHETIC_RESEARCH_FIXTURE,OG-SYNTH-0.2,A-0.2,build_opus_synthetic_programme_v0_2.py@0.2,20260811,True,d6227ba06328c5e91c3ee30096b2537b576de1040b76937bf12e8e517662b786
PRJ-HWY,P03,PRJ-HWY-ENV-02-P03,PRJ-HWY-ENV-02,2026-06-23,COMPLIANT,ENV-EVID-PRJ-HWY-P03-02,ENVIRONMENTAL_COMPLIANCE_REVIEWER,SYNTHETIC_RESEARCH_FIXTURE,OG-SYNTH-0.2,A-0.2,build_opus_synthetic_programme_v0_2.py@0.2,20260811,True,4ce0b9fb4469957eeb1f0c9d74490779ec8e824ce839d7bf93304843cba43ba8
PRJ-HWY,P03,PRJ-HWY-ENV-03-P03,PRJ-HWY-ENV-03,2026-06-23,COMPLIANT,ENV-EVID-PRJ-HWY-P03-03,ENVIRONMENTAL_COMPLIANCE_REVIEWER,SYNTHETIC_RESEARCH_FIXTURE,OG-SYNTH-0.2,A-0.2,build_opus_synthetic_programme_v0_2.py@0.2,20260811,True,31e010ff3fbc7cc57f344483643e4c4f8bd738604aad67ab26c140c71d9fbb2c
PRJ-HWY,P03,PRJ-HWY-ENV-04-P03,PRJ-HWY-ENV-04,2026-06-23,COMPLIANT,ENV-EVID-PRJ-HWY-P03-04,ENVIRONMENTAL_COMPLIANCE_REVIEWER,SYNTHETIC_RESEARCH_FIXTURE,OG-SYNTH-0.2,A-0.2,build_opus_synthetic_programme_v0_2.py@0.2,20260811,True,32751944b58f02d09526445d438619fb94757d0361e0001cd3b9774723245c95
PRJ-HWY,P03,PRJ-HWY-ENV-05-P03,PRJ-HWY-ENV-05,2026-06-23,COMPLIANT,ENV-EVID-PRJ-HWY-P03-05,ENVIRONMENTAL_COMPLIANCE_REVIEWER,SYNTHETIC_RESEARCH_FIXTURE,OG-SYNTH-0.2,A-0.2,build_opus_synthetic_programme_v0_2.py@0.2,20260811,True,62afc13bdd18b7b53d8c9083079fedc5175a93f5ef82589d3a302ffb97706a2d
PRJ-HWY,P03,PRJ-HWY-ENV-06-P03,PRJ-HWY-ENV-06,2026-06-23,COMPLIANT,ENV-EVID-PRJ-HWY-P03-06,ENVIRONMENTAL_COMPLIANCE_REVIEWER,SYNTHETIC_RESEARCH_FIXTURE,OG-SYNTH-0.2,A-0.2,build_opus_synthetic_programme_v0_2.py@0.2,20260811,True,2c610b0b74185d1db841ab1012566734f2f6c92ce123f66a654ce2f41afad646
PRJ-HWY,P03,PRJ-HWY-ENV-07-P03,PRJ-HWY-ENV-07,2026-06-23,COMPLIANT,ENV-EVID-PRJ-HWY-P03-07,ENVIRONMENTAL_COMPLIANCE_REVIEWER,SYNTHETIC_RESEARCH_FIXTURE,OG-SYNTH-0.2,A-0.2,build_opus_synthetic_programme_v0_2.py@0.2,20260811,True,7c911f97793f5ecf01bbacd0f7d329c23ef262ece3438c886217f16ac5c76f16
PRJ-HWY,P03,PRJ-HWY-ENV-08-P03,PRJ-HWY-ENV-08,2026-06-23,COMPLIANT,ENV-EVID-PRJ-HWY-P03-08,ENVIRONMENTAL_COMPLIANCE_REVIEWER,SYNTHETIC_RESEARCH_FIXTURE,OG-SYNTH-0.2,A-0.2,build_opus_synthetic_programme_v0_2.py@0.2,20260811,True,5ad3d2ef0d96bf0a5afc90c107be69c83f7e05539d76dd23188599e7378257c9
PRJ-HWY,P04,PRJ-HWY-ENV-01-P04,PRJ-HWY-ENV-01,2026-08-13,COMPLIANT,ENV-EVID-PRJ-HWY-P04-01,ENVIRONMENTAL_COMPLIANCE_REVIEWER,SYNTHETIC_RESEARCH_FIXTURE,OG-SYNTH-0.2,A-0.2,build_opus_synthetic_programme_v0_2.py@0.2,20260811,True,e5b86e61596dfefca167b3b56ff298c3c2763d786b8dd970cddd7a2dcc27c623
PRJ-HWY,P04,PRJ-HWY-ENV-02-P04,PRJ-HWY-ENV-02,2026-08-13,COMPLIANT,ENV-EVID-PRJ-HWY-P04-02,ENVIRONMENTAL_COMPLIANCE_REVIEWER,SYNTHETIC_RESEARCH_FIXTURE,OG-SYNTH-0.2,A-0.2,build_opus_synthetic_programme_v0_2.py@0.2,20260811,True,d8f9c1946c94e1c875641cfe28630b77f42ef8361cfba4602705b335b09f09b3
PRJ-HWY,P04,PRJ-HWY-ENV-03-P04,PRJ-HWY-ENV-03,2026-08-13,COMPLIANT,ENV-EVID-PRJ-HWY-P04-03,ENVIRONMENTAL_COMPLIANCE_REVIEWER,SYNTHETIC_RESEARCH_FIXTURE,OG-SYNTH-0.2,A-0.2,build_opus_synthetic_programme_v0_2.py@0.2,20260811,True,966ff9b414a2c7f467c859866dbb03611fab9154bd86df10515e73b4636e17b9
PRJ-HWY,P04,PRJ-HWY-ENV-04-P04,PRJ-HWY-ENV-04,2026-08-13,COMPLIANT,ENV-EVID-PRJ-HWY-P04-04,ENVIRONMENTAL_COMPLIANCE_REVIEWER,SYNTHETIC_RESEARCH_FIXTURE,OG-SYNTH-0.2,A-0.2,build_opus_synthetic_programme_v0_2.py@0.2,20260811,True,6b02107eb2167a862c8c53d51dc61c23c2baffce5e8628dac28b2ba1b38f79a8
PRJ-HWY,P04,PRJ-HWY-ENV-05-P04,PRJ-HWY-ENV-05,2026-08-13,COMPLIANT,ENV-EVID-PRJ-HWY-P04-05,ENVIRONMENTAL_COMPLIANCE_REVIEWER,SYNTHETIC_RESEARCH_FIXTURE,OG-SYNTH-0.2,A-0.2,build_opus_synthetic_programme_v0_2.py@0.2,20260811,True,0e3ceac4e7db8412a9cf86683be4421a29a7c8838129d1912ec72a6e0d4d869e
PRJ-HWY,P04,PRJ-HWY-ENV-06-P04,PRJ-HWY-ENV-06,2026-08-13,COMPLIANT,ENV-EVID-PRJ-HWY-P04-06,ENVIRONMENTAL_COMPLIANCE_REVIEWER,SYNTHETIC_RESEARCH_FIXTURE,OG-SYNTH-0.2,A-0.2,build_opus_synthetic_programme_v0_2.py@0.2,20260811,True,deeb3321f25e731716c1d9821473bff0ef672ae9cf2c15224e34364d687cc6cd
PRJ-HWY,P04,PRJ-HWY-ENV-07-P04,PRJ-HWY-ENV-07,2026-08-13,COMPLIANT,ENV-EVID-PRJ-HWY-P04-07,ENVIRONMENTAL_COMPLIANCE_REVIEWER,SYNTHETIC_RESEARCH_FIXTURE,OG-SYNTH-0.2,A-0.2,build_opus_synthetic_programme_v0_2.py@0.2,20260811,True,22798dbcc21fbd53b2d5dd00ec68302b42f093d345ad9ec2c737a54e01a880cf
PRJ-HWY,P04,PRJ-HWY-ENV-08-P04,PRJ-HWY-ENV-08,2026-08-13,COMPLIANT,ENV-EVID-PRJ-HWY-P04-08,ENVIRONMENTAL_COMPLIANCE_REVIEWER,SYNTHETIC_RESEARCH_FIXTURE,OG-SYNTH-0.2,A-0.2,build_opus_synthetic_programme_v0_2.py@0.2,20260811,True,2c395ddd2cb3c16faa1f4b7e81abf76d729d0b28006c63a6b6a8952cf285ad44
PRJ-HWY,P05,PRJ-HWY-ENV-01-P05,PRJ-HWY-ENV-01,2026-10-03,COMPLIANT,ENV-EVID-PRJ-HWY-P05-01,ENVIRONMENTAL_COMPLIANCE_REVIEWER,SYNTHETIC_RESEARCH_FIXTURE,OG-SYNTH-0.2,A-0.2,build_opus_synthetic_programme_v0_2.py@0.2,20260811,True,c441e11b71c42c8c29d8239f2fa361173a40c49f5be1977c52136c5850b05e9c
PRJ-HWY,P05,PRJ-HWY-ENV-02-P05,PRJ-HWY-ENV-02,2026-10-03,COMPLIANT,ENV-EVID-PRJ-HWY-P05-02,ENVIRONMENTAL_COMPLIANCE_REVIEWER,SYNTHETIC_RESEARCH_FIXTURE,OG-SYNTH-0.2,A-0.2,build_opus_synthetic_programme_v0_2.py@0.2,20260811,True,711fd8c7e8ca8b9854f983decb751e583a5748bfdc7337dbbd0f891f6c7b2cd9
PRJ-HWY,P05,PRJ-HWY-ENV-03-P05,PRJ-HWY-ENV-03,2026-10-03,COMPLIANT,ENV-EVID-PRJ-HWY-P05-03,ENVIRONMENTAL_COMPLIANCE_REVIEWER,SYNTHETIC_RESEARCH_FIXTURE,OG-SYNTH-0.2,A-0.2,build_opus_synthetic_programme_v0_2.py@0.2,20260811,True,1836cd22c77681ffc7598dd037ef0fa5e33aed65cc3aba97ffb17be4c969335c
PRJ-HWY,P05,PRJ-HWY-ENV-04-P05,PRJ-HWY-ENV-04,2026-10-03,COMPLIANT,ENV-EVID-PRJ-HWY-P05-04,ENVIRONMENTAL_COMPLIANCE_REVIEWER,SYNTHETIC_RESEARCH_FIXTURE,OG-SYNTH-0.2,A-0.2,build_opus_synthetic_programme_v0_2.py@0.2,20260811,True,27d16eac56f3927e8e5983ea68d903a3c8820a7b321258f10de92c604b325026
PRJ-HWY,P05,PRJ-HWY-ENV-05-P05,PRJ-HWY-ENV-05,2026-10-03,COMPLIANT,ENV-EVID-PRJ-HWY-P05-05,ENVIRONMENTAL_COMPLIANCE_REVIEWER,SYNTHETIC_RESEARCH_FIXTURE,OG-SYNTH-0.2,A-0.2,build_opus_synthetic_programme_v0_2.py@0.2,20260811,True,494dcacabcffef9bb2085d32cd581b0b0bd06fe0187c0c2469bbedbdc5675cce
PRJ-HWY,P05,PRJ-HWY-ENV-06-P05,PRJ-HWY-ENV-06,2026-10-03,COMPLIANT,ENV-EVID-PRJ-HWY-P05-06,ENVIRONMENTAL_COMPLIANCE_REVIEWER,SYNTHETIC_RESEARCH_FIXTURE,OG-SYNTH-0.2,A-0.2,build_opus_synthetic_programme_v0_2.py@0.2,20260811,True,0e32fc36c33e29760cec1fd1b22c535416bfec0cb5d161a3908200dfc0f8bd16
PRJ-HWY,P05,PRJ-HWY-ENV-07-P05,PRJ-HWY-ENV-07,2026-10-03,COMPLIANT,ENV-EVID-PRJ-HWY-P05-07,ENVIRONMENTAL_COMPLIANCE_REVIEWER,SYNTHETIC_RESEARCH_FIXTURE,OG-SYNTH-0.2,A-0.2,build_opus_synthetic_programme_v0_2.py@0.2,20260811,True,f4994a15ec1169ed52b1a56ea70f3a5a35c73a8cb741246f17c700e8dffe2bdc
PRJ-HWY,P05,PRJ-HWY-ENV-08-P05,PRJ-HWY-ENV-08,2026-10-03,COMPLIANT,ENV-EVID-PRJ-HWY-P05-08,ENVIRONMENTAL_COMPLIANCE_REVIEWER,SYNTHETIC_RESEARCH_FIXTURE,OG-SYNTH-0.2,A-0.2,build_opus_synthetic_programme_v0_2.py@0.2,20260811,True,1818a2be5e944ccd4a5dc0eb75f26a746c5906717a15540dfdf055b26680e189
PRJ-HWY,P06,PRJ-HWY-ENV-01-P06,PRJ-HWY-ENV-01,2026-11-24,COMPLIANT,ENV-EVID-PRJ-HWY-P06-01,ENVIRONMENTAL_COMPLIANCE_REVIEWER,SYNTHETIC_RESEARCH_FIXTURE,OG-SYNTH-0.2,A-0.2,build_opus_synthetic_programme_v0_2.py@0.2,20260811,True,6440ea55b719f465d9a4d9c875c24b70e665c89ef9a41b48f50348377027c275
PRJ-HWY,P06,PRJ-HWY-ENV-02-P06,PRJ-HWY-ENV-02,2026-11-24,COMPLIANT,ENV-EVID-PRJ-HWY-P06-02,ENVIRONMENTAL_COMPLIANCE_REVIEWER,SYNTHETIC_RESEARCH_FIXTURE,OG-SYNTH-0.2,A-0.2,build_opus_synthetic_programme_v0_2.py@0.2,20260811,True,c576ca7473fdd3e0450f067c35bf1c8ca8530db5737dfdef1dff479858307ba8
PRJ-HWY,P06,PRJ-HWY-ENV-03-P06,PRJ-HWY-ENV-03,2026-11-24,NONCOMPLIANT,ENV-EVID-PRJ-HWY-P06-03,ENVIRONMENTAL_COMPLIANCE_REVIEWER,SYNTHETIC_RESEARCH_FIXTURE,OG-SYNTH-0.2,A-0.2,build_opus_synthetic_programme_v0_2.py@0.2,20260811,True,a7759be6df77be080363b2676c2428f89ba84a125a2c07b45c010913398a956b
PRJ-HWY,P06,PRJ-HWY-ENV-04-P06,PRJ-HWY-ENV-04,2026-11-24,COMPLIANT,ENV-EVID-PRJ-HWY-P06-04,ENVIRONMENTAL_COMPLIANCE_REVIEWER,SYNTHETIC_RESEARCH_FIXTURE,OG-SYNTH-0.2,A-0.2,build_opus_synthetic_programme_v0_2.py@0.2,20260811,True,367f21768811673bfc4d6295e133a67c834dcb7df57002c449f7f1bfee507c0b
PRJ-HWY,P06,PRJ-HWY-ENV-05-P06,PRJ-HWY-ENV-05,2026-11-24,COMPLIANT,ENV-EVID-PRJ-HWY-P06-05,ENVIRONMENTAL_COMPLIANCE_REVIEWER,SYNTHETIC_RESEARCH_FIXTURE,OG-SYNTH-0.2,A-0.2,build_opus_synthetic_programme_v0_2.py@0.2,20260811,True,cb92e28e57473c7a2f995c8e62be0fe6728996c400e6692ff361e4ebb193ab87
PRJ-HWY,P06,PRJ-HWY-ENV-06-P06,PRJ-HWY-ENV-06,2026-11-24,COMPLIANT,ENV-EVID-PRJ-HWY-P06-06,ENVIRONMENTAL_COMPLIANCE_REVIEWER,SYNTHETIC_RESEARCH_FIXTURE,OG-SYNTH-0.2,A-0.2,build_opus_synthetic_programme_v0_2.py@0.2,20260811,True,ac21c72db575621c87c2fdbcede2274911d5805477d43b0bd2736f8fca56c2e2
PRJ-HWY,P06,PRJ-HWY-ENV-07-P06,PRJ-HWY-ENV-07,2026-11-24,NONCOMPLIANT,ENV-EVID-PRJ-HWY-P06-07,ENVIRONMENTAL_COMPLIANCE_REVIEWER,SYNTHETIC_RESEARCH_FIXTURE,OG-SYNTH-0.2,A-0.2,build_opus_synthetic_programme_v0_2.py@0.2,20260811,True,32b9ccdeb626315a43cf6581c23fb3e0e46ab2da48719c168cba864a2490c28b
PRJ-HWY,P06,PRJ-HWY-ENV-08-P06,PRJ-HWY-ENV-08,2026-11-24,COMPLIANT,ENV-EVID-PRJ-HWY-P06-08,ENVIRONMENTAL_COMPLIANCE_REVIEWER,SYNTHETIC_RESEARCH_FIXTURE,OG-SYNTH-0.2,A-0.2,build_opus_synthetic_programme_v0_2.py@0.2,20260811,True,0df8e87b35051e0c080bd13259d6db5ee2c51efa8467b7102f986bee6a631a23
PRJ-RAL,P01,PRJ-RAL-ENV-01-P01,PRJ-RAL-ENV-01,2026-05-16,COMPLIANT,ENV-EVID-PRJ-RAL-P01-01,ENVIRONMENTAL_COMPLIANCE_REVIEWER,SYNTHETIC_RESEARCH_FIXTURE,OG-SYNTH-0.2,A-0.2,build_opus_synthetic_programme_v0_2.py@0.2,20260811,True,85faf8822ba693cbd95b54b6bf50fc906468d7cf687e940c58880c268561f278
PRJ-RAL,P01,PRJ-RAL-ENV-02-P01,PRJ-RAL-ENV-02,2026-05-16,COMPLIANT,ENV-EVID-PRJ-RAL-P01-02,ENVIRONMENTAL_COMPLIANCE_REVIEWER,SYNTHETIC_RESEARCH_FIXTURE,OG-SYNTH-0.2,A-0.2,build_opus_synthetic_programme_v0_2.py@0.2,20260811,True,60c97a7e19fb45256b5de0cfd57a9d2044ffe9eaefe1e54e77e243075581d9ae
PRJ-RAL,P01,PRJ-RAL-ENV-03-P01,PRJ-RAL-ENV-03,2026-05-16,COMPLIANT,ENV-EVID-PRJ-RAL-P01-03,ENVIRONMENTAL_COMPLIANCE_REVIEWER,SYNTHETIC_RESEARCH_FIXTURE,OG-SYNTH-0.2,A-0.2,build_opus_synthetic_programme_v0_2.py@0.2,20260811,True,7d956a81b898e44545748ba344b04fe560ad4d79d571fb91f19da57fca120e3b
PRJ-RAL,P01,PRJ-RAL-ENV-04-P01,PRJ-RAL-ENV-04,2026-05-16,COMPLIANT,ENV-EVID-PRJ-RAL-P01-04,ENVIRONMENTAL_COMPLIANCE_REVIEWER,SYNTHETIC_RESEARCH_FIXTURE,OG-SYNTH-0.2,A-0.2,build_opus_synthetic_programme_v0_2.py@0.2,20260811,True,cdd4652d89b5d9a74d7deeb69abb2a3a8931852f0dde09e88efda210c9ab770a
PRJ-RAL,P01,PRJ-RAL-ENV-05-P01,PRJ-RAL-ENV-05,2026-05-16,COMPLIANT,ENV-EVID-PRJ-RAL-P01-05,ENVIRONMENTAL_COMPLIANCE_REVIEWER,SYNTHETIC_RESEARCH_FIXTURE,OG-SYNTH-0.2,A-0.2,build_opus_synthetic_programme_v0_2.py@0.2,20260811,True,e81929960fa33e2ae4fd654906514557ec5b08ed4a2e686c2b099520e143ccbd
PRJ-RAL,P01,PRJ-RAL-ENV-06-P01,PRJ-RAL-ENV-06,2026-05-16,COMPLIANT,ENV-EVID-PRJ-RAL-P01-06,ENVIRONMENTAL_COMPLIANCE_REVIEWER,SYNTHETIC_RESEARCH_FIXTURE,OG-SYNTH-0.2,A-0.2,build_opus_synthetic_programme_v0_2.py@0.2,20260811,True,673ecbc9d98f52f9495388981dcc8d5dcf0cb5dbbb423bce051cd57971bba7f1
PRJ-RAL,P01,PRJ-RAL-ENV-07-P01,PRJ-RAL-ENV-07,2026-05-16,COMPLIANT,ENV-EVID-PRJ-RAL-P01-07,ENVIRONMENTAL_COMPLIANCE_REVIEWER,SYNTHETIC_RESEARCH_FIXTURE,OG-SYNTH-0.2,A-0.2,build_opus_synthetic_programme_v0_2.py@0.2,20260811,True,c83dd3c645e7a6cc9d0585c886afe87761a1c76a4848632659d590a8dbbb5a81
PRJ-RAL,P01,PRJ-RAL-ENV-08-P01,PRJ-RAL-ENV-08,2026-05-16,COMPLIANT,ENV-EVID-PRJ-RAL-P01-08,ENVIRONMENTAL_COMPLIANCE_REVIEWER,SYNTHETIC_RESEARCH_FIXTURE,OG-SYNTH-0.2,A-0.2,build_opus_synthetic_programme_v0_2.py@0.2,20260811,True,4f6b90d55f9fdf877ac7edd2413fda7eeb71f787d57d10603c41fae7a0aa2ecc
PRJ-RAL,P02,PRJ-RAL-ENV-01-P02,PRJ-RAL-ENV-01,2026-07-07,COMPLIANT,ENV-EVID-PRJ-RAL-P02-01,ENVIRONMENTAL_COMPLIANCE_REVIEWER,SYNTHETIC_RESEARCH_FIXTURE,OG-SYNTH-0.2,A-0.2,build_opus_synthetic_programme_v0_2.py@0.2,20260811,True,1b371ad0c2d98acddbbf2c3bec25a38fdb4df3dae06cd8a047b7ee329cb3a94f
PRJ-RAL,P02,PRJ-RAL-ENV-02-P02,PRJ-RAL-ENV-02,2026-07-07,COMPLIANT,ENV-EVID-PRJ-RAL-P02-02,ENVIRONMENTAL_COMPLIANCE_REVIEWER,SYNTHETIC_RESEARCH_FIXTURE,OG-SYNTH-0.2,A-0.2,build_opus_synthetic_programme_v0_2.py@0.2,20260811,True,6230394dbeb47ca6501117d671b2304d1123d676ecd8e83382636253c961f04d
PRJ-RAL,P02,PRJ-RAL-ENV-03-P02,PRJ-RAL-ENV-03,2026-07-07,COMPLIANT,ENV-EVID-PRJ-RAL-P02-03,ENVIRONMENTAL_COMPLIANCE_REVIEWER,SYNTHETIC_RESEARCH_FIXTURE,OG-SYNTH-0.2,A-0.2,build_opus_synthetic_programme_v0_2.py@0.2,20260811,True,2ff88ec83e4c9bcef2f48f89000cae37c86c1839b515eef5ce5506d32ee926b4
PRJ-RAL,P02,PRJ-RAL-ENV-04-P02,PRJ-RAL-ENV-04,2026-07-07,COMPLIANT,ENV-EVID-PRJ-RAL-P02-04,ENVIRONMENTAL_COMPLIANCE_REVIEWER,SYNTHETIC_RESEARCH_FIXTURE,OG-SYNTH-0.2,A-0.2,build_opus_synthetic_programme_v0_2.py@0.2,20260811,True,ba5d0f40c0df62861e2e65faebecc3af9228bb1afa495e54ee029df2dbc7368a
PRJ-RAL,P02,PRJ-RAL-ENV-05-P02,PRJ-RAL-ENV-05,2026-07-07,COMPLIANT,ENV-EVID-PRJ-RAL-P02-05,ENVIRONMENTAL_COMPLIANCE_REVIEWER,SYNTHETIC_RESEARCH_FIXTURE,OG-SYNTH-0.2,A-0.2,build_opus_synthetic_programme_v0_2.py@0.2,20260811,True,e7d93a6ad0b6158c23d0e2c992e96e285592c023925bf45629b9e61562272f65
PRJ-RAL,P02,PRJ-RAL-ENV-06-P02,PRJ-RAL-ENV-06,2026-07-07,COMPLIANT,ENV-EVID-PRJ-RAL-P02-06,ENVIRONMENTAL_COMPLIANCE_REVIEWER,SYNTHETIC_RESEARCH_FIXTURE,OG-SYNTH-0.2,A-0.2,build_opus_synthetic_programme_v0_2.py@0.2,20260811,True,74f6061cfe03eacf4bfe65c6dee5b91f275f05653e49f3be03cad3aa75e89f1f
PRJ-RAL,P02,PRJ-RAL-ENV-07-P02,PRJ-RAL-ENV-07,2026-07-07,COMPLIANT,ENV-EVID-PRJ-RAL-P02-07,ENVIRONMENTAL_COMPLIANCE_REVIEWER,SYNTHETIC_RESEARCH_FIXTURE,OG-SYNTH-0.2,A-0.2,build_opus_synthetic_programme_v0_2.py@0.2,20260811,True,bf65a82cd1ecc98dcead225bf60830d427a5b719f3ef1c5e229745c45a3fad61
PRJ-RAL,P02,PRJ-RAL-ENV-08-P02,PRJ-RAL-ENV-08,2026-07-07,COMPLIANT,ENV-EVID-PRJ-RAL-P02-08,ENVIRONMENTAL_COMPLIANCE_REVIEWER,SYNTHETIC_RESEARCH_FIXTURE,OG-SYNTH-0.2,A-0.2,build_opus_synthetic_programme_v0_2.py@0.2,20260811,True,ffe0a8bace35bfb47dc3f3f62d581e1c3108f6dd0e8095c83bec4390a546447f
PRJ-RAL,P03,PRJ-RAL-ENV-01-P03,PRJ-RAL-ENV-01,2026-08-29,COMPLIANT,ENV-EVID-PRJ-RAL-P03-01,ENVIRONMENTAL_COMPLIANCE_REVIEWER,SYNTHETIC_RESEARCH_FIXTURE,OG-SYNTH-0.2,A-0.2,build_opus_synthetic_programme_v0_2.py@0.2,20260811,True,7f44495f305f3135b2ea705452bc31a528dc83b3ac345cafbbed6fadc8dda8d7
PRJ-RAL,P03,PRJ-RAL-ENV-02-P03,PRJ-RAL-ENV-02,2026-08-29,COMPLIANT,ENV-EVID-PRJ-RAL-P03-02,ENVIRONMENTAL_COMPLIANCE_REVIEWER,SYNTHETIC_RESEARCH_FIXTURE,OG-SYNTH-0.2,A-0.2,build_opus_synthetic_programme_v0_2.py@0.2,20260811,True,3f8a169beffbabce645f80faddaa85e257ebcd1a1c655a5544d4e6828dbc9c2f
PRJ-RAL,P03,PRJ-RAL-ENV-03-P03,PRJ-RAL-ENV-03,2026-08-29,COMPLIANT,ENV-EVID-PRJ-RAL-P03-03,ENVIRONMENTAL_COMPLIANCE_REVIEWER,SYNTHETIC_RESEARCH_FIXTURE,OG-SYNTH-0.2,A-0.2,build_opus_synthetic_programme_v0_2.py@0.2,20260811,True,a99029afa5628c8e94fe30b9df767ec6e8b0491ac900f218b3662a0a2e12112a
PRJ-RAL,P03,PRJ-RAL-ENV-04-P03,PRJ-RAL-ENV-04,2026-08-29,COMPLIANT,ENV-EVID-PRJ-RAL-P03-04,ENVIRONMENTAL_COMPLIANCE_REVIEWER,SYNTHETIC_RESEARCH_FIXTURE,OG-SYNTH-0.2,A-0.2,build_opus_synthetic_programme_v0_2.py@0.2,20260811,True,b721b2a630b7b32211994937d0f30d8903e5b77ee8463e6c25db6935a7e65190
PRJ-RAL,P03,PRJ-RAL-ENV-05-P03,PRJ-RAL-ENV-05,2026-08-29,COMPLIANT,ENV-EVID-PRJ-RAL-P03-05,ENVIRONMENTAL_COMPLIANCE_REVIEWER,SYNTHETIC_RESEARCH_FIXTURE,OG-SYNTH-0.2,A-0.2,build_opus_synthetic_programme_v0_2.py@0.2,20260811,True,3ab9d1703bb9761498d3b9025a241e1e72a0ae5d2a73a028f1f6934216db3643
PRJ-RAL,P03,PRJ-RAL-ENV-06-P03,PRJ-RAL-ENV-06,2026-08-29,COMPLIANT,ENV-EVID-PRJ-RAL-P03-06,ENVIRONMENTAL_COMPLIANCE_REVIEWER,SYNTHETIC_RESEARCH_FIXTURE,OG-SYNTH-0.2,A-0.2,build_opus_synthetic_programme_v0_2.py@0.2,20260811,True,5b549e422865ec487c7e2efac69bce69929216d05c7a9c4a941979810c67af7b
PRJ-RAL,P03,PRJ-RAL-ENV-07-P03,PRJ-RAL-ENV-07,2026-08-29,COMPLIANT,ENV-EVID-PRJ-RAL-P03-07,ENVIRONMENTAL_COMPLIANCE_REVIEWER,SYNTHETIC_RESEARCH_FIXTURE,OG-SYNTH-0.2,A-0.2,build_opus_synthetic_programme_v0_2.py@0.2,20260811,True,1c34ca3a26d787e353b961e1c0203e2cddf64fefb175b8396f69912c09ea3117
PRJ-RAL,P03,PRJ-RAL-ENV-08-P03,PRJ-RAL-ENV-08,2026-08-29,COMPLIANT,ENV-EVID-PRJ-RAL-P03-08,ENVIRONMENTAL_COMPLIANCE_REVIEWER,SYNTHETIC_RESEARCH_FIXTURE,OG-SYNTH-0.2,A-0.2,build_opus_synthetic_programme_v0_2.py@0.2,20260811,True,d755812f19b4d4fb5b877a06bb95d63494dcc3937074124893776b221c408cc4
PRJ-RAL,P04,PRJ-RAL-ENV-01-P04,PRJ-RAL-ENV-01,2026-10-20,COMPLIANT,ENV-EVID-PRJ-RAL-P04-01,ENVIRONMENTAL_COMPLIANCE_REVIEWER,SYNTHETIC_RESEARCH_FIXTURE,OG-SYNTH-0.2,A-0.2,build_opus_synthetic_programme_v0_2.py@0.2,20260811,True,09441de3f19cea502600c0c0ae39f6215581d5a62bf54f0d5e8ab34913aa946a
PRJ-RAL,P04,PRJ-RAL-ENV-02-P04,PRJ-RAL-ENV-02,2026-10-20,COMPLIANT,ENV-EVID-PRJ-RAL-P04-02,ENVIRONMENTAL_COMPLIANCE_REVIEWER,SYNTHETIC_RESEARCH_FIXTURE,OG-SYNTH-0.2,A-0.2,build_opus_synthetic_programme_v0_2.py@0.2,20260811,True,91727efbf16dde085d5d65f0b39a12925d2b694d0bbce5a2db57f386a76e2b5a
PRJ-RAL,P04,PRJ-RAL-ENV-03-P04,PRJ-RAL-ENV-03,2026-10-20,COMPLIANT,ENV-EVID-PRJ-RAL-P04-03,ENVIRONMENTAL_COMPLIANCE_REVIEWER,SYNTHETIC_RESEARCH_FIXTURE,OG-SYNTH-0.2,A-0.2,build_opus_synthetic_programme_v0_2.py@0.2,20260811,True,bc2fffce7ea6681d9e3dc0c23cd2cd641e76241aed98740e2a7b943aa6b98ce3
PRJ-RAL,P04,PRJ-RAL-ENV-04-P04,PRJ-RAL-ENV-04,2026-10-20,COMPLIANT,ENV-EVID-PRJ-RAL-P04-04,ENVIRONMENTAL_COMPLIANCE_REVIEWER,SYNTHETIC_RESEARCH_FIXTURE,OG-SYNTH-0.2,A-0.2,build_opus_synthetic_programme_v0_2.py@0.2,20260811,True,a2caf565d70d277cf4e09d78f13d40a2452d18560954a66e80e69414ff72e6e9
PRJ-RAL,P04,PRJ-RAL-ENV-05-P04,PRJ-RAL-ENV-05,2026-10-20,COMPLIANT,ENV-EVID-PRJ-RAL-P04-05,ENVIRONMENTAL_COMPLIANCE_REVIEWER,SYNTHETIC_RESEARCH_FIXTURE,OG-SYNTH-0.2,A-0.2,build_opus_synthetic_programme_v0_2.py@0.2,20260811,True,9fbc0db900ffe3e644e12a23fadeeb22b420f77aaa7f3d18a263de7606ef685d
PRJ-RAL,P04,PRJ-RAL-ENV-06-P04,PRJ-RAL-ENV-06,2026-10-20,COMPLIANT,ENV-EVID-PRJ-RAL-P04-06,ENVIRONMENTAL_COMPLIANCE_REVIEWER,SYNTHETIC_RESEARCH_FIXTURE,OG-SYNTH-0.2,A-0.2,build_opus_synthetic_programme_v0_2.py@0.2,20260811,True,3fc48d8bcf016f1d99d4a1ffe38df9da7c316f88e7a7e68470581ae66432c671
PRJ-RAL,P04,PRJ-RAL-ENV-07-P04,PRJ-RAL-ENV-07,2026-10-20,COMPLIANT,ENV-EVID-PRJ-RAL-P04-07,ENVIRONMENTAL_COMPLIANCE_REVIEWER,SYNTHETIC_RESEARCH_FIXTURE,OG-SYNTH-0.2,A-0.2,build_opus_synthetic_programme_v0_2.py@0.2,20260811,True,233200e607a8f351a8eaa8354d30a5094296dd5ea0a1294e70073e6622a26a5e
PRJ-RAL,P04,PRJ-RAL-ENV-08-P04,PRJ-RAL-ENV-08,2026-10-20,COMPLIANT,ENV-EVID-PRJ-RAL-P04-08,ENVIRONMENTAL_COMPLIANCE_REVIEWER,SYNTHETIC_RESEARCH_FIXTURE,OG-SYNTH-0.2,A-0.2,build_opus_synthetic_programme_v0_2.py@0.2,20260811,True,f6eef8696c68d7be40ea9643601a647bdf01fb841d8945966d283bd1aff260d1
PRJ-RAL,P05,PRJ-RAL-ENV-01-P05,PRJ-RAL-ENV-01,2026-12-11,COMPLIANT,ENV-EVID-PRJ-RAL-P05-01,ENVIRONMENTAL_COMPLIANCE_REVIEWER,SYNTHETIC_RESEARCH_FIXTURE,OG-SYNTH-0.2,A-0.2,build_opus_synthetic_programme_v0_2.py@0.2,20260811,True,655cd83fbe6d7a2e10021ebab138683b1cb4aef39f2e08903cf27a125eaa1562
PRJ-RAL,P05,PRJ-RAL-ENV-02-P05,PRJ-RAL-ENV-02,2026-12-11,COMPLIANT,ENV-EVID-PRJ-RAL-P05-02,ENVIRONMENTAL_COMPLIANCE_REVIEWER,SYNTHETIC_RESEARCH_FIXTURE,OG-SYNTH-0.2,A-0.2,build_opus_synthetic_programme_v0_2.py@0.2,20260811,True,113920a3d46313172cca9131e55e2c31424e9cf567f7962d1f166907a8ee8fc1
PRJ-RAL,P05,PRJ-RAL-ENV-03-P05,PRJ-RAL-ENV-03,2026-12-11,COMPLIANT,ENV-EVID-PRJ-RAL-P05-03,ENVIRONMENTAL_COMPLIANCE_REVIEWER,SYNTHETIC_RESEARCH_FIXTURE,OG-SYNTH-0.2,A-0.2,build_opus_synthetic_programme_v0_2.py@0.2,20260811,True,0b89058667b588d46f48a5941735f96230d1ffb18a8a2fc9e934172d218d2038
PRJ-RAL,P05,PRJ-RAL-ENV-04-P05,PRJ-RAL-ENV-04,2026-12-11,NONCOMPLIANT,ENV-EVID-PRJ-RAL-P05-04,ENVIRONMENTAL_COMPLIANCE_REVIEWER,SYNTHETIC_RESEARCH_FIXTURE,OG-SYNTH-0.2,A-0.2,build_opus_synthetic_programme_v0_2.py@0.2,20260811,True,053b56a2dcbdf08106732b16f94b6f1c7972f1d8ab38b360d156432b025e671e
PRJ-RAL,P05,PRJ-RAL-ENV-05-P05,PRJ-RAL-ENV-05,2026-12-11,COMPLIANT,ENV-EVID-PRJ-RAL-P05-05,ENVIRONMENTAL_COMPLIANCE_REVIEWER,SYNTHETIC_RESEARCH_FIXTURE,OG-SYNTH-0.2,A-0.2,build_opus_synthetic_programme_v0_2.py@0.2,20260811,True,5333760942c5e4ac05364454035372923f24526c3f7b76f8fe109ac4a1b97189
PRJ-RAL,P05,PRJ-RAL-ENV-06-P05,PRJ-RAL-ENV-06,2026-12-11,NONCOMPLIANT,ENV-EVID-PRJ-RAL-P05-06,ENVIRONMENTAL_COMPLIANCE_REVIEWER,SYNTHETIC_RESEARCH_FIXTURE,OG-SYNTH-0.2,A-0.2,build_opus_synthetic_programme_v0_2.py@0.2,20260811,True,0933a79be0da5fb80a258e88a5eae6710013d1d4d83c6463c0dad19e55705da3
PRJ-RAL,P05,PRJ-RAL-ENV-07-P05,PRJ-RAL-ENV-07,2026-12-11,COMPLIANT,ENV-EVID-PRJ-RAL-P05-07,ENVIRONMENTAL_COMPLIANCE_REVIEWER,SYNTHETIC_RESEARCH_FIXTURE,OG-SYNTH-0.2,A-0.2,build_opus_synthetic_programme_v0_2.py@0.2,20260811,True,5da4eb299164b1de97330fc783556763f7dd3da42f73c11218f8230ba8c59054
PRJ-RAL,P05,PRJ-RAL-ENV-08-P05,PRJ-RAL-ENV-08,2026-12-11,COMPLIANT,ENV-EVID-PRJ-RAL-P05-08,ENVIRONMENTAL_COMPLIANCE_REVIEWER,SYNTHETIC_RESEARCH_FIXTURE,OG-SYNTH-0.2,A-0.2,build_opus_synthetic_programme_v0_2.py@0.2,20260811,True,8d26b62358fba61c1ca72927e8932749545ff569b6e0e6789df034100810db1c
PRJ-RAL,P06,PRJ-RAL-ENV-01-P06,PRJ-RAL-ENV-01,2027-02-02,COMPLIANT,ENV-EVID-PRJ-RAL-P06-01,ENVIRONMENTAL_COMPLIANCE_REVIEWER,SYNTHETIC_RESEARCH_FIXTURE,OG-SYNTH-0.2,A-0.2,build_opus_synthetic_programme_v0_2.py@0.2,20260811,True,5e216e0c79a37dec1d69750b3a837903d67df7914c7567cea9877859bc65381b
PRJ-RAL,P06,PRJ-RAL-ENV-02-P06,PRJ-RAL-ENV-02,2027-02-02,COMPLIANT,ENV-EVID-PRJ-RAL-P06-02,ENVIRONMENTAL_COMPLIANCE_REVIEWER,SYNTHETIC_RESEARCH_FIXTURE,OG-SYNTH-0.2,A-0.2,build_opus_synthetic_programme_v0_2.py@0.2,20260811,True,2bee3107ec1c6949264369cbb136f8546387a0dad18814674808a32044a0ffe5
PRJ-RAL,P06,PRJ-RAL-ENV-03-P06,PRJ-RAL-ENV-03,2027-02-02,COMPLIANT,ENV-EVID-PRJ-RAL-P06-03,ENVIRONMENTAL_COMPLIANCE_REVIEWER,SYNTHETIC_RESEARCH_FIXTURE,OG-SYNTH-0.2,A-0.2,build_opus_synthetic_programme_v0_2.py@0.2,20260811,True,8ff13e5338fcf6520bbc57254aca1b288c1abc48e4b063e37fd3261fb67a2667
PRJ-RAL,P06,PRJ-RAL-ENV-04-P06,PRJ-RAL-ENV-04,2027-02-02,COMPLIANT,ENV-EVID-PRJ-RAL-P06-04,ENVIRONMENTAL_COMPLIANCE_REVIEWER,SYNTHETIC_RESEARCH_FIXTURE,OG-SYNTH-0.2,A-0.2,build_opus_synthetic_programme_v0_2.py@0.2,20260811,True,d83fa301de8b35804eb944ebfe7bbb29335bd0f802a20df53dbbea2ad4581f39
PRJ-RAL,P06,PRJ-RAL-ENV-05-P06,PRJ-RAL-ENV-05,2027-02-02,COMPLIANT,ENV-EVID-PRJ-RAL-P06-05,ENVIRONMENTAL_COMPLIANCE_REVIEWER,SYNTHETIC_RESEARCH_FIXTURE,OG-SYNTH-0.2,A-0.2,build_opus_synthetic_programme_v0_2.py@0.2,20260811,True,de11e4d706ee4b28960d6c6bd9c6bc85ca3dd0a6c28c21c52dfd3e04a374ec12
PRJ-RAL,P06,PRJ-RAL-ENV-06-P06,PRJ-RAL-ENV-06,2027-02-02,COMPLIANT,ENV-EVID-PRJ-RAL-P06-06,ENVIRONMENTAL_COMPLIANCE_REVIEWER,SYNTHETIC_RESEARCH_FIXTURE,OG-SYNTH-0.2,A-0.2,build_opus_synthetic_programme_v0_2.py@0.2,20260811,True,6fb7e844205d06522561ee48fd30f098d70ee5f82daa15c5db46bdb423d0c5e8
PRJ-RAL,P06,PRJ-RAL-ENV-07-P06,PRJ-RAL-ENV-07,2027-02-02,COMPLIANT,ENV-EVID-PRJ-RAL-P06-07,ENVIRONMENTAL_COMPLIANCE_REVIEWER,SYNTHETIC_RESEARCH_FIXTURE,OG-SYNTH-0.2,A-0.2,build_opus_synthetic_programme_v0_2.py@0.2,20260811,True,63d70be6a6d8b1b6fd1d58d7c36259676be9db9a84ef63f036a65ac25d45bf31
PRJ-RAL,P06,PRJ-RAL-ENV-08-P06,PRJ-RAL-ENV-08,2027-02-02,COMPLIANT,ENV-EVID-PRJ-RAL-P06-08,ENVIRONMENTAL_COMPLIANCE_REVIEWER,SYNTHETIC_RESEARCH_FIXTURE,OG-SYNTH-0.2,A-0.2,build_opus_synthetic_programme_v0_2.py@0.2,20260811,True,b80e2a145fe70b43da27bc4fd2bde8d69b378be8bd6fe2708790c687cefdc55a
PRJ-WTR,P01,PRJ-WTR-ENV-01-P01,PRJ-WTR-ENV-01,2026-04-16,COMPLIANT,ENV-EVID-PRJ-WTR-P01-01,ENVIRONMENTAL_COMPLIANCE_REVIEWER,SYNTHETIC_RESEARCH_FIXTURE,OG-SYNTH-0.2,A-0.2,build_opus_synthetic_programme_v0_2.py@0.2,20260811,True,cd9580213fef9137e0408084d9e5dbfeb4b2b9ed62c300883d2b16e704922415
PRJ-WTR,P01,PRJ-WTR-ENV-02-P01,PRJ-WTR-ENV-02,2026-04-16,COMPLIANT,ENV-EVID-PRJ-WTR-P01-02,ENVIRONMENTAL_COMPLIANCE_REVIEWER,SYNTHETIC_RESEARCH_FIXTURE,OG-SYNTH-0.2,A-0.2,build_opus_synthetic_programme_v0_2.py@0.2,20260811,True,41a57075063c24fbcfb2a3edb1bc02db7cf42ce02fce5a8b27d25d7fb67ca786
PRJ-WTR,P01,PRJ-WTR-ENV-03-P01,PRJ-WTR-ENV-03,2026-04-16,COMPLIANT,ENV-EVID-PRJ-WTR-P01-03,ENVIRONMENTAL_COMPLIANCE_REVIEWER,SYNTHETIC_RESEARCH_FIXTURE,OG-SYNTH-0.2,A-0.2,build_opus_synthetic_programme_v0_2.py@0.2,20260811,True,fbb7ddde0b0836f3eea065d61d96b2eacdf663b65501d23a31bcda231693b371
PRJ-WTR,P01,PRJ-WTR-ENV-04-P01,PRJ-WTR-ENV-04,2026-04-16,COMPLIANT,ENV-EVID-PRJ-WTR-P01-04,ENVIRONMENTAL_COMPLIANCE_REVIEWER,SYNTHETIC_RESEARCH_FIXTURE,OG-SYNTH-0.2,A-0.2,build_opus_synthetic_programme_v0_2.py@0.2,20260811,True,a52974f82c47de268af76035eb883449b2de6ff5fa9472637ee419cc45dcf5d6
PRJ-WTR,P01,PRJ-WTR-ENV-05-P01,PRJ-WTR-ENV-05,2026-04-16,COMPLIANT,ENV-EVID-PRJ-WTR-P01-05,ENVIRONMENTAL_COMPLIANCE_REVIEWER,SYNTHETIC_RESEARCH_FIXTURE,OG-SYNTH-0.2,A-0.2,build_opus_synthetic_programme_v0_2.py@0.2,20260811,True,920b1a6fce91a7ab34f1fdd18e4cba525a4a8a4670b14a168f85a519d829c25c
PRJ-WTR,P01,PRJ-WTR-ENV-06-P01,PRJ-WTR-ENV-06,2026-04-16,NOT_ASSESSED,ENV-EVID-PRJ-WTR-P01-06,ENVIRONMENTAL_COMPLIANCE_REVIEWER,SYNTHETIC_RESEARCH_FIXTURE,OG-SYNTH-0.2,A-0.2,build_opus_synthetic_programme_v0_2.py@0.2,20260811,True,1bd40266bc5849226ec3412cef5a79279d4cb66d5ccbfe2c9277bc1ef1954af4
PRJ-WTR,P01,PRJ-WTR-ENV-07-P01,PRJ-WTR-ENV-07,2026-04-16,COMPLIANT,ENV-EVID-PRJ-WTR-P01-07,ENVIRONMENTAL_COMPLIANCE_REVIEWER,SYNTHETIC_RESEARCH_FIXTURE,OG-SYNTH-0.2,A-0.2,build_opus_synthetic_programme_v0_2.py@0.2,20260811,True,fde2fd123cfb0889d8d85301440441b8126ac390503042c72da01607f60db497
PRJ-WTR,P01,PRJ-WTR-ENV-08-P01,PRJ-WTR-ENV-08,2026-04-16,COMPLIANT,ENV-EVID-PRJ-WTR-P01-08,ENVIRONMENTAL_COMPLIANCE_REVIEWER,SYNTHETIC_RESEARCH_FIXTURE,OG-SYNTH-0.2,A-0.2,build_opus_synthetic_programme_v0_2.py@0.2,20260811,True,83cf77c73eb9c4bd068c0b5334ef7e498760960325c7b0dc3263ec6fc827682c
PRJ-WTR,P02,PRJ-WTR-ENV-01-P02,PRJ-WTR-ENV-01,2026-05-29,COMPLIANT,ENV-EVID-PRJ-WTR-P02-01,ENVIRONMENTAL_COMPLIANCE_REVIEWER,SYNTHETIC_RESEARCH_FIXTURE,OG-SYNTH-0.2,A-0.2,build_opus_synthetic_programme_v0_2.py@0.2,20260811,True,95a544189e0b873788aa0164f9a61110908d50581ae5c31a35552d0967283cd1
PRJ-WTR,P02,PRJ-WTR-ENV-02-P02,PRJ-WTR-ENV-02,2026-05-29,NOT_ASSESSED,ENV-EVID-PRJ-WTR-P02-02,ENVIRONMENTAL_COMPLIANCE_REVIEWER,SYNTHETIC_RESEARCH_FIXTURE,OG-SYNTH-0.2,A-0.2,build_opus_synthetic_programme_v0_2.py@0.2,20260811,True,b9eb0a877584720ffbc496776dbedd2bee0e6544143a643c6fa6ef9d59d455de
PRJ-WTR,P02,PRJ-WTR-ENV-03-P02,PRJ-WTR-ENV-03,2026-05-29,COMPLIANT,ENV-EVID-PRJ-WTR-P02-03,ENVIRONMENTAL_COMPLIANCE_REVIEWER,SYNTHETIC_RESEARCH_FIXTURE,OG-SYNTH-0.2,A-0.2,build_opus_synthetic_programme_v0_2.py@0.2,20260811,True,1b0c5f22fa909257bd32b4956bb0737a57dbd74f8d60a866ee0f102abd4b23ae
PRJ-WTR,P02,PRJ-WTR-ENV-04-P02,PRJ-WTR-ENV-04,2026-05-29,NONCOMPLIANT,ENV-EVID-PRJ-WTR-P02-04,ENVIRONMENTAL_COMPLIANCE_REVIEWER,SYNTHETIC_RESEARCH_FIXTURE,OG-SYNTH-0.2,A-0.2,build_opus_synthetic_programme_v0_2.py@0.2,20260811,True,3b7cb606b2c3f4d330b7e10ad85a88a707068088380e3c9ac60b6dfe1f0741d2
PRJ-WTR,P02,PRJ-WTR-ENV-05-P02,PRJ-WTR-ENV-05,2026-05-29,COMPLIANT,ENV-EVID-PRJ-WTR-P02-05,ENVIRONMENTAL_COMPLIANCE_REVIEWER,SYNTHETIC_RESEARCH_FIXTURE,OG-SYNTH-0.2,A-0.2,build_opus_synthetic_programme_v0_2.py@0.2,20260811,True,27d40e803f5b05be3501015da1afb910dfac38dae6f10cdb5481fade10039210
PRJ-WTR,P02,PRJ-WTR-ENV-06-P02,PRJ-WTR-ENV-06,2026-05-29,COMPLIANT,ENV-EVID-PRJ-WTR-P02-06,ENVIRONMENTAL_COMPLIANCE_REVIEWER,SYNTHETIC_RESEARCH_FIXTURE,OG-SYNTH-0.2,A-0.2,build_opus_synthetic_programme_v0_2.py@0.2,20260811,True,e8f5ccf335e1491d89a1cd95ab593460cb0e8da253af674d24e44ab0c3029df0
PRJ-WTR,P02,PRJ-WTR-ENV-07-P02,PRJ-WTR-ENV-07,2026-05-29,COMPLIANT,ENV-EVID-PRJ-WTR-P02-07,ENVIRONMENTAL_COMPLIANCE_REVIEWER,SYNTHETIC_RESEARCH_FIXTURE,OG-SYNTH-0.2,A-0.2,build_opus_synthetic_programme_v0_2.py@0.2,20260811,True,6736c603de3de7aaee6655600484759fd2a65ac03e62a009f16722257a483d67
PRJ-WTR,P02,PRJ-WTR-ENV-08-P02,PRJ-WTR-ENV-08,2026-05-29,COMPLIANT,ENV-EVID-PRJ-WTR-P02-08,ENVIRONMENTAL_COMPLIANCE_REVIEWER,SYNTHETIC_RESEARCH_FIXTURE,OG-SYNTH-0.2,A-0.2,build_opus_synthetic_programme_v0_2.py@0.2,20260811,True,eb66107dd0e67f55b2368798f9a398b6c70936f0a79c8d42072f32452485792c
PRJ-WTR,P03,PRJ-WTR-ENV-01-P03,PRJ-WTR-ENV-01,2026-07-12,COMPLIANT,ENV-EVID-PRJ-WTR-P03-01,ENVIRONMENTAL_COMPLIANCE_REVIEWER,SYNTHETIC_RESEARCH_FIXTURE,OG-SYNTH-0.2,A-0.2,build_opus_synthetic_programme_v0_2.py@0.2,20260811,True,4d23a45035f955440739e6282d5c2dc5d93f762b84534b3563a0fcea2bb8ea83
PRJ-WTR,P03,PRJ-WTR-ENV-02-P03,PRJ-WTR-ENV-02,2026-07-12,NOT_ASSESSED,ENV-EVID-PRJ-WTR-P03-02,ENVIRONMENTAL_COMPLIANCE_REVIEWER,SYNTHETIC_RESEARCH_FIXTURE,OG-SYNTH-0.2,A-0.2,build_opus_synthetic_programme_v0_2.py@0.2,20260811,True,a29260969147aff8b8b2c6a264e6cf488fc730d7b4a05ffb5c55a51427be9626
PRJ-WTR,P03,PRJ-WTR-ENV-03-P03,PRJ-WTR-ENV-03,2026-07-12,COMPLIANT,ENV-EVID-PRJ-WTR-P03-03,ENVIRONMENTAL_COMPLIANCE_REVIEWER,SYNTHETIC_RESEARCH_FIXTURE,OG-SYNTH-0.2,A-0.2,build_opus_synthetic_programme_v0_2.py@0.2,20260811,True,0776aadb34ab705dd94b327ada023771f38f54e0a651d92474ee3ce42b96a227
PRJ-WTR,P03,PRJ-WTR-ENV-04-P03,PRJ-WTR-ENV-04,2026-07-12,COMPLIANT,ENV-EVID-PRJ-WTR-P03-04,ENVIRONMENTAL_COMPLIANCE_REVIEWER,SYNTHETIC_RESEARCH_FIXTURE,OG-SYNTH-0.2,A-0.2,build_opus_synthetic_programme_v0_2.py@0.2,20260811,True,88aa22e1b67152641de43ce5a7fa1e6db49dd8be9f030fb5d96685c613ee732e
PRJ-WTR,P03,PRJ-WTR-ENV-05-P03,PRJ-WTR-ENV-05,2026-07-12,COMPLIANT,ENV-EVID-PRJ-WTR-P03-05,ENVIRONMENTAL_COMPLIANCE_REVIEWER,SYNTHETIC_RESEARCH_FIXTURE,OG-SYNTH-0.2,A-0.2,build_opus_synthetic_programme_v0_2.py@0.2,20260811,True,83197378cadb11897aa2e0de08bd6217e0ccebb15d3e099a55d71e0d3fe5d570
PRJ-WTR,P03,PRJ-WTR-ENV-06-P03,PRJ-WTR-ENV-06,2026-07-12,COMPLIANT,ENV-EVID-PRJ-WTR-P03-06,ENVIRONMENTAL_COMPLIANCE_REVIEWER,SYNTHETIC_RESEARCH_FIXTURE,OG-SYNTH-0.2,A-0.2,build_opus_synthetic_programme_v0_2.py@0.2,20260811,True,7a4512c5e50c9d9d2082b2ece08acf63f8a45844506fdfc0f8c87d0a09e50b91
PRJ-WTR,P03,PRJ-WTR-ENV-07-P03,PRJ-WTR-ENV-07,2026-07-12,COMPLIANT,ENV-EVID-PRJ-WTR-P03-07,ENVIRONMENTAL_COMPLIANCE_REVIEWER,SYNTHETIC_RESEARCH_FIXTURE,OG-SYNTH-0.2,A-0.2,build_opus_synthetic_programme_v0_2.py@0.2,20260811,True,fc8bc9428cd32a17e374eb1ec3da4f2fda88566c9a27bae4202bda514fe542a7
PRJ-WTR,P03,PRJ-WTR-ENV-08-P03,PRJ-WTR-ENV-08,2026-07-12,COMPLIANT,ENV-EVID-PRJ-WTR-P03-08,ENVIRONMENTAL_COMPLIANCE_REVIEWER,SYNTHETIC_RESEARCH_FIXTURE,OG-SYNTH-0.2,A-0.2,build_opus_synthetic_programme_v0_2.py@0.2,20260811,True,0921c2ffdaa129e1953527abe67f19311c1e13b34995e7181fc2e6f55be856fa
PRJ-WTR,P04,PRJ-WTR-ENV-01-P04,PRJ-WTR-ENV-01,2026-08-24,COMPLIANT,ENV-EVID-PRJ-WTR-P04-01,ENVIRONMENTAL_COMPLIANCE_REVIEWER,SYNTHETIC_RESEARCH_FIXTURE,OG-SYNTH-0.2,A-0.2,build_opus_synthetic_programme_v0_2.py@0.2,20260811,True,95b8fbe02a95310ece56eaa9a6dcc1fdbef3404bea9fdfff6323a5a0501c38c7
PRJ-WTR,P04,PRJ-WTR-ENV-02-P04,PRJ-WTR-ENV-02,2026-08-24,COMPLIANT,ENV-EVID-PRJ-WTR-P04-02,ENVIRONMENTAL_COMPLIANCE_REVIEWER,SYNTHETIC_RESEARCH_FIXTURE,OG-SYNTH-0.2,A-0.2,build_opus_synthetic_programme_v0_2.py@0.2,20260811,True,ea0fab4480faeabe9a24a60c6aa2acb05263cf9abf28d7c2745774ea666fdcb3
PRJ-WTR,P04,PRJ-WTR-ENV-03-P04,PRJ-WTR-ENV-03,2026-08-24,NONCOMPLIANT,ENV-EVID-PRJ-WTR-P04-03,ENVIRONMENTAL_COMPLIANCE_REVIEWER,SYNTHETIC_RESEARCH_FIXTURE,OG-SYNTH-0.2,A-0.2,build_opus_synthetic_programme_v0_2.py@0.2,20260811,True,85e0024f10df8d48aaec24be823182a99e923e44633e9396cc5afc927d9db76a
PRJ-WTR,P04,PRJ-WTR-ENV-04-P04,PRJ-WTR-ENV-04,2026-08-24,COMPLIANT,ENV-EVID-PRJ-WTR-P04-04,ENVIRONMENTAL_COMPLIANCE_REVIEWER,SYNTHETIC_RESEARCH_FIXTURE,OG-SYNTH-0.2,A-0.2,build_opus_synthetic_programme_v0_2.py@0.2,20260811,True,c4f6b1d5ebc29f77f489b00412e857ac8b7e768d9d2049d591a73d826fc6de06
PRJ-WTR,P04,PRJ-WTR-ENV-05-P04,PRJ-WTR-ENV-05,2026-08-24,COMPLIANT,ENV-EVID-PRJ-WTR-P04-05,ENVIRONMENTAL_COMPLIANCE_REVIEWER,SYNTHETIC_RESEARCH_FIXTURE,OG-SYNTH-0.2,A-0.2,build_opus_synthetic_programme_v0_2.py@0.2,20260811,True,1c33e495a4723bf21f7405626d5525e14cc5ef0659ac947a196fdca04b7d749d
PRJ-WTR,P04,PRJ-WTR-ENV-06-P04,PRJ-WTR-ENV-06,2026-08-24,COMPLIANT,ENV-EVID-PRJ-WTR-P04-06,ENVIRONMENTAL_COMPLIANCE_REVIEWER,SYNTHETIC_RESEARCH_FIXTURE,OG-SYNTH-0.2,A-0.2,build_opus_synthetic_programme_v0_2.py@0.2,20260811,True,764b3f76322e08280947efa35edca799bce450919135a581e95b45aa26e3798d
PRJ-WTR,P04,PRJ-WTR-ENV-07-P04,PRJ-WTR-ENV-07,2026-08-24,NONCOMPLIANT,ENV-EVID-PRJ-WTR-P04-07,ENVIRONMENTAL_COMPLIANCE_REVIEWER,SYNTHETIC_RESEARCH_FIXTURE,OG-SYNTH-0.2,A-0.2,build_opus_synthetic_programme_v0_2.py@0.2,20260811,True,a297cb5a6425c1029a5e41e782df5de15fc12bb69d8114e875c4cdecf74036ac
PRJ-WTR,P04,PRJ-WTR-ENV-08-P04,PRJ-WTR-ENV-08,2026-08-24,COMPLIANT,ENV-EVID-PRJ-WTR-P04-08,ENVIRONMENTAL_COMPLIANCE_REVIEWER,SYNTHETIC_RESEARCH_FIXTURE,OG-SYNTH-0.2,A-0.2,build_opus_synthetic_programme_v0_2.py@0.2,20260811,True,428f0afd2e80a7df8dcaf51b23f50a70c73f69da8c22940346b6ba60a56d5f88
PRJ-WTR,P05,PRJ-WTR-ENV-01-P05,PRJ-WTR-ENV-01,2026-10-06,COMPLIANT,ENV-EVID-PRJ-WTR-P05-01,ENVIRONMENTAL_COMPLIANCE_REVIEWER,SYNTHETIC_RESEARCH_FIXTURE,OG-SYNTH-0.2,A-0.2,build_opus_synthetic_programme_v0_2.py@0.2,20260811,True,18d16d802c30280b35a9f168a18fe82aa4e26f02a32abca3120735c3fc11c070
PRJ-WTR,P05,PRJ-WTR-ENV-02-P05,PRJ-WTR-ENV-02,2026-10-06,COMPLIANT,ENV-EVID-PRJ-WTR-P05-02,ENVIRONMENTAL_COMPLIANCE_REVIEWER,SYNTHETIC_RESEARCH_FIXTURE,OG-SYNTH-0.2,A-0.2,build_opus_synthetic_programme_v0_2.py@0.2,20260811,True,7d2d48a54e7bfca2262ed1d661b1834c527d1ae7d8810e277ea46421d7cdb5f4
PRJ-WTR,P05,PRJ-WTR-ENV-03-P05,PRJ-WTR-ENV-03,2026-10-06,COMPLIANT,ENV-EVID-PRJ-WTR-P05-03,ENVIRONMENTAL_COMPLIANCE_REVIEWER,SYNTHETIC_RESEARCH_FIXTURE,OG-SYNTH-0.2,A-0.2,build_opus_synthetic_programme_v0_2.py@0.2,20260811,True,22758c6ab6053953bc1d85c0d926e1271e2b00f038056e6f1e6d5cd66454b834
PRJ-WTR,P05,PRJ-WTR-ENV-04-P05,PRJ-WTR-ENV-04,2026-10-06,COMPLIANT,ENV-EVID-PRJ-WTR-P05-04,ENVIRONMENTAL_COMPLIANCE_REVIEWER,SYNTHETIC_RESEARCH_FIXTURE,OG-SYNTH-0.2,A-0.2,build_opus_synthetic_programme_v0_2.py@0.2,20260811,True,d6b9168366830bcc654a0896a74b9374fba9a3aa77bb910a8de091f0ae1ffae9
PRJ-WTR,P05,PRJ-WTR-ENV-05-P05,PRJ-WTR-ENV-05,2026-10-06,COMPLIANT,ENV-EVID-PRJ-WTR-P05-05,ENVIRONMENTAL_COMPLIANCE_REVIEWER,SYNTHETIC_RESEARCH_FIXTURE,OG-SYNTH-0.2,A-0.2,build_opus_synthetic_programme_v0_2.py@0.2,20260811,True,8b05f9730cc7f1cb1ddc22d70d7015cb3c3744c82dc52153138b178e5ca32c60
PRJ-WTR,P05,PRJ-WTR-ENV-06-P05,PRJ-WTR-ENV-06,2026-10-06,COMPLIANT,ENV-EVID-PRJ-WTR-P05-06,ENVIRONMENTAL_COMPLIANCE_REVIEWER,SYNTHETIC_RESEARCH_FIXTURE,OG-SYNTH-0.2,A-0.2,build_opus_synthetic_programme_v0_2.py@0.2,20260811,True,26c3952eb060a406f3ad603f566f126f5c66ed3a3d2d9b733a0c2c8aa3a307aa
PRJ-WTR,P05,PRJ-WTR-ENV-07-P05,PRJ-WTR-ENV-07,2026-10-06,COMPLIANT,ENV-EVID-PRJ-WTR-P05-07,ENVIRONMENTAL_COMPLIANCE_REVIEWER,SYNTHETIC_RESEARCH_FIXTURE,OG-SYNTH-0.2,A-0.2,build_opus_synthetic_programme_v0_2.py@0.2,20260811,True,70b4e4f58af837bc511efa6e2367a89e3ba630b33a5167b5b65173e27725a299
PRJ-WTR,P05,PRJ-WTR-ENV-08-P05,PRJ-WTR-ENV-08,2026-10-06,COMPLIANT,ENV-EVID-PRJ-WTR-P05-08,ENVIRONMENTAL_COMPLIANCE_REVIEWER,SYNTHETIC_RESEARCH_FIXTURE,OG-SYNTH-0.2,A-0.2,build_opus_synthetic_programme_v0_2.py@0.2,20260811,True,aa0fc9649e2087b93ef92ac70a3b127c5f1f0d7fa558c3793138044a9f0bb69e
PRJ-WTR,P06,PRJ-WTR-ENV-01-P06,PRJ-WTR-ENV-01,2026-11-19,NONCOMPLIANT,ENV-EVID-PRJ-WTR-P06-01,ENVIRONMENTAL_COMPLIANCE_REVIEWER,SYNTHETIC_RESEARCH_FIXTURE,OG-SYNTH-0.2,A-0.2,build_opus_synthetic_programme_v0_2.py@0.2,20260811,True,0a8ae302207ce1a44c7a5513981989a71097923a77eecbec6b1076d64d38c217
PRJ-WTR,P06,PRJ-WTR-ENV-02-P06,PRJ-WTR-ENV-02,2026-11-19,COMPLIANT,ENV-EVID-PRJ-WTR-P06-02,ENVIRONMENTAL_COMPLIANCE_REVIEWER,SYNTHETIC_RESEARCH_FIXTURE,OG-SYNTH-0.2,A-0.2,build_opus_synthetic_programme_v0_2.py@0.2,20260811,True,5629521d32006b222fde0668cb01768e1eede679d168f9d0b95abfc1ff0ab717
PRJ-WTR,P06,PRJ-WTR-ENV-03-P06,PRJ-WTR-ENV-03,2026-11-19,COMPLIANT,ENV-EVID-PRJ-WTR-P06-03,ENVIRONMENTAL_COMPLIANCE_REVIEWER,SYNTHETIC_RESEARCH_FIXTURE,OG-SYNTH-0.2,A-0.2,build_opus_synthetic_programme_v0_2.py@0.2,20260811,True,a64761c3bd354821bdba31e384f8eb7854672ca079f3d98ed6ba21f3ef60df04
PRJ-WTR,P06,PRJ-WTR-ENV-04-P06,PRJ-WTR-ENV-04,2026-11-19,COMPLIANT,ENV-EVID-PRJ-WTR-P06-04,ENVIRONMENTAL_COMPLIANCE_REVIEWER,SYNTHETIC_RESEARCH_FIXTURE,OG-SYNTH-0.2,A-0.2,build_opus_synthetic_programme_v0_2.py@0.2,20260811,True,b4f7a0fa9b793db7c57331fcbdb0828c21d9ab389d18eb9bcc9384875886d6be
PRJ-WTR,P06,PRJ-WTR-ENV-05-P06,PRJ-WTR-ENV-05,2026-11-19,COMPLIANT,ENV-EVID-PRJ-WTR-P06-05,ENVIRONMENTAL_COMPLIANCE_REVIEWER,SYNTHETIC_RESEARCH_FIXTURE,OG-SYNTH-0.2,A-0.2,build_opus_synthetic_programme_v0_2.py@0.2,20260811,True,e3368c274cb73ee5a2f83a6fbff9e2ebbec8cadfd4a389753673980dfbadf9ba
PRJ-WTR,P06,PRJ-WTR-ENV-06-P06,PRJ-WTR-ENV-06,2026-11-19,COMPLIANT,ENV-EVID-PRJ-WTR-P06-06,ENVIRONMENTAL_COMPLIANCE_REVIEWER,SYNTHETIC_RESEARCH_FIXTURE,OG-SYNTH-0.2,A-0.2,build_opus_synthetic_programme_v0_2.py@0.2,20260811,True,269538a39d52981178b5c03f43e378e02d0a313c5a968bf62dbde6880d768719
PRJ-WTR,P06,PRJ-WTR-ENV-07-P06,PRJ-WTR-ENV-07,2026-11-19,COMPLIANT,ENV-EVID-PRJ-WTR-P06-07,ENVIRONMENTAL_COMPLIANCE_REVIEWER,SYNTHETIC_RESEARCH_FIXTURE,OG-SYNTH-0.2,A-0.2,build_opus_synthetic_programme_v0_2.py@0.2,20260811,True,375ce48685450a62550b950c3a1b2fa6d72dc92deca103be3fe8e605073e1472
PRJ-WTR,P06,PRJ-WTR-ENV-08-P06,PRJ-WTR-ENV-08,2026-11-19,COMPLIANT,ENV-EVID-PRJ-WTR-P06-08,ENVIRONMENTAL_COMPLIANCE_REVIEWER,SYNTHETIC_RESEARCH_FIXTURE,OG-SYNTH-0.2,A-0.2,build_opus_synthetic_programme_v0_2.py@0.2,20260811,True,17c362f00eadf2d99758b985514defdd79ccc7e120def2ab4b0ec79710a967f3
