project_id,source_node_id,target_node_id,dependency_type,dependency_strength,propagation_delay_periods,data_origin,programme_version,package_version,generator_version,random_seed,not_for_empirical_validation,record_hash
PRJ-AIR,PRJ-AIR-DSM-01,PRJ-AIR-DSM-02,REWORK_PROPAGATION,0.249591,1,SYNTHETIC_RESEARCH_FIXTURE,OG-SYNTH-0.3,A-0.3,build_opus_synthetic_programme_v0_3.py@0.3,20260812,True,2928a98ba557950d88ec4e137beeceeb98cdd5835666dec304e06d9041ab5abe
PRJ-AIR,PRJ-AIR-DSM-01,PRJ-AIR-DSM-03,REWORK_PROPAGATION,0.220422,1,SYNTHETIC_RESEARCH_FIXTURE,OG-SYNTH-0.3,A-0.3,build_opus_synthetic_programme_v0_3.py@0.3,20260812,True,6104bacb6ecbe47d77703400fbfabc58224762da05797c1fb1efa49d4e35d9c5
PRJ-AIR,PRJ-AIR-DSM-02,PRJ-AIR-DSM-05,REWORK_PROPAGATION,0.296438,1,SYNTHETIC_RESEARCH_FIXTURE,OG-SYNTH-0.3,A-0.3,build_opus_synthetic_programme_v0_3.py@0.3,20260812,True,9e57015e4d85b6d5bdaf671460bf365d7fb4d7fffd8ab9feb724123f89050f76
PRJ-AIR,PRJ-AIR-DSM-03,PRJ-AIR-DSM-04,REWORK_PROPAGATION,0.275722,1,SYNTHETIC_RESEARCH_FIXTURE,OG-SYNTH-0.3,A-0.3,build_opus_synthetic_programme_v0_3.py@0.3,20260812,True,d4e0c2a77a4e1e923ba54413e261804e9feb3732918e798308bbaf70ab0a30aa
PRJ-AIR,PRJ-AIR-DSM-04,PRJ-AIR-DSM-05,REWORK_PROPAGATION,0.236418,1,SYNTHETIC_RESEARCH_FIXTURE,OG-SYNTH-0.3,A-0.3,build_opus_synthetic_programme_v0_3.py@0.3,20260812,True,558821a979f0878f08f80322ffb1bad7f35bef605c31e76f4d1f3ca9f5fb6124
PRJ-AIR,PRJ-AIR-DSM-05,PRJ-AIR-DSM-06,REWORK_PROPAGATION,0.371304,1,SYNTHETIC_RESEARCH_FIXTURE,OG-SYNTH-0.3,A-0.3,build_opus_synthetic_programme_v0_3.py@0.3,20260812,True,37a483ee3e98d7d68c3369c17bcdec4ccb1ae5cae62f6ad50b0183e04a4514e0
PRJ-AIR,PRJ-AIR-DSM-06,PRJ-AIR-DSM-07,REWORK_PROPAGATION,0.373294,1,SYNTHETIC_RESEARCH_FIXTURE,OG-SYNTH-0.3,A-0.3,build_opus_synthetic_programme_v0_3.py@0.3,20260812,True,bd138fb8f318a714f54f9a3958d9c58729da4920a0a25063f7f1808955ee1cd2
PRJ-AIR,PRJ-AIR-DSM-07,PRJ-AIR-DSM-08,REWORK_PROPAGATION,0.298985,1,SYNTHETIC_RESEARCH_FIXTURE,OG-SYNTH-0.3,A-0.3,build_opus_synthetic_programme_v0_3.py@0.3,20260812,True,29c8038e73adb22518ffc490e2a38f145e2116dc942f735b1ec0bf977586d7cd
PRJ-AIR,PRJ-AIR-DSM-05,PRJ-AIR-DSM-03,REWORK_PROPAGATION,0.066539,1,SYNTHETIC_RESEARCH_FIXTURE,OG-SYNTH-0.3,A-0.3,build_opus_synthetic_programme_v0_3.py@0.3,20260812,True,706fec573c263dca09f04bcb348624bc87189db28dbc09da7eedbd3ab1a28bff
PRJ-HWY,PRJ-HWY-DSM-01,PRJ-HWY-DSM-02,REWORK_PROPAGATION,0.28855,1,SYNTHETIC_RESEARCH_FIXTURE,OG-SYNTH-0.3,A-0.3,build_opus_synthetic_programme_v0_3.py@0.3,20260812,True,a77742f4ae1da32b4621220b15dc6d872278e508184cd740895584068e6293c5
PRJ-HWY,PRJ-HWY-DSM-01,PRJ-HWY-DSM-03,REWORK_PROPAGATION,0.189416,1,SYNTHETIC_RESEARCH_FIXTURE,OG-SYNTH-0.3,A-0.3,build_opus_synthetic_programme_v0_3.py@0.3,20260812,True,41cdb5d11f3e45ad37ec854d2a74f6608b206c5da622fe983cb3e1408715a8ac
PRJ-HWY,PRJ-HWY-DSM-02,PRJ-HWY-DSM-05,REWORK_PROPAGATION,0.282134,1,SYNTHETIC_RESEARCH_FIXTURE,OG-SYNTH-0.3,A-0.3,build_opus_synthetic_programme_v0_3.py@0.3,20260812,True,35e7d46792d4e2185b99bcc5abb669117bcab6a682619270b8db0ca8ccb277bc
PRJ-HWY,PRJ-HWY-DSM-03,PRJ-HWY-DSM-04,REWORK_PROPAGATION,0.256281,1,SYNTHETIC_RESEARCH_FIXTURE,OG-SYNTH-0.3,A-0.3,build_opus_synthetic_programme_v0_3.py@0.3,20260812,True,137a69fbbfde6defe85eab3398c23241059b1a0ac803b2bf4d1bc0b1d2108fc3
PRJ-HWY,PRJ-HWY-DSM-04,PRJ-HWY-DSM-05,REWORK_PROPAGATION,0.261288,1,SYNTHETIC_RESEARCH_FIXTURE,OG-SYNTH-0.3,A-0.3,build_opus_synthetic_programme_v0_3.py@0.3,20260812,True,83060b0292552ddad859996adac7363af6d8d1418af2f4503fe8db0708220bd1
PRJ-HWY,PRJ-HWY-DSM-05,PRJ-HWY-DSM-06,REWORK_PROPAGATION,0.375571,1,SYNTHETIC_RESEARCH_FIXTURE,OG-SYNTH-0.3,A-0.3,build_opus_synthetic_programme_v0_3.py@0.3,20260812,True,de5f4b725588f122cacbc3de73cf1352026035de2962f8576d6aac217eb844d2
PRJ-HWY,PRJ-HWY-DSM-06,PRJ-HWY-DSM-07,REWORK_PROPAGATION,0.414195,1,SYNTHETIC_RESEARCH_FIXTURE,OG-SYNTH-0.3,A-0.3,build_opus_synthetic_programme_v0_3.py@0.3,20260812,True,bb122edf1223b786a9650bcfbdb1c1b22eabcec131fb7c58507dcd389e38ff93
PRJ-HWY,PRJ-HWY-DSM-07,PRJ-HWY-DSM-08,REWORK_PROPAGATION,0.262471,1,SYNTHETIC_RESEARCH_FIXTURE,OG-SYNTH-0.3,A-0.3,build_opus_synthetic_programme_v0_3.py@0.3,20260812,True,c8806b4076457daafe7d7c52adbbad26d33b802916ed2adb61421f1609350598
PRJ-HWY,PRJ-HWY-DSM-05,PRJ-HWY-DSM-03,REWORK_PROPAGATION,0.112181,1,SYNTHETIC_RESEARCH_FIXTURE,OG-SYNTH-0.3,A-0.3,build_opus_synthetic_programme_v0_3.py@0.3,20260812,True,224c27241e95db1b3a6d91987176f668523bbb5a2ac339b57c5a06637094fe70
PRJ-HSP,PRJ-HSP-DSM-01,PRJ-HSP-DSM-02,REWORK_PROPAGATION,0.208466,1,SYNTHETIC_RESEARCH_FIXTURE,OG-SYNTH-0.3,A-0.3,build_opus_synthetic_programme_v0_3.py@0.3,20260812,True,31c6c2cae6620bc8e89b10337e7d7a65c68cb3668251f9fe50e26689998ca8ce
PRJ-HSP,PRJ-HSP-DSM-01,PRJ-HSP-DSM-03,REWORK_PROPAGATION,0.208334,1,SYNTHETIC_RESEARCH_FIXTURE,OG-SYNTH-0.3,A-0.3,build_opus_synthetic_programme_v0_3.py@0.3,20260812,True,0b8b07d56821c209efb39c37a0f6060a97e4c89865512f77761ff0d544779cc2
PRJ-HSP,PRJ-HSP-DSM-02,PRJ-HSP-DSM-05,REWORK_PROPAGATION,0.343427,1,SYNTHETIC_RESEARCH_FIXTURE,OG-SYNTH-0.3,A-0.3,build_opus_synthetic_programme_v0_3.py@0.3,20260812,True,e902a14a113c36f068de0fd8a93a726e60d473acec2337a0ceb9cc44427b415f
PRJ-HSP,PRJ-HSP-DSM-03,PRJ-HSP-DSM-04,REWORK_PROPAGATION,0.263691,1,SYNTHETIC_RESEARCH_FIXTURE,OG-SYNTH-0.3,A-0.3,build_opus_synthetic_programme_v0_3.py@0.3,20260812,True,cfd4650c7b9d641a88f8915bf11c444d4f96368c84e5d9bbdaf807a9aeb0fb3f
PRJ-HSP,PRJ-HSP-DSM-04,PRJ-HSP-DSM-05,REWORK_PROPAGATION,0.278443,1,SYNTHETIC_RESEARCH_FIXTURE,OG-SYNTH-0.3,A-0.3,build_opus_synthetic_programme_v0_3.py@0.3,20260812,True,b0cead5e2e9fe082bff6587f92b759c340e7be5398b0ed95943ea180e3be80c1
PRJ-HSP,PRJ-HSP-DSM-05,PRJ-HSP-DSM-06,REWORK_PROPAGATION,0.356045,1,SYNTHETIC_RESEARCH_FIXTURE,OG-SYNTH-0.3,A-0.3,build_opus_synthetic_programme_v0_3.py@0.3,20260812,True,5a14fdeb2ebf85120a1fdab29209c545bde2d039cd4ea598aa00c6e5124cc85a
PRJ-HSP,PRJ-HSP-DSM-06,PRJ-HSP-DSM-07,REWORK_PROPAGATION,0.373203,1,SYNTHETIC_RESEARCH_FIXTURE,OG-SYNTH-0.3,A-0.3,build_opus_synthetic_programme_v0_3.py@0.3,20260812,True,a41755be07aeb391897433ab0fee6da2f855fd424a08edf25fbb81fd9642cc49
PRJ-HSP,PRJ-HSP-DSM-07,PRJ-HSP-DSM-08,REWORK_PROPAGATION,0.340417,1,SYNTHETIC_RESEARCH_FIXTURE,OG-SYNTH-0.3,A-0.3,build_opus_synthetic_programme_v0_3.py@0.3,20260812,True,8c8f2c769f573bf6086e67d759930a48cca249619166bfc29c145b70ffe0676b
PRJ-HSP,PRJ-HSP-DSM-05,PRJ-HSP-DSM-03,REWORK_PROPAGATION,0.138551,1,SYNTHETIC_RESEARCH_FIXTURE,OG-SYNTH-0.3,A-0.3,build_opus_synthetic_programme_v0_3.py@0.3,20260812,True,68448ed326c6dbbc6a270edaa3730ff56c3d7a64e4cfae78294ebae74f260de6
PRJ-WTR,PRJ-WTR-DSM-01,PRJ-WTR-DSM-02,REWORK_PROPAGATION,0.214659,1,SYNTHETIC_RESEARCH_FIXTURE,OG-SYNTH-0.3,A-0.3,build_opus_synthetic_programme_v0_3.py@0.3,20260812,True,6843e2fa2481656b1748ed4dce292a18bf9ccbdab438bc84a5014b883c590eb4
PRJ-WTR,PRJ-WTR-DSM-01,PRJ-WTR-DSM-03,REWORK_PROPAGATION,0.202124,1,SYNTHETIC_RESEARCH_FIXTURE,OG-SYNTH-0.3,A-0.3,build_opus_synthetic_programme_v0_3.py@0.3,20260812,True,fa9d12caf266c816d04b8c7bf39b3e734491441abaeb16ece0de0ad561f85690
PRJ-WTR,PRJ-WTR-DSM-02,PRJ-WTR-DSM-05,REWORK_PROPAGATION,0.307805,1,SYNTHETIC_RESEARCH_FIXTURE,OG-SYNTH-0.3,A-0.3,build_opus_synthetic_programme_v0_3.py@0.3,20260812,True,97817eb35f8e617774f471dbc18c938914c39feb6836b6afa5fa4be965c06b79
PRJ-WTR,PRJ-WTR-DSM-03,PRJ-WTR-DSM-04,REWORK_PROPAGATION,0.208182,1,SYNTHETIC_RESEARCH_FIXTURE,OG-SYNTH-0.3,A-0.3,build_opus_synthetic_programme_v0_3.py@0.3,20260812,True,939d2f411d7b7424b91dc4af966f029fa870c25ede20413e035213cda5dfb359
PRJ-WTR,PRJ-WTR-DSM-04,PRJ-WTR-DSM-05,REWORK_PROPAGATION,0.25148,1,SYNTHETIC_RESEARCH_FIXTURE,OG-SYNTH-0.3,A-0.3,build_opus_synthetic_programme_v0_3.py@0.3,20260812,True,f7e655fdbe65f73646732385a6249752341471c84e812a80a78ca9a0bf5d4f0d
PRJ-WTR,PRJ-WTR-DSM-05,PRJ-WTR-DSM-06,REWORK_PROPAGATION,0.308123,1,SYNTHETIC_RESEARCH_FIXTURE,OG-SYNTH-0.3,A-0.3,build_opus_synthetic_programme_v0_3.py@0.3,20260812,True,5325e4b46d910c5e12eb528ebaa7112a89a5146a6cd45133272210340823fa29
PRJ-WTR,PRJ-WTR-DSM-06,PRJ-WTR-DSM-07,REWORK_PROPAGATION,0.401301,1,SYNTHETIC_RESEARCH_FIXTURE,OG-SYNTH-0.3,A-0.3,build_opus_synthetic_programme_v0_3.py@0.3,20260812,True,cba28c06dc9e077c93d597942e6803565079b12ed0b90516f94821c9eb8a5b7d
PRJ-WTR,PRJ-WTR-DSM-07,PRJ-WTR-DSM-08,REWORK_PROPAGATION,0.237846,1,SYNTHETIC_RESEARCH_FIXTURE,OG-SYNTH-0.3,A-0.3,build_opus_synthetic_programme_v0_3.py@0.3,20260812,True,661334300d84edbfa95385afd87d10da750678aa058f901eea8d70da4f2b156f
PRJ-WTR,PRJ-WTR-DSM-05,PRJ-WTR-DSM-03,REWORK_PROPAGATION,0.119794,1,SYNTHETIC_RESEARCH_FIXTURE,OG-SYNTH-0.3,A-0.3,build_opus_synthetic_programme_v0_3.py@0.3,20260812,True,9608b6cdc58053234ed6a5054fa9fae8914aeb14c7b26a578bcf74e030fb0353
PRJ-RAL,PRJ-RAL-DSM-01,PRJ-RAL-DSM-02,REWORK_PROPAGATION,0.241906,1,SYNTHETIC_RESEARCH_FIXTURE,OG-SYNTH-0.3,A-0.3,build_opus_synthetic_programme_v0_3.py@0.3,20260812,True,08ee1c77cfc488b125d76ac2e4f60af333eb67e8a99f802eb978e8b884e24b21
PRJ-RAL,PRJ-RAL-DSM-01,PRJ-RAL-DSM-03,REWORK_PROPAGATION,0.192885,1,SYNTHETIC_RESEARCH_FIXTURE,OG-SYNTH-0.3,A-0.3,build_opus_synthetic_programme_v0_3.py@0.3,20260812,True,1e5c2acc3361989bec1bd811fab0e3468d6586ef6659284c28b0708710f3838d
PRJ-RAL,PRJ-RAL-DSM-02,PRJ-RAL-DSM-05,REWORK_PROPAGATION,0.258903,1,SYNTHETIC_RESEARCH_FIXTURE,OG-SYNTH-0.3,A-0.3,build_opus_synthetic_programme_v0_3.py@0.3,20260812,True,bff5fb7242242fbaede2d9a22262586d3152b5d47349e146a005396beeeb93a2
PRJ-RAL,PRJ-RAL-DSM-03,PRJ-RAL-DSM-04,REWORK_PROPAGATION,0.282586,1,SYNTHETIC_RESEARCH_FIXTURE,OG-SYNTH-0.3,A-0.3,build_opus_synthetic_programme_v0_3.py@0.3,20260812,True,2e2db36bbd2fe7297b31bbea7976d780d828c0bffa6c632e297a6ce692f1537d
PRJ-RAL,PRJ-RAL-DSM-04,PRJ-RAL-DSM-05,REWORK_PROPAGATION,0.240509,1,SYNTHETIC_RESEARCH_FIXTURE,OG-SYNTH-0.3,A-0.3,build_opus_synthetic_programme_v0_3.py@0.3,20260812,True,122ef263156e2ee3b727e3be8978aa6255586f215cb0c446fd3bdf969c8f5f8c
PRJ-RAL,PRJ-RAL-DSM-05,PRJ-RAL-DSM-06,REWORK_PROPAGATION,0.416644,1,SYNTHETIC_RESEARCH_FIXTURE,OG-SYNTH-0.3,A-0.3,build_opus_synthetic_programme_v0_3.py@0.3,20260812,True,5c6633a7c40b75866b63f9df8b58fa73ab6a5ea11441a07d9dffe7db13f52275
PRJ-RAL,PRJ-RAL-DSM-06,PRJ-RAL-DSM-07,REWORK_PROPAGATION,0.393258,1,SYNTHETIC_RESEARCH_FIXTURE,OG-SYNTH-0.3,A-0.3,build_opus_synthetic_programme_v0_3.py@0.3,20260812,True,6b7cd51724b7133f247849a56b2186718fd0133cd7aff0385f08fb97cbdec9d0
PRJ-RAL,PRJ-RAL-DSM-07,PRJ-RAL-DSM-08,REWORK_PROPAGATION,0.281071,1,SYNTHETIC_RESEARCH_FIXTURE,OG-SYNTH-0.3,A-0.3,build_opus_synthetic_programme_v0_3.py@0.3,20260812,True,1a03191f051b28081f918570813cc3bd8554f93201c7db43d948e2cbf372e67f
PRJ-RAL,PRJ-RAL-DSM-05,PRJ-RAL-DSM-03,REWORK_PROPAGATION,0.1455,1,SYNTHETIC_RESEARCH_FIXTURE,OG-SYNTH-0.3,A-0.3,build_opus_synthetic_programme_v0_3.py@0.3,20260812,True,cea391f4316ae828c27d4f738ca69a1f10bf922dfcbde580c3a3714867fe9d8a
PRJ-DCT,PRJ-DCT-DSM-01,PRJ-DCT-DSM-02,REWORK_PROPAGATION,0.228902,1,SYNTHETIC_RESEARCH_FIXTURE,OG-SYNTH-0.3,A-0.3,build_opus_synthetic_programme_v0_3.py@0.3,20260812,True,b22e38d8ee70d4a604e2e7ce8d13abc0baef3971dd9d1c2fbb7e95eca84c184b
PRJ-DCT,PRJ-DCT-DSM-01,PRJ-DCT-DSM-03,REWORK_PROPAGATION,0.220014,1,SYNTHETIC_RESEARCH_FIXTURE,OG-SYNTH-0.3,A-0.3,build_opus_synthetic_programme_v0_3.py@0.3,20260812,True,7045277c47f0b072c389e8f6dad5afac32c7089559354ca206a355d5e16a23e3
PRJ-DCT,PRJ-DCT-DSM-02,PRJ-DCT-DSM-05,REWORK_PROPAGATION,0.308512,1,SYNTHETIC_RESEARCH_FIXTURE,OG-SYNTH-0.3,A-0.3,build_opus_synthetic_programme_v0_3.py@0.3,20260812,True,659d305e5d8a8f19726608f0b48e9f54053db0f52fd59328ef6d437e6bd15ad8
PRJ-DCT,PRJ-DCT-DSM-03,PRJ-DCT-DSM-04,REWORK_PROPAGATION,0.287939,1,SYNTHETIC_RESEARCH_FIXTURE,OG-SYNTH-0.3,A-0.3,build_opus_synthetic_programme_v0_3.py@0.3,20260812,True,475472bc10200332bb0d9a1086d9ff72eed3035c89025230324aaaf616b8dea3
PRJ-DCT,PRJ-DCT-DSM-04,PRJ-DCT-DSM-05,REWORK_PROPAGATION,0.277006,1,SYNTHETIC_RESEARCH_FIXTURE,OG-SYNTH-0.3,A-0.3,build_opus_synthetic_programme_v0_3.py@0.3,20260812,True,71fc7eefea6ddbfdd189564fc3c3deee670056545e98034ae5a50eeb842969a3
PRJ-DCT,PRJ-DCT-DSM-05,PRJ-DCT-DSM-06,REWORK_PROPAGATION,0.346007,1,SYNTHETIC_RESEARCH_FIXTURE,OG-SYNTH-0.3,A-0.3,build_opus_synthetic_programme_v0_3.py@0.3,20260812,True,3b0b2bfaf5e97a62ec09d57e6d6bc4dc8b4e3d70699660942d507e696770d4bb
PRJ-DCT,PRJ-DCT-DSM-06,PRJ-DCT-DSM-07,REWORK_PROPAGATION,0.427087,1,SYNTHETIC_RESEARCH_FIXTURE,OG-SYNTH-0.3,A-0.3,build_opus_synthetic_programme_v0_3.py@0.3,20260812,True,3edaacfc899973e75776f13d4f8949c6472ae8b1b457483759e0123a7627d787
PRJ-DCT,PRJ-DCT-DSM-07,PRJ-DCT-DSM-08,REWORK_PROPAGATION,0.319057,1,SYNTHETIC_RESEARCH_FIXTURE,OG-SYNTH-0.3,A-0.3,build_opus_synthetic_programme_v0_3.py@0.3,20260812,True,85bfd6d3002191583e55ad0cfa4250013edb3c2175b32ccc2bd38f1127304841
PRJ-DCT,PRJ-DCT-DSM-05,PRJ-DCT-DSM-03,REWORK_PROPAGATION,0.085721,1,SYNTHETIC_RESEARCH_FIXTURE,OG-SYNTH-0.3,A-0.3,build_opus_synthetic_programme_v0_3.py@0.3,20260812,True,4095dcd8668db20377a2edbcf7cdc7c5b879d9c32a3c5741c8dc1d1c13942cd3
