id,item,established_state,what_run22_must_do,source,owner,blocking_for_freeze
1,the participant-surface rename,"OWNER DECISION, inherited unchanged from the Run-20 queue item 4 and NOT closed by Run 21","Present the owner with the truthful method names, the frozen package version, the point the study has reached, and the consequence of renaming mid-sequence. DO NOT APPLY WITHOUT THAT DECISION.",Run 20 queue item 4; Run 21 register row 4,OWNER,blocking for a release that renames anything a participant reads
2,B1.4 Worst-N-of-M parameter provenance,A fixed N exists in no source this repository holds or cites. PARAMETER_PROVENANCE_BLOCKED.,Obtain a source or an owner policy for N. NEITHER MAY BE CLOSED BY INVENTING A NUMBER. Advisory and non-voting meanwhile.,Run 20 queue item 8; Run 21 section 3A confirmed it is BLOCKED and not an implementation defect,OWNER OR RESEARCH,"not blocking: advisory, non-voting, reaches no governed status"
3,PH.5 Anomaly Score threshold calibration,The weights renormalise over whichever components are present. THRESHOLD_CALIBRATION_BLOCKED.,Obtain calibration evidence or an owner policy fixing the weights. NEITHER MAY BE CLOSED BY INVENTING A NUMBER. Advisory and non-voting meanwhile.,Run 20 queue item 8; Run 21 section 3A,OWNER OR RESEARCH,"not blocking: advisory, non-voting"
4,empirical validation as a programme,Every disposition short of SCIENTIFIC_PASS is short of it for want of a labelled corpus of project outcomes and an expert reference standard.,Scope it as a research programme. It is not an engineering task and Run 21 did not attempt it.,Run 20 queue item 9,RESEARCH,blocking for any claim of validated performance; NOT blocking for a freeze that does not make one
5,the pinned baseline still enumerates a FIXED file list,"Run 21 strengthened both pinned-baseline guards and both fired correctly on Run 21's own edits. The underlying question is NOT closed: the freeze names 143 files, so a NEW untracked production file is still invisible to it.",Decide whether the freeze should walk the tree instead of enumerating. This is a freeze-scope decision and belongs to the freeze run.,Run 20 queue item 7; Run 21 register row 7 (PARTIALLY CLOSED),RUN 22,BLOCKING FOR A FREEZE: a freeze that cannot see a new production file is not a freeze
6,four suites that crash rather than fail,"Run 21 answered the correctness half: run_all_suites.sh accepts only an anchored canonical RESULT line and additionally fails a green line with a nonzero exit, so a crashing suite is recorded FAIL and never a false green.",Decide whether those four should also fail rather than raise. A harness-design preference with no correctness consequence under the present runner.,Run 20 queue item 6; Run 21 register row 6 (ANSWERED),RUN 22,not blocking
7,the browser reload takes about 195 seconds in this container,"MEASURED, not inferred: the reload completes, the sentinel is destroyed and the application becomes ready at about 195s with readyState 'interactive'. Playwright's reload() times out at 45s even at wait_until='commit'.","Establish whether this is a container artefact or a real served-page cost a participant would meet. Run 21 did not determine which, and says so.",Run 21 code_audit/run21_reset_reload_results.csv,RUN 22,"BLOCKING FOR RELEASE IF IT IS REAL: a three-minute reload is a usability defect, and Run 21 has not shown it is not"
8,the reset control's contract is not stated on the diagram,Run 21 fixed the false 'no uploaded documents' claim and now discloses the retained documents. The reset button's own tooltip is still the only place the contract is written.,"Consider stating the retention contract where the count is read, not only in a tooltip. Presentation only; no count or arithmetic involved.",Run 21 section 5 STATE D,RUN 22,not blocking
9,freeze and release qualification itself,Run 21 qualified the instrument. It did not freeze it.,"Re-verify every Run-21 invariant on the frozen artefact, re-run the real-browser paths against the release build, and produce the release record.","Run 21 scope boundary, owner prompt section 26",RUN 22,BLOCKING: this is what Run 22 is for
