consumer_category,module,registry_identity,production_entry_point,actual_runner,raw_input_attempted,category9_assessment_reached,qualified_evidence_constructed,qualification_state,lineage_state,consumer_executed,raw_bypass,ledger_source,ledger_disposition,simulation_version,status
Delivery Quality Performance,A6.1,Quality Compliance Index,registry.run_module,app.simulation.models_cat89.run_A6_1,raw evidence declared UNASSESSED,YES,YES,UNASSESSED,LINEAGE_UNRESOLVED,NO,NO,QUALIFICATION_BOUNDARY_V18,evidence_not_qualified_for_use,sim-2026.08-v19,PASS
Delivery Quality Performance,A6.2,Safety Performance Index,registry.run_module,app.simulation.models_cat89.run_A6_2,raw evidence declared UNASSESSED,YES,YES,UNASSESSED,LINEAGE_UNRESOLVED,NO,NO,QUALIFICATION_BOUNDARY_V18,evidence_not_qualified_for_use,sim-2026.08-v19,PASS
Delivery Quality Performance,A6.3,Environmental Compliance Rate,registry.run_module,app.simulation.models_cat89.run_A6_3,raw evidence declared UNASSESSED,YES,YES,UNASSESSED,LINEAGE_UNRESOLVED,NO,NO,QUALIFICATION_BOUNDARY_V18,evidence_not_qualified_for_use,sim-2026.08-v19,PASS
Delivery Quality Performance,A6.4,Contractor Performance Assessment Signal,registry.run_module,app.simulation.models_cat89.run_A6_4,raw evidence declared UNASSESSED,YES,YES,UNASSESSED,LINEAGE_UNRESOLVED,NO,NO,QUALIFICATION_BOUNDARY_V18,evidence_not_qualified_for_use,sim-2026.08-v19,PASS
Signal Synthesis,B1.1,Conservative Dominance,registry.run_module,app.simulation.models_decision.run_conservative_dominance,raw evidence declared UNASSESSED,YES,YES,UNASSESSED,LINEAGE_UNRESOLVED,NO,NO,QUALIFICATION_BOUNDARY_V18,evidence_not_qualified_for_use,sim-2026.08-v19,PASS
Signal Synthesis,B1.2,Weighted Voting,registry.run_module,app.simulation.models_gov.run_weighted_voting,raw evidence declared UNASSESSED,YES,YES,UNASSESSED,LINEAGE_UNRESOLVED,NO,NO,QUALIFICATION_BOUNDARY_V18,evidence_not_qualified_for_use,sim-2026.08-v19,PASS
Signal Synthesis,B1.3,Majority Rules,registry.run_module,app.simulation.models_gov.run_majority_rules,raw evidence declared UNASSESSED,YES,YES,UNASSESSED,LINEAGE_UNRESOLVED,NO,NO,QUALIFICATION_BOUNDARY_V18,evidence_not_qualified_for_use,sim-2026.08-v19,PASS
Signal Synthesis,B1.4,Worst-N-of-M,registry.run_module,app.simulation.models_gov.run_worst_n_of_m,raw evidence declared UNASSESSED,YES,YES,UNASSESSED,LINEAGE_UNRESOLVED,NO,NO,QUALIFICATION_BOUNDARY_V18,evidence_not_qualified_for_use,sim-2026.08-v19,PASS
Evidence Combination,B2.1,Dempster-Shafer,registry.run_module,app.simulation.models_cat7.run_dst_evidence_combination,raw evidence declared UNASSESSED,YES,YES,UNASSESSED,LINEAGE_UNRESOLVED,NO,NO,QUALIFICATION_BOUNDARY_V18,evidence_not_qualified_for_use,sim-2026.08-v19,PASS
Evidence Combination,B2.10,Pythagorean Fuzzy Sets,registry.run_module,app.simulation.models_cat7.run_pythagorean_fuzzy,raw evidence declared UNASSESSED,YES,YES,UNASSESSED,LINEAGE_UNRESOLVED,NO,NO,QUALIFICATION_BOUNDARY_V18,evidence_not_qualified_for_use,sim-2026.08-v19,PASS
Evidence Combination,B2.11,Picture Fuzzy Sets,registry.run_module,app.simulation.models_cat7.run_picture_fuzzy,raw evidence declared UNASSESSED,YES,YES,UNASSESSED,LINEAGE_UNRESOLVED,NO,NO,QUALIFICATION_BOUNDARY_V18,evidence_not_qualified_for_use,sim-2026.08-v19,PASS
Evidence Combination,B2.12,Hesitant Fuzzy Sets,registry.run_module,app.simulation.models_cat7.run_hesitant_fuzzy,raw evidence declared UNASSESSED,YES,YES,UNASSESSED,LINEAGE_UNRESOLVED,NO,NO,QUALIFICATION_BOUNDARY_V18,evidence_not_qualified_for_use,sim-2026.08-v19,PASS
Evidence Combination,B2.13,Type-2 Fuzzy Sets,registry.run_module,app.simulation.models_cat7.run_type2_fuzzy,raw evidence declared UNASSESSED,YES,YES,UNASSESSED,LINEAGE_UNRESOLVED,NO,NO,QUALIFICATION_BOUNDARY_V18,evidence_not_qualified_for_use,sim-2026.08-v19,PASS
Evidence Combination,B2.14,Maximum Entropy,registry.run_module,app.simulation.models_cat7.run_maximum_entropy,raw evidence declared UNASSESSED,YES,YES,UNASSESSED,LINEAGE_UNRESOLVED,NO,NO,QUALIFICATION_BOUNDARY_V18,evidence_not_qualified_for_use,sim-2026.08-v19,PASS
Evidence Combination,B2.15,Possibility Theory,registry.run_module,app.simulation.models_cat7.run_possibility_theory,raw evidence declared UNASSESSED,YES,YES,UNASSESSED,LINEAGE_UNRESOLVED,NO,NO,QUALIFICATION_BOUNDARY_V18,evidence_not_qualified_for_use,sim-2026.08-v19,PASS
Evidence Combination,B2.16,Spherical Fuzzy Sets,registry.run_module,app.simulation.models_cat7.run_spherical_fuzzy,raw evidence declared UNASSESSED,YES,YES,UNASSESSED,LINEAGE_UNRESOLVED,NO,NO,QUALIFICATION_BOUNDARY_V18,evidence_not_qualified_for_use,sim-2026.08-v19,PASS
Evidence Combination,B2.17,Fermatean Fuzzy Sets,registry.run_module,app.simulation.models_cat7.run_fermatean_fuzzy,raw evidence declared UNASSESSED,YES,YES,UNASSESSED,LINEAGE_UNRESOLVED,NO,NO,QUALIFICATION_BOUNDARY_V18,evidence_not_qualified_for_use,sim-2026.08-v19,PASS
Evidence Combination,B2.18,MARCOS Ranking,registry.run_module,app.simulation.models_cat7.run_marcos,raw evidence declared UNASSESSED,YES,YES,UNASSESSED,LINEAGE_UNRESOLVED,NO,NO,QUALIFICATION_BOUNDARY_V18,evidence_not_qualified_for_use,sim-2026.08-v19,PASS
Evidence Combination,B2.19,CRITIC-TOPSIS,registry.run_module,app.simulation.models_cat7.run_critic_topsis,raw evidence declared UNASSESSED,YES,YES,UNASSESSED,LINEAGE_UNRESOLVED,NO,NO,QUALIFICATION_BOUNDARY_V18,evidence_not_qualified_for_use,sim-2026.08-v19,PASS
Evidence Combination,B2.2,Rough Sets,registry.run_module,app.simulation.models_cat7.run_rough_sets_classification,raw evidence declared UNASSESSED,YES,YES,UNASSESSED,LINEAGE_UNRESOLVED,NO,NO,QUALIFICATION_BOUNDARY_V18,evidence_not_qualified_for_use,sim-2026.08-v19,PASS
Evidence Combination,B2.20,Hypersoft Sets,registry.run_module,app.simulation.models_cat7.run_hypersoft_sets,raw evidence declared UNASSESSED,YES,YES,UNASSESSED,LINEAGE_UNRESOLVED,NO,NO,CANONICAL_V5_LAYER,DISABLED_NOT_EXECUTED,sim-2026.08-v19,PASS
Evidence Combination,B2.3,Neutrosophic Logic,registry.run_module,app.simulation.models_cat7.run_neutrosophic_logic,raw evidence declared UNASSESSED,YES,YES,UNASSESSED,LINEAGE_UNRESOLVED,NO,NO,QUALIFICATION_BOUNDARY_V18,evidence_not_qualified_for_use,sim-2026.08-v19,PASS
Evidence Combination,B2.4,Interval Fuzzy Sets,registry.run_module,app.simulation.models_cat7.run_interval_fuzzy_sets,raw evidence declared UNASSESSED,YES,YES,UNASSESSED,LINEAGE_UNRESOLVED,NO,NO,QUALIFICATION_BOUNDARY_V18,evidence_not_qualified_for_use,sim-2026.08-v19,PASS
Evidence Combination,B2.5,Z-numbers,registry.run_module,app.simulation.models_cat7.run_z_numbers,raw evidence declared UNASSESSED,YES,YES,UNASSESSED,LINEAGE_UNRESOLVED,NO,NO,QUALIFICATION_BOUNDARY_V18,evidence_not_qualified_for_use,sim-2026.08-v19,PASS
Evidence Combination,B2.6,PLTS,registry.run_module,app.simulation.models_cat7.run_plts,raw evidence declared UNASSESSED,YES,YES,UNASSESSED,LINEAGE_UNRESOLVED,NO,NO,QUALIFICATION_BOUNDARY_V18,evidence_not_qualified_for_use,sim-2026.08-v19,PASS
Evidence Combination,B2.7,Plithogenic Sets,registry.run_module,app.simulation.models_cat7.run_plithogenic_sets,raw evidence declared UNASSESSED,YES,YES,UNASSESSED,LINEAGE_UNRESOLVED,NO,NO,CANONICAL_V5_LAYER,DISABLED_NOT_EXECUTED,sim-2026.08-v19,PASS
Evidence Combination,B2.8,Belief Rule Base,registry.run_module,app.simulation.models_cat7.run_belief_rule_base,raw evidence declared UNASSESSED,YES,YES,UNASSESSED,LINEAGE_UNRESOLVED,NO,NO,QUALIFICATION_BOUNDARY_V18,evidence_not_qualified_for_use,sim-2026.08-v19,PASS
Evidence Combination,B2.9,Quantum Probability,registry.run_module,app.simulation.models_cat7.run_quantum_probability,raw evidence declared UNASSESSED,YES,YES,UNASSESSED,LINEAGE_UNRESOLVED,NO,NO,CANONICAL_V5_LAYER,DISABLED_NOT_EXECUTED,sim-2026.08-v19,PASS
Regulatory & Authority Thresholds,B3.1,Agent-Based Governance Model,registry.run_module,app.simulation.models_cat89.run_B3_1,raw evidence declared UNASSESSED,YES,YES,UNASSESSED,LINEAGE_UNRESOLVED,NO,NO,QUALIFICATION_BOUNDARY_V18,evidence_not_qualified_for_use,sim-2026.08-v19,PASS
Regulatory & Authority Thresholds,B3.2,FAR/Agency EVMS Applicability Monitor,registry.run_module,app.simulation.models_cat89.run_B3_2,raw evidence declared UNASSESSED,YES,YES,UNASSESSED,LINEAGE_UNRESOLVED,NO,NO,QUALIFICATION_BOUNDARY_V18,evidence_not_qualified_for_use,sim-2026.08-v19,PASS
Regulatory & Authority Thresholds,B3.3,Versioned A-11 Capital Programming Conformance Check,registry.run_module,app.simulation.models_cat89.run_B3_3,raw evidence declared UNASSESSED,YES,YES,UNASSESSED,LINEAGE_UNRESOLVED,NO,NO,QUALIFICATION_BOUNDARY_V18,evidence_not_qualified_for_use,sim-2026.08-v19,PASS
Regulatory & Authority Thresholds,B3.4,EVMS Reporting Compliance Monitor,registry.run_module,app.simulation.models_cat89.run_B3_4,raw evidence declared UNASSESSED,YES,YES,UNASSESSED,LINEAGE_UNRESOLVED,NO,NO,QUALIFICATION_BOUNDARY_V18,evidence_not_qualified_for_use,sim-2026.08-v19,PASS
Regulatory & Authority Thresholds,B3.5,Contract Modification Governance Check,registry.run_module,app.simulation.models_cat89.run_B3_5,raw evidence declared UNASSESSED,YES,YES,UNASSESSED,LINEAGE_UNRESOLVED,NO,NO,QUALIFICATION_BOUNDARY_V18,evidence_not_qualified_for_use,sim-2026.08-v19,PASS
Decision Optimization,B4.1,Multi-Objective Optimization,registry.run_module,app.simulation.models_gov.run_multi_objective,raw evidence declared UNASSESSED,YES,YES,UNASSESSED,LINEAGE_UNRESOLVED,NO,NO,,DISABLED_NOT_EXECUTED,sim-2026.08-v19,PASS
Decision Optimization,B4.2,Linear Programming,registry.run_module,app.simulation.models_gov.run_linear_programming,raw evidence declared UNASSESSED,YES,YES,UNASSESSED,LINEAGE_UNRESOLVED,NO,NO,,DISABLED_NOT_EXECUTED,sim-2026.08-v19,PASS
Decision Optimization,B4.3,Constraint Satisfaction Analysis,registry.run_module,app.simulation.models_gov.run_constraint_satisfaction,raw evidence declared UNASSESSED,YES,YES,UNASSESSED,LINEAGE_ESTABLISHED_DEPENDENT,NO,NO,QUALIFICATION_BOUNDARY_V18,evidence_not_qualified_for_use,sim-2026.08-v19,PASS
Decision Optimization,B4.4,What-If Scenario Matrix,registry.run_module,app.simulation.models_gov.run_whatif_matrix,raw evidence declared UNASSESSED,YES,YES,UNASSESSED,LINEAGE_UNRESOLVED,NO,NO,QUALIFICATION_BOUNDARY_V18,evidence_not_qualified_for_use,sim-2026.08-v19,PASS
Decision Optimization,B4.5,Decision Sensitivity Matrix,registry.run_module,app.simulation.models_gov.run_decision_sensitivity,raw evidence declared UNASSESSED,YES,YES,UNASSESSED,LINEAGE_UNRESOLVED,NO,NO,,DISABLED_NOT_EXECUTED,sim-2026.08-v19,PASS
Decision Optimization,B4.6,Pareto Frontier Analysis,registry.run_module,app.simulation.models_gov.run_pareto_frontier,raw evidence declared UNASSESSED,YES,YES,UNASSESSED,LINEAGE_UNRESOLVED,NO,NO,,DISABLED_NOT_EXECUTED,sim-2026.08-v19,PASS
Decision Optimization,B4.7,Regret Minimization Index,registry.run_module,app.simulation.models_gov.run_regret_minimization,raw evidence declared UNASSESSED,YES,YES,UNASSESSED,LINEAGE_UNRESOLVED,NO,NO,QUALIFICATION_BOUNDARY_V18,evidence_not_qualified_for_use,sim-2026.08-v19,PASS
