row_type,module_id,execution_state,populated_result,abstained,disabled,archived,voting,note,result
TARGET,A1.1,ABSTAINS,NO,YES,YES,NO,NO,NONE,PASS
TARGET,A1.10,ABSTAINS,NO,YES,NO,NO,NO,NONE,PASS
TARGET,A1.11,ABSTAINS,NO,YES,NO,NO,NO,NONE,PASS
TARGET,A1.2,ABSTAINS,NO,YES,NO,NO,NO,NONE,PASS
TARGET,A1.3,ABSTAINS,NO,YES,NO,NO,NO,NONE,PASS
TARGET,A1.4,ABSTAINS,NO,YES,NO,NO,NO,NONE,PASS
TARGET,A1.5,ABSTAINS,NO,YES,NO,NO,NO,NONE,PASS
TARGET,A1.6,ABSTAINS,NO,YES,NO,NO,NO,NONE,PASS
TARGET,A1.7,COMPUTES,YES,NO,NO,NO,YES,NONE,PASS
TARGET,A1.8,COMPUTES,YES,NO,NO,NO,YES,NONE,PASS
TARGET,A1.9,ABSTAINS,NO,YES,NO,NO,NO,NONE,PASS
TARGET,A2.1,ABSTAINS,NO,YES,NO,NO,NO,NONE,PASS
TARGET,A2.10,ABSTAINS,NO,YES,NO,NO,NO,NONE,PASS
TARGET,A2.11,ABSTAINS,NO,YES,NO,NO,NO,NONE,PASS
TARGET,A2.2,ABSTAINS,NO,YES,NO,NO,NO,NONE,PASS
TARGET,A2.3,ABSTAINS,NO,YES,NO,NO,NO,NONE,PASS
TARGET,A2.4,ABSTAINS,NO,YES,NO,NO,NO,NONE,PASS
TARGET,A2.5,ABSTAINS,NO,YES,NO,NO,NO,NONE,PASS
TARGET,A2.6,ABSTAINS,NO,YES,NO,NO,NO,NONE,PASS
TARGET,A2.7,ABSTAINS,NO,YES,NO,NO,NO,NONE,PASS
TARGET,A2.8,ABSTAINS,NO,YES,NO,NO,NO,NONE,PASS
TARGET,A2.9,ABSTAINS,NO,YES,NO,NO,NO,NONE,PASS
TARGET,A3.1,ABSTAINS,NO,YES,NO,NO,NO,NONE,PASS
TARGET,A3.2,ABSTAINS,NO,YES,NO,NO,NO,NONE,PASS
TARGET,A3.3,ABSTAINS,NO,YES,NO,NO,NO,NONE,PASS
TARGET,A3.5,ABSTAINS,NO,YES,NO,NO,NO,NONE,PASS
TARGET,A3.6,ABSTAINS,NO,YES,NO,NO,NO,NONE,PASS
TARGET,A3.7,ABSTAINS,NO,YES,NO,NO,NO,NONE,PASS
TARGET,A3.8,ABSTAINS,NO,YES,YES,NO,NO,NONE,PASS
TARGET,A3.9,ABSTAINS,NO,YES,NO,NO,NO,NONE,PASS
TARGET,A4.1,SUPPLIED_NOT_COMPUTED,NO,NO,NO,NO,NO,NONE,PASS
TARGET,A4.10,ABSTAINS,NO,YES,NO,NO,NO,NONE,PASS
TARGET,A4.2,ABSTAINS,NO,YES,NO,NO,NO,NONE,PASS
TARGET,A4.3,ABSTAINS,NO,YES,NO,NO,NO,NONE,PASS
TARGET,A4.4,ABSTAINS,NO,YES,NO,NO,NO,NONE,PASS
TARGET,A4.5,ABSTAINS,NO,YES,NO,NO,NO,NONE,PASS
TARGET,A4.6,ABSTAINS,NO,YES,NO,NO,NO,NONE,PASS
TARGET,A4.7,ABSTAINS,NO,YES,NO,NO,NO,NONE,PASS
TARGET,A4.8,ABSTAINS,NO,YES,NO,NO,NO,NONE,PASS
TARGET,A4.9,ABSTAINS,NO,YES,NO,NO,NO,NONE,PASS
TARGET,A5.1,ABSTAINS,NO,YES,NO,NO,NO,NONE,PASS
TARGET,A5.2,ABSTAINS,NO,YES,NO,NO,NO,NONE,PASS
TARGET,A5.3,ABSTAINS,NO,YES,NO,NO,NO,NONE,PASS
TARGET,A5.4,ABSTAINS,NO,YES,NO,NO,NO,NONE,PASS
TARGET,A5.5,ABSTAINS,NO,YES,NO,NO,NO,NONE,PASS
TARGET,A5.6,ABSTAINS,NO,YES,NO,NO,NO,NONE,PASS
TARGET,A5.7,ABSTAINS,NO,YES,NO,NO,NO,NONE,PASS
TARGET,A5.8,ABSTAINS,NO,YES,NO,NO,NO,NONE,PASS
TARGET,A6.1,COMPUTES,NO,NO,NO,NO,NO,NONE,PASS
TARGET,A6.2,COMPUTES,YES,NO,NO,NO,NO,NONE,PASS
TARGET,A6.3,COMPUTES,NO,NO,NO,NO,NO,NONE,PASS
TARGET,A6.4,ABSTAINS,NO,YES,NO,NO,NO,NONE,PASS
TARGET,B1.1,ABSTAINS,NO,YES,NO,NO,NO,NONE,PASS
TARGET,B1.2,ABSTAINS,NO,YES,NO,NO,NO,NONE,PASS
TARGET,B1.3,ABSTAINS,NO,YES,NO,NO,NO,NONE,PASS
TARGET,B1.4,ABSTAINS,NO,YES,NO,NO,NO,NONE,PASS
TARGET,B2.1,ABSTAINS,NO,YES,NO,NO,NO,NONE,PASS
TARGET,B2.10,ABSTAINS,NO,YES,NO,NO,NO,NONE,PASS
TARGET,B2.11,ABSTAINS,NO,YES,NO,NO,NO,NONE,PASS
TARGET,B2.12,ABSTAINS,NO,YES,NO,NO,NO,NONE,PASS
TARGET,B2.13,ABSTAINS,NO,YES,NO,NO,NO,NONE,PASS
TARGET,B2.14,ABSTAINS,NO,YES,NO,NO,NO,NONE,PASS
TARGET,B2.15,ABSTAINS,NO,YES,NO,NO,NO,NONE,PASS
TARGET,B2.16,ABSTAINS,NO,YES,NO,NO,NO,NONE,PASS
TARGET,B2.17,ABSTAINS,NO,YES,NO,NO,NO,NONE,PASS
TARGET,B2.18,ABSTAINS,NO,YES,NO,NO,NO,NONE,PASS
TARGET,B2.19,ABSTAINS,NO,YES,NO,NO,NO,NONE,PASS
TARGET,B2.2,ABSTAINS,NO,YES,NO,NO,NO,NONE,PASS
TARGET,B2.20,ABSTAINS,NO,YES,YES,NO,NO,NONE,PASS
TARGET,B2.3,ABSTAINS,NO,YES,NO,NO,NO,NONE,PASS
TARGET,B2.4,ABSTAINS,NO,YES,NO,NO,NO,NONE,PASS
TARGET,B2.5,ABSTAINS,NO,YES,NO,NO,NO,NONE,PASS
TARGET,B2.6,ABSTAINS,NO,YES,NO,NO,NO,NONE,PASS
TARGET,B2.7,ABSTAINS,NO,YES,YES,NO,NO,NONE,PASS
TARGET,B2.8,ABSTAINS,NO,YES,NO,NO,NO,NONE,PASS
TARGET,B2.9,ABSTAINS,NO,YES,YES,YES,NO,NONE,PASS
TARGET,B3.1,ABSTAINS,NO,YES,NO,NO,NO,NONE,PASS
TARGET,B3.2,ABSTAINS,NO,YES,NO,NO,NO,NONE,PASS
TARGET,B3.3,ABSTAINS,NO,YES,NO,NO,NO,NONE,PASS
TARGET,B3.4,ABSTAINS,NO,YES,NO,NO,NO,NONE,PASS
TARGET,B3.5,ABSTAINS,NO,YES,NO,NO,NO,NONE,PASS
TARGET,B4.1,ABSTAINS,NO,YES,YES,NO,NO,NONE,PASS
TARGET,B4.2,ABSTAINS,NO,YES,YES,NO,NO,NONE,PASS
TARGET,B4.3,ABSTAINS,NO,YES,NO,NO,NO,NONE,PASS
TARGET,B4.4,ABSTAINS,NO,YES,NO,NO,NO,NONE,PASS
TARGET,B4.5,ABSTAINS,NO,YES,YES,NO,NO,NONE,PASS
TARGET,B4.6,ABSTAINS,NO,YES,YES,NO,NO,NONE,PASS
TARGET,B4.7,ABSTAINS,NO,YES,NO,NO,NO,NONE,PASS
TARGET,C1.1,ABSTAINS,NO,YES,NO,NO,NO,NONE,PASS
TARGET,C1.2,ABSTAINS,NO,YES,NO,NO,NO,NONE,PASS
TARGET,C1.3,ABSTAINS,NO,YES,NO,NO,NO,NONE,PASS
TARGET,C1.4,ABSTAINS,NO,YES,NO,NO,NO,NONE,PASS
TARGET,C1.5,ABSTAINS,NO,YES,NO,NO,NO,NONE,PASS
TARGET,C1.6,ABSTAINS,NO,YES,NO,NO,NO,NONE,PASS
TARGET,C1.7,ABSTAINS,NO,YES,NO,NO,NO,NONE,PASS
TARGET,D1.1,PORTFOLIO_ROUTE,NO,NO,NO,NO,NO,NONE,PASS
TARGET,D1.2,PORTFOLIO_ROUTE,NO,NO,NO,NO,NO,NONE,PASS
TARGET,D1.3,PORTFOLIO_ROUTE,NO,NO,NO,NO,NO,NONE,PASS
TARGET,D1.4,PORTFOLIO_ROUTE,NO,NO,NO,NO,NO,NONE,PASS
TARGET,D1.5,PORTFOLIO_ROUTE,NO,NO,NO,NO,NO,NONE,PASS
ACCEPTANCE_COUNTER,-,EXECUTED TARGETS,100,required = 100,-,-,-,every scientific target run through its real governed route,PASS
ACCEPTANCE_COUNTER,-,POPULATED ANALYTICAL RESULTS,3,required = 3,-,-,-,"not a target: A1.7, A1.8, A6.2",PASS
ACCEPTANCE_COUNTER,-,ABSTENTIONS,89,required = 89,-,-,-,"recorded, not required",PASS
ACCEPTANCE_COUNTER,-,DISABLED OR ARCHIVED IN THE 100,9,required = 9,-,-,-,8 concept-only plus A1.1; A3.4 is outside the scientific population,PASS
ACCEPTANCE_COUNTER,-,PORTFOLIO ROUTE REFUSALS,5,required = 5,-,-,-,Group D refused on a single project's route,PASS
ACCEPTANCE_COUNTER,-,SUPPLIED NOT COMPUTED,1,required = 1,-,-,-,A4.1,PASS
ACCEPTANCE_COUNTER,-,UNEXPECTED EXCEPTIONS,0,required = 0,-,-,-,none,PASS
ACCEPTANCE_COUNTER,-,LEGACY ROUTE REACHABILITY,0,required = 0,-,-,-,no module's dispatch target computes a method other than the one its name claims,PASS
ACCEPTANCE_COUNTER,-,VOTING INFLUENCE,2,required = 2,-,-,-,"A1.7, A1.8",PASS
