decision_problem_id,action_id,scenario_id,loss_value,regret_value,data_origin,programme_version,package_version,generator_version,random_seed,not_for_empirical_validation,record_hash
DP-01,DP-01-A0,DP-01-S0,2.95899,0.0,SYNTHETIC_RESEARCH_FIXTURE,OG-SYNTH-0.3,B3-0.3,build_opus_synthetic_programme_v0_3.py@0.3,20260812,True,fef99cc55ad232ecedd7bc85bd172ef6687a6e91729cf277aef0ff965b2442cb
DP-01,DP-01-A0,DP-01-S1,6.02493,1.001199,SYNTHETIC_RESEARCH_FIXTURE,OG-SYNTH-0.3,B3-0.3,build_opus_synthetic_programme_v0_3.py@0.3,20260812,True,0c881ef866f5ec5c8ccbf7f17ec6cc857db06f9a78ed40d42a0b80ab50929086
DP-01,DP-01-A0,DP-01-S2,7.199162,2.180302,SYNTHETIC_RESEARCH_FIXTURE,OG-SYNTH-0.3,B3-0.3,build_opus_synthetic_programme_v0_3.py@0.3,20260812,True,cc0abccef5a04c7f9f5f64d799b1df5eeb1bfcf1ebbdf9f667f2c5091f668629
DP-01,DP-01-A0,DP-01-S3,5.532953,0.991713,SYNTHETIC_RESEARCH_FIXTURE,OG-SYNTH-0.3,B3-0.3,build_opus_synthetic_programme_v0_3.py@0.3,20260812,True,cd75e9e95db525186d9e5666041bbf509dcb008aecb995a03e4a552e45b080c7
DP-01,DP-01-A0,DP-01-S4,8.970554,0.881748,SYNTHETIC_RESEARCH_FIXTURE,OG-SYNTH-0.3,B3-0.3,build_opus_synthetic_programme_v0_3.py@0.3,20260812,True,0126b58c8c6b22962c4237f96472da82b0ccba7b7a4a29dda2292619bc17e2a2
DP-01,DP-01-A1,DP-01-S0,4.39,1.43101,SYNTHETIC_RESEARCH_FIXTURE,OG-SYNTH-0.3,B3-0.3,build_opus_synthetic_programme_v0_3.py@0.3,20260812,True,9c846b7190f517728e7ff1199bb73a9347fd505ad94cd0f3e6d005da26bdfe6e
DP-01,DP-01-A1,DP-01-S1,5.52078,0.497049,SYNTHETIC_RESEARCH_FIXTURE,OG-SYNTH-0.3,B3-0.3,build_opus_synthetic_programme_v0_3.py@0.3,20260812,True,549a1947a02cbf8067ed183ce4ee11b5f1711e5e71244ea00d6d41886bec9c90
DP-01,DP-01-A1,DP-01-S2,6.667102,1.648242,SYNTHETIC_RESEARCH_FIXTURE,OG-SYNTH-0.3,B3-0.3,build_opus_synthetic_programme_v0_3.py@0.3,20260812,True,85ff42476922987063305afaf35f599249e7b25ca69118dbbb36fec9cb09a614
DP-01,DP-01-A1,DP-01-S3,5.572542,1.031302,SYNTHETIC_RESEARCH_FIXTURE,OG-SYNTH-0.3,B3-0.3,build_opus_synthetic_programme_v0_3.py@0.3,20260812,True,9bb7d83114bce7b8b22f63f50b38d732c38c38e4b5ec973c84b384ba7fbdd752
DP-01,DP-01-A1,DP-01-S4,9.116142,1.027336,SYNTHETIC_RESEARCH_FIXTURE,OG-SYNTH-0.3,B3-0.3,build_opus_synthetic_programme_v0_3.py@0.3,20260812,True,a2dd9f2cf111c9ac8d62c99b1f16ef65165275d49e65190c62aba106984dd4df
DP-01,DP-01-A2,DP-01-S0,4.791,1.83201,SYNTHETIC_RESEARCH_FIXTURE,OG-SYNTH-0.3,B3-0.3,build_opus_synthetic_programme_v0_3.py@0.3,20260812,True,c6740448ce156d9f5697220337e2b35f96799acf99a53d5cbaaddc162fd02341
DP-01,DP-01-A2,DP-01-S1,6.735992,1.712261,SYNTHETIC_RESEARCH_FIXTURE,OG-SYNTH-0.3,B3-0.3,build_opus_synthetic_programme_v0_3.py@0.3,20260812,True,1d10872760e912f5cb032178577b58b8efdf1c8b018ae8985d0a212169a7653f
DP-01,DP-01-A2,DP-01-S2,7.394038,2.375178,SYNTHETIC_RESEARCH_FIXTURE,OG-SYNTH-0.3,B3-0.3,build_opus_synthetic_programme_v0_3.py@0.3,20260812,True,b3d1f33a6cc7843882457dc8f99d5238b5217256f96d1b77aed3c4543ddf0990
DP-01,DP-01-A2,DP-01-S3,6.195693,1.654453,SYNTHETIC_RESEARCH_FIXTURE,OG-SYNTH-0.3,B3-0.3,build_opus_synthetic_programme_v0_3.py@0.3,20260812,True,20c81f8025837cadef5fc2adc38383039ccac2dd957548e0088fa70b6ac06818
DP-01,DP-01-A2,DP-01-S4,9.632511,1.543706,SYNTHETIC_RESEARCH_FIXTURE,OG-SYNTH-0.3,B3-0.3,build_opus_synthetic_programme_v0_3.py@0.3,20260812,True,886048c1de10f794e33f3eb4aa38d459df5bc31d7216ab07e0b783d6aacb7ff0
DP-01,DP-01-A3,DP-01-S0,3.677,0.71801,SYNTHETIC_RESEARCH_FIXTURE,OG-SYNTH-0.3,B3-0.3,build_opus_synthetic_programme_v0_3.py@0.3,20260812,True,ec0f6826f54186d809914543755a3b3d5031f3b94c87d4d2cf7adf9417927c36
DP-01,DP-01-A3,DP-01-S1,5.023731,0.0,SYNTHETIC_RESEARCH_FIXTURE,OG-SYNTH-0.3,B3-0.3,build_opus_synthetic_programme_v0_3.py@0.3,20260812,True,39ae4037357fda2816142ce9c71cc8361e93840c28bdc9f003807e5b58772d80
DP-01,DP-01-A3,DP-01-S2,5.01886,0.0,SYNTHETIC_RESEARCH_FIXTURE,OG-SYNTH-0.3,B3-0.3,build_opus_synthetic_programme_v0_3.py@0.3,20260812,True,647344d0d7fa47390c1096d481ec8658fd5cb36462166b182c8040ba5a98d1fe
DP-01,DP-01-A3,DP-01-S3,4.59024,0.049,SYNTHETIC_RESEARCH_FIXTURE,OG-SYNTH-0.3,B3-0.3,build_opus_synthetic_programme_v0_3.py@0.3,20260812,True,3106d0bfd17aace93a85788b178753a64d5268f68f0ed5829829f0ef7cad56ec
DP-01,DP-01-A3,DP-01-S4,8.088805,0.0,SYNTHETIC_RESEARCH_FIXTURE,OG-SYNTH-0.3,B3-0.3,build_opus_synthetic_programme_v0_3.py@0.3,20260812,True,f187c5bfc57aee0c36219e94c51efc99ce03763e07f28202f0e80c9adc65c329
DP-01,DP-01-A4,DP-01-S0,3.628,0.66901,SYNTHETIC_RESEARCH_FIXTURE,OG-SYNTH-0.3,B3-0.3,build_opus_synthetic_programme_v0_3.py@0.3,20260812,True,1a6960f8b35231d4384c28da2e5aeee97ec3fe46def88aa37b699aa87760f39b
DP-01,DP-01-A4,DP-01-S1,5.917346,0.893615,SYNTHETIC_RESEARCH_FIXTURE,OG-SYNTH-0.3,B3-0.3,build_opus_synthetic_programme_v0_3.py@0.3,20260812,True,3bce1f210ee901e560b7bcd6f96c9edb8c5c46dac9351cc672b1baa56f6e52dc
DP-01,DP-01-A4,DP-01-S2,6.615875,1.597015,SYNTHETIC_RESEARCH_FIXTURE,OG-SYNTH-0.3,B3-0.3,build_opus_synthetic_programme_v0_3.py@0.3,20260812,True,594ef02d3ae973a40b8906f35ffebdb595611da1ac9ad506aa706c08af9b54ed
DP-01,DP-01-A4,DP-01-S3,4.54124,0.0,SYNTHETIC_RESEARCH_FIXTURE,OG-SYNTH-0.3,B3-0.3,build_opus_synthetic_programme_v0_3.py@0.3,20260812,True,fbd6da7fc4b4ada973155a3a7c8f768a35918a73dda753cf10c26e4940687e1a
DP-01,DP-01-A4,DP-01-S4,8.578368,0.489563,SYNTHETIC_RESEARCH_FIXTURE,OG-SYNTH-0.3,B3-0.3,build_opus_synthetic_programme_v0_3.py@0.3,20260812,True,f82beea81ca151e99bac43599c2dac497815fbe06f4bb6335ce1b10498b2733b
DP-01,DP-01-A5,DP-01-S0,3.009,0.05001,SYNTHETIC_RESEARCH_FIXTURE,OG-SYNTH-0.3,B3-0.3,build_opus_synthetic_programme_v0_3.py@0.3,20260812,True,c924eaa8053aeb53b9d5c4aea221ab3ed639204f113dab524a6365f0ff65c6ec
DP-01,DP-01-A5,DP-01-S1,5.718168,0.694437,SYNTHETIC_RESEARCH_FIXTURE,OG-SYNTH-0.3,B3-0.3,build_opus_synthetic_programme_v0_3.py@0.3,20260812,True,1d2a521f52556cf8f91b1cf82b4331094541cfb5f46117351354c4c0654624d6
DP-01,DP-01-A5,DP-01-S2,6.719164,1.700304,SYNTHETIC_RESEARCH_FIXTURE,OG-SYNTH-0.3,B3-0.3,build_opus_synthetic_programme_v0_3.py@0.3,20260812,True,d9aeb0492363bffc33bd68b7d8591b0dfc2652a78a78e6a95350ccbca1197c92
DP-01,DP-01-A5,DP-01-S3,5.380123,0.838883,SYNTHETIC_RESEARCH_FIXTURE,OG-SYNTH-0.3,B3-0.3,build_opus_synthetic_programme_v0_3.py@0.3,20260812,True,7df80d27e7f566d3ddf3e6156dcdab5b870ef57a8ba0c48ff46f5891d202b8cb
DP-01,DP-01-A5,DP-01-S4,8.557894,0.469089,SYNTHETIC_RESEARCH_FIXTURE,OG-SYNTH-0.3,B3-0.3,build_opus_synthetic_programme_v0_3.py@0.3,20260812,True,0019645ef14a4e36612b9f9ff4aa0ea42ead4732110265562290fc26fb43ebaf
DP-02,DP-02-A0,DP-02-S0,2.92,0.0,SYNTHETIC_RESEARCH_FIXTURE,OG-SYNTH-0.3,B3-0.3,build_opus_synthetic_programme_v0_3.py@0.3,20260812,True,dbe0ebba1c1c08598ba3223610b4cd0864fc5f27930fe256d2912ae12520a4d0
DP-02,DP-02-A0,DP-02-S1,6.297666,1.090992,SYNTHETIC_RESEARCH_FIXTURE,OG-SYNTH-0.3,B3-0.3,build_opus_synthetic_programme_v0_3.py@0.3,20260812,True,990bfe40b43d8eef77a63252fa30ae5a4eaaafe7d06e2e32102bf94a93c25cd1
DP-02,DP-02-A0,DP-02-S2,7.380309,2.214749,SYNTHETIC_RESEARCH_FIXTURE,OG-SYNTH-0.3,B3-0.3,build_opus_synthetic_programme_v0_3.py@0.3,20260812,True,41781db80072ad3b33ecf51b07a5826d4d3e270d0a18f1c0ba5f4345713a0b14
DP-02,DP-02-A0,DP-02-S3,5.668941,0.954258,SYNTHETIC_RESEARCH_FIXTURE,OG-SYNTH-0.3,B3-0.3,build_opus_synthetic_programme_v0_3.py@0.3,20260812,True,96474f81e21bd4478f97695967ad3e1f76ceea166fc91bd3281720ae4825fc5e
DP-02,DP-02-A0,DP-02-S4,9.723778,0.930146,SYNTHETIC_RESEARCH_FIXTURE,OG-SYNTH-0.3,B3-0.3,build_opus_synthetic_programme_v0_3.py@0.3,20260812,True,3db089f55782fe33acf3f5336a0249dfaa9fc60459aa1f1978e4309eac65099b
DP-02,DP-02-A1,DP-02-S0,4.47,1.55,SYNTHETIC_RESEARCH_FIXTURE,OG-SYNTH-0.3,B3-0.3,build_opus_synthetic_programme_v0_3.py@0.3,20260812,True,151d34c4b24484be887eb7130786f560add90fb35937f5de23d7e2ed4b974bca
DP-02,DP-02-A1,DP-02-S1,5.66588,0.459206,SYNTHETIC_RESEARCH_FIXTURE,OG-SYNTH-0.3,B3-0.3,build_opus_synthetic_programme_v0_3.py@0.3,20260812,True,3127dcafd27a0c9adbb2f5d62aeddf3fbb3c40c49873dfec2e79b09a3f58c945
DP-02,DP-02-A1,DP-02-S2,6.708051,1.542491,SYNTHETIC_RESEARCH_FIXTURE,OG-SYNTH-0.3,B3-0.3,build_opus_synthetic_programme_v0_3.py@0.3,20260812,True,59d97a85a789ca074f5a255e0a573014bc1ee1c189406438e6ee989a60cf66fd
DP-02,DP-02-A1,DP-02-S3,5.442552,0.727868,SYNTHETIC_RESEARCH_FIXTURE,OG-SYNTH-0.3,B3-0.3,build_opus_synthetic_programme_v0_3.py@0.3,20260812,True,d27a6bdf9c165ad0c3f0fe442960e996e8a1252b36329ddeb1cd91223c0f5898
DP-02,DP-02-A1,DP-02-S4,9.56593,0.772299,SYNTHETIC_RESEARCH_FIXTURE,OG-SYNTH-0.3,B3-0.3,build_opus_synthetic_programme_v0_3.py@0.3,20260812,True,f7a68a4724c334ab2fc277c944317b5415c722eaa217ec4afac91b653b8f845f
DP-02,DP-02-A2,DP-02-S0,4.846,1.926,SYNTHETIC_RESEARCH_FIXTURE,OG-SYNTH-0.3,B3-0.3,build_opus_synthetic_programme_v0_3.py@0.3,20260812,True,b63faa946918510a3e1724700a51aed30eabdc08a46e2dd4d69bc9cb0ef7714e
DP-02,DP-02-A2,DP-02-S1,6.892496,1.685822,SYNTHETIC_RESEARCH_FIXTURE,OG-SYNTH-0.3,B3-0.3,build_opus_synthetic_programme_v0_3.py@0.3,20260812,True,9df1c2c76cc763e4855b9376e53c2d84a4ae0a48ab6840df7bfce2862a3d9a93
DP-02,DP-02-A2,DP-02-S2,8.04851,2.88295,SYNTHETIC_RESEARCH_FIXTURE,OG-SYNTH-0.3,B3-0.3,build_opus_synthetic_programme_v0_3.py@0.3,20260812,True,50abbf1dfb350063b2cf3dd739c71466741b1093006d2a145a35443afce3b625
DP-02,DP-02-A2,DP-02-S3,6.293741,1.579058,SYNTHETIC_RESEARCH_FIXTURE,OG-SYNTH-0.3,B3-0.3,build_opus_synthetic_programme_v0_3.py@0.3,20260812,True,49b1da65f97e3eeed69be6e1cea503c40fee0fe7416b78ce18c8bcbb5b6c42be
DP-02,DP-02-A2,DP-02-S4,10.381516,1.587884,SYNTHETIC_RESEARCH_FIXTURE,OG-SYNTH-0.3,B3-0.3,build_opus_synthetic_programme_v0_3.py@0.3,20260812,True,44d84cccb09867dcd5da8d8a26c5ddd94956ad7c51c9975e4d35f767df15a14b
DP-02,DP-02-A3,DP-02-S0,3.747,0.827,SYNTHETIC_RESEARCH_FIXTURE,OG-SYNTH-0.3,B3-0.3,build_opus_synthetic_programme_v0_3.py@0.3,20260812,True,3f9ab74c9b33bbbf5661e1de68cb1f7ff0e2d0acb6d0b2b32f2fd6a5f19ec873
DP-02,DP-02-A3,DP-02-S1,5.206675,0.0,SYNTHETIC_RESEARCH_FIXTURE,OG-SYNTH-0.3,B3-0.3,build_opus_synthetic_programme_v0_3.py@0.3,20260812,True,beefc2652c06d8911ea7c6fdd0c923eeefb9006954dc1658e04916b01002828d
DP-02,DP-02-A3,DP-02-S2,5.16556,0.0,SYNTHETIC_RESEARCH_FIXTURE,OG-SYNTH-0.3,B3-0.3,build_opus_synthetic_programme_v0_3.py@0.3,20260812,True,fa23f8de3cc734bd670459ffcdff72781572d4e18ff10e881faaed119e0f960f
DP-02,DP-02-A3,DP-02-S3,4.753261,0.038578,SYNTHETIC_RESEARCH_FIXTURE,OG-SYNTH-0.3,B3-0.3,build_opus_synthetic_programme_v0_3.py@0.3,20260812,True,f7be44914e19c4ba11933083a3463a875452bcd70f9f61c903127cd9ef099065
DP-02,DP-02-A3,DP-02-S4,8.793632,0.0,SYNTHETIC_RESEARCH_FIXTURE,OG-SYNTH-0.3,B3-0.3,build_opus_synthetic_programme_v0_3.py@0.3,20260812,True,c92084be63fd540e6e6d2ccf37621bae84f80d36f3a73e55e5e7308bf0a6f898
DP-02,DP-02-A4,DP-02-S0,3.658,0.738,SYNTHETIC_RESEARCH_FIXTURE,OG-SYNTH-0.3,B3-0.3,build_opus_synthetic_programme_v0_3.py@0.3,20260812,True,473c335dfe4605e1d27291a061c7697376139fdd0473307aeab355e242db2407
DP-02,DP-02-A4,DP-02-S1,6.020631,0.813957,SYNTHETIC_RESEARCH_FIXTURE,OG-SYNTH-0.3,B3-0.3,build_opus_synthetic_programme_v0_3.py@0.3,20260812,True,7cb3b9f7d891a73fdd6566ee8787f3873e186c555545aef240014e2f1cf87061
DP-02,DP-02-A4,DP-02-S2,6.598681,1.433121,SYNTHETIC_RESEARCH_FIXTURE,OG-SYNTH-0.3,B3-0.3,build_opus_synthetic_programme_v0_3.py@0.3,20260812,True,f732b88fd177008bbb1e99ef7c0e183dbc1924512d4e0ad8a9cad6d8ed23dd2a
DP-02,DP-02-A4,DP-02-S3,4.714683,0.0,SYNTHETIC_RESEARCH_FIXTURE,OG-SYNTH-0.3,B3-0.3,build_opus_synthetic_programme_v0_3.py@0.3,20260812,True,a73985e592fcdda6c93eb6adff6cca26dd40555679938bfe32959303239949e8
DP-02,DP-02-A4,DP-02-S4,9.126146,0.332514,SYNTHETIC_RESEARCH_FIXTURE,OG-SYNTH-0.3,B3-0.3,build_opus_synthetic_programme_v0_3.py@0.3,20260812,True,94843a2aafe44f7f1009d4838d8c69b85c08f1c523bd31970481001db3ad648c
DP-02,DP-02-A5,DP-02-S0,2.989,0.069,SYNTHETIC_RESEARCH_FIXTURE,OG-SYNTH-0.3,B3-0.3,build_opus_synthetic_programme_v0_3.py@0.3,20260812,True,d26671389b79f85db38c5f5b2d49b0c33027a76aefdd3e5fc3bfd4be7464db3d
DP-02,DP-02-A5,DP-02-S1,5.733652,0.526977,SYNTHETIC_RESEARCH_FIXTURE,OG-SYNTH-0.3,B3-0.3,build_opus_synthetic_programme_v0_3.py@0.3,20260812,True,95e8e9b10768c61999aaf39c1d98eee61bcccb448593d6ae6db2b991d1189762
DP-02,DP-02-A5,DP-02-S2,6.5769,1.41134,SYNTHETIC_RESEARCH_FIXTURE,OG-SYNTH-0.3,B3-0.3,build_opus_synthetic_programme_v0_3.py@0.3,20260812,True,460328d50bb0d1611060b332c1fc2c2e989701673443564c63a52e7caa438f3c
DP-02,DP-02-A5,DP-02-S3,5.302518,0.587835,SYNTHETIC_RESEARCH_FIXTURE,OG-SYNTH-0.3,B3-0.3,build_opus_synthetic_programme_v0_3.py@0.3,20260812,True,a71ebf4fca5fb9ec275d6ff4ac582fcb442dac7ad48d673216529254f62ac8ac
DP-02,DP-02-A5,DP-02-S4,9.132568,0.338936,SYNTHETIC_RESEARCH_FIXTURE,OG-SYNTH-0.3,B3-0.3,build_opus_synthetic_programme_v0_3.py@0.3,20260812,True,35f9927c216235a0923fbe7fb3a9a59544b98eb784199cd3abc12ec20ba7e360
DP-03,DP-03-A0,DP-03-S0,3.097478,0.128478,SYNTHETIC_RESEARCH_FIXTURE,OG-SYNTH-0.3,B3-0.3,build_opus_synthetic_programme_v0_3.py@0.3,20260812,True,b5d8d86c5bb7b6191f3ad669c8dd3405c2302cd26ea40620ae234911eff98f86
DP-03,DP-03-A0,DP-03-S1,6.449756,0.626876,SYNTHETIC_RESEARCH_FIXTURE,OG-SYNTH-0.3,B3-0.3,build_opus_synthetic_programme_v0_3.py@0.3,20260812,True,5193b4fe35d05da418ab590cc555492753ff844263a4f8ec08111f7a65cab363
DP-03,DP-03-A0,DP-03-S2,7.056893,1.729333,SYNTHETIC_RESEARCH_FIXTURE,OG-SYNTH-0.3,B3-0.3,build_opus_synthetic_programme_v0_3.py@0.3,20260812,True,c673ece2f366c3e60f10305f52c5d5fcc465517b4d050b37bd8a7da4ee91b9df
DP-03,DP-03-A0,DP-03-S3,5.836992,1.120952,SYNTHETIC_RESEARCH_FIXTURE,OG-SYNTH-0.3,B3-0.3,build_opus_synthetic_programme_v0_3.py@0.3,20260812,True,58827cf1584568364d9c854b6ea9ee019842be6758eaa4b93cc229a5b28c2250
DP-03,DP-03-A0,DP-03-S4,9.981377,0.736735,SYNTHETIC_RESEARCH_FIXTURE,OG-SYNTH-0.3,B3-0.3,build_opus_synthetic_programme_v0_3.py@0.3,20260812,True,c903c3e045567352de8858b98b70242429a57aaa00e8f5450489b8bbaea5bc6e
DP-03,DP-03-A1,DP-03-S0,4.55,1.581,SYNTHETIC_RESEARCH_FIXTURE,OG-SYNTH-0.3,B3-0.3,build_opus_synthetic_programme_v0_3.py@0.3,20260812,True,3de15c6b8a6eea8bd751c116ce90a27bf96539fb3c9830d59298ad81cb3198d6
DP-03,DP-03-A1,DP-03-S1,5.82288,0.0,SYNTHETIC_RESEARCH_FIXTURE,OG-SYNTH-0.3,B3-0.3,build_opus_synthetic_programme_v0_3.py@0.3,20260812,True,5576f6ea0c51ec59ca588f5aac6055456acca434d2170e4e722bcff3e202d5d1
DP-03,DP-03-A1,DP-03-S2,7.217558,1.889998,SYNTHETIC_RESEARCH_FIXTURE,OG-SYNTH-0.3,B3-0.3,build_opus_synthetic_programme_v0_3.py@0.3,20260812,True,98078af3f121919388f5133723eaf14ed2e21d05d2725c2c275dee93c2db0286
DP-03,DP-03-A1,DP-03-S3,5.672428,0.956388,SYNTHETIC_RESEARCH_FIXTURE,OG-SYNTH-0.3,B3-0.3,build_opus_synthetic_programme_v0_3.py@0.3,20260812,True,25fa02305a3dd5a65cea9cd2020a3dfc063cef3e3aa2c8228b5a35f565b98548
DP-03,DP-03-A1,DP-03-S4,9.934713,0.690071,SYNTHETIC_RESEARCH_FIXTURE,OG-SYNTH-0.3,B3-0.3,build_opus_synthetic_programme_v0_3.py@0.3,20260812,True,138d1df05ff445722687a25a8681b34a72178b116869d34a171d866904f5514d
DP-03,DP-03-A2,DP-03-S0,4.901,1.932,SYNTHETIC_RESEARCH_FIXTURE,OG-SYNTH-0.3,B3-0.3,build_opus_synthetic_programme_v0_3.py@0.3,20260812,True,bc791d21b8d0f3a60a5de67b9cc743b230c05751e930414f620536b13f9f0afa
DP-03,DP-03-A2,DP-03-S1,7.06856,1.24568,SYNTHETIC_RESEARCH_FIXTURE,OG-SYNTH-0.3,B3-0.3,build_opus_synthetic_programme_v0_3.py@0.3,20260812,True,92d1672929c6a8dfb104288a65f81fb3a33b25ae68a6f6d61cf234a4bfb1970e
DP-03,DP-03-A2,DP-03-S2,8.165482,2.837922,SYNTHETIC_RESEARCH_FIXTURE,OG-SYNTH-0.3,B3-0.3,build_opus_synthetic_programme_v0_3.py@0.3,20260812,True,dd38f424d6147a6b0f8dc09ed3688979af9ecb0ad55154bd6c3c738456dc50f5
DP-03,DP-03-A2,DP-03-S3,6.673587,1.957547,SYNTHETIC_RESEARCH_FIXTURE,OG-SYNTH-0.3,B3-0.3,build_opus_synthetic_programme_v0_3.py@0.3,20260812,True,28cacba341d13f9cc9201bcd88fa16f5d43a57d6da75c50d3ca335297d8ddc6f
DP-03,DP-03-A2,DP-03-S4,10.855407,1.610765,SYNTHETIC_RESEARCH_FIXTURE,OG-SYNTH-0.3,B3-0.3,build_opus_synthetic_programme_v0_3.py@0.3,20260812,True,370e0e2d24e7d20d018876ed135fc6b6fc485959be810305aab7e9f7b189fbb7
DP-03,DP-03-A3,DP-03-S0,3.817,0.848,SYNTHETIC_RESEARCH_FIXTURE,OG-SYNTH-0.3,B3-0.3,build_opus_synthetic_programme_v0_3.py@0.3,20260812,True,d1b560ce04ea116201234d29116fc08df80462315bf9f8a6606518c3a9ec0411
DP-03,DP-03-A3,DP-03-S1,6.207054,0.384174,SYNTHETIC_RESEARCH_FIXTURE,OG-SYNTH-0.3,B3-0.3,build_opus_synthetic_programme_v0_3.py@0.3,20260812,True,1f94c3eac82e64eaafd2993956b3ce089e82ae4aa97af87f7fb4cef10603b323
DP-03,DP-03-A3,DP-03-S2,5.32756,0.0,SYNTHETIC_RESEARCH_FIXTURE,OG-SYNTH-0.3,B3-0.3,build_opus_synthetic_programme_v0_3.py@0.3,20260812,True,52d9188632bb6f9d2ee46c9f7bc22c82edb6fb2b874698707f28203a3fa561e5
DP-03,DP-03-A3,DP-03-S3,5.221475,0.505435,SYNTHETIC_RESEARCH_FIXTURE,OG-SYNTH-0.3,B3-0.3,build_opus_synthetic_programme_v0_3.py@0.3,20260812,True,7837131d47ae497db76c5382e95ca64849f0378039fa8b4f66b2cfe0eb75f793
DP-03,DP-03-A3,DP-03-S4,9.244642,0.0,SYNTHETIC_RESEARCH_FIXTURE,OG-SYNTH-0.3,B3-0.3,build_opus_synthetic_programme_v0_3.py@0.3,20260812,True,39fe5b7e0883a851bb560480ef9f2b2ebff22b70c188d38f8aa3c11d6e335763
DP-03,DP-03-A4,DP-03-S0,3.688,0.719,SYNTHETIC_RESEARCH_FIXTURE,OG-SYNTH-0.3,B3-0.3,build_opus_synthetic_programme_v0_3.py@0.3,20260812,True,7573194816dae7bcb23b9cf933daee34c327cbd8b152859fe172950241138d64
DP-03,DP-03-A4,DP-03-S1,6.04674,0.22386,SYNTHETIC_RESEARCH_FIXTURE,OG-SYNTH-0.3,B3-0.3,build_opus_synthetic_programme_v0_3.py@0.3,20260812,True,6b4a66f3b33b48046c9fe91c5cbccd1d130e361a23a6e2a7ab9f65b89afb3894
DP-03,DP-03-A4,DP-03-S2,6.609511,1.281951,SYNTHETIC_RESEARCH_FIXTURE,OG-SYNTH-0.3,B3-0.3,build_opus_synthetic_programme_v0_3.py@0.3,20260812,True,e1327475affd8066e4ead9b989dff05a3cdd9a7420ae794314bb3e664342bb4b
DP-03,DP-03-A4,DP-03-S3,4.71604,0.0,SYNTHETIC_RESEARCH_FIXTURE,OG-SYNTH-0.3,B3-0.3,build_opus_synthetic_programme_v0_3.py@0.3,20260812,True,21f06a7b7d87da40ea80fdf1518bd591741d24a2831c521b2f9a8436a65c8d30
DP-03,DP-03-A4,DP-03-S4,9.709394,0.464752,SYNTHETIC_RESEARCH_FIXTURE,OG-SYNTH-0.3,B3-0.3,build_opus_synthetic_programme_v0_3.py@0.3,20260812,True,45ea96c379139d4bec57ab730ada5e79698b4336a23ed3e65344968e7bb94a86
DP-03,DP-03-A5,DP-03-S0,2.969,0.0,SYNTHETIC_RESEARCH_FIXTURE,OG-SYNTH-0.3,B3-0.3,build_opus_synthetic_programme_v0_3.py@0.3,20260812,True,71764ba9260a1db921c1540cdfc7b853499364a278dbf11183bb9530090fac43
DP-03,DP-03-A5,DP-03-S1,5.985653,0.162773,SYNTHETIC_RESEARCH_FIXTURE,OG-SYNTH-0.3,B3-0.3,build_opus_synthetic_programme_v0_3.py@0.3,20260812,True,d1d2705142433860dd9fd8780e0a36069c297246101b8e7b5c1edc4e4039fdb9
DP-03,DP-03-A5,DP-03-S2,6.787211,1.459651,SYNTHETIC_RESEARCH_FIXTURE,OG-SYNTH-0.3,B3-0.3,build_opus_synthetic_programme_v0_3.py@0.3,20260812,True,424d3848d90b6f1707ab693e310f469e3a1760b9d70f98f6232afab1238503fd
DP-03,DP-03-A5,DP-03-S3,5.197965,0.481925,SYNTHETIC_RESEARCH_FIXTURE,OG-SYNTH-0.3,B3-0.3,build_opus_synthetic_programme_v0_3.py@0.3,20260812,True,c3c81fc6ef2de7aad7706657555d06420de01288b515cc4ee7f1d001eed7d0fe
DP-03,DP-03-A5,DP-03-S4,9.406238,0.161596,SYNTHETIC_RESEARCH_FIXTURE,OG-SYNTH-0.3,B3-0.3,build_opus_synthetic_programme_v0_3.py@0.3,20260812,True,2774a3886b2aed057e39d4c5be5aad0c1744cc29f044155ee5414745ac6a8696
DP-04,DP-04-A0,DP-04-S0,3.212056,0.263056,SYNTHETIC_RESEARCH_FIXTURE,OG-SYNTH-0.3,B3-0.3,build_opus_synthetic_programme_v0_3.py@0.3,20260812,True,3cf9e4bf0f1b500b6900a2691d9b509b7f341d42231052f578c4b01ef19f2f7e
DP-04,DP-04-A0,DP-04-S1,6.844561,0.972244,SYNTHETIC_RESEARCH_FIXTURE,OG-SYNTH-0.3,B3-0.3,build_opus_synthetic_programme_v0_3.py@0.3,20260812,True,c41d816e8f664d7b825855da16da3520aa6a3b4cc95778f244d8334c9a8547ea
DP-04,DP-04-A0,DP-04-S2,7.963632,2.493332,SYNTHETIC_RESEARCH_FIXTURE,OG-SYNTH-0.3,B3-0.3,build_opus_synthetic_programme_v0_3.py@0.3,20260812,True,4bc34e6e732a8a9bbd161a6fb4f1340910948c46b063889e5417accf21d5333e
DP-04,DP-04-A0,DP-04-S3,5.96554,1.102124,SYNTHETIC_RESEARCH_FIXTURE,OG-SYNTH-0.3,B3-0.3,build_opus_synthetic_programme_v0_3.py@0.3,20260812,True,9edda1d1f918187c27eecb41f8cde60c4fa2dabefa7d9a140f8620fb1e38ea5a
DP-04,DP-04-A0,DP-04-S4,10.478638,0.635146,SYNTHETIC_RESEARCH_FIXTURE,OG-SYNTH-0.3,B3-0.3,build_opus_synthetic_programme_v0_3.py@0.3,20260812,True,67aab8e07c5b103ede759a3f2eb6c89bcd4c48998b00f480d087cdb4914c6a64
DP-04,DP-04-A1,DP-04-S0,4.63,1.681,SYNTHETIC_RESEARCH_FIXTURE,OG-SYNTH-0.3,B3-0.3,build_opus_synthetic_programme_v0_3.py@0.3,20260812,True,fdf3ed5e80321a887ececc085ad2615b5e87b69395e8911ba55cc34226b60d96
DP-04,DP-04-A1,DP-04-S1,5.9649,0.092583,SYNTHETIC_RESEARCH_FIXTURE,OG-SYNTH-0.3,B3-0.3,build_opus_synthetic_programme_v0_3.py@0.3,20260812,True,3891f343d98421bc8a371858b7c1ce3e3b56d7c91603da083ea4501c5513b4f9
DP-04,DP-04-A1,DP-04-S2,7.332907,1.862607,SYNTHETIC_RESEARCH_FIXTURE,OG-SYNTH-0.3,B3-0.3,build_opus_synthetic_programme_v0_3.py@0.3,20260812,True,38d97b19a7d53d549c2ea91f8076b751f892d28c596fe21870deb6d70f46c68a
DP-04,DP-04-A1,DP-04-S3,6.116688,1.253271,SYNTHETIC_RESEARCH_FIXTURE,OG-SYNTH-0.3,B3-0.3,build_opus_synthetic_programme_v0_3.py@0.3,20260812,True,63740940e3c896343e63cbd0fe212c6e4aeb3ec49f238786868fff7dceb19028
DP-04,DP-04-A1,DP-04-S4,10.257471,0.413979,SYNTHETIC_RESEARCH_FIXTURE,OG-SYNTH-0.3,B3-0.3,build_opus_synthetic_programme_v0_3.py@0.3,20260812,True,c1dba772083392c741a7cb8db67180f0a5acf26ee8b2b11105778ef7b83495cb
DP-04,DP-04-A2,DP-04-S0,4.956,2.007,SYNTHETIC_RESEARCH_FIXTURE,OG-SYNTH-0.3,B3-0.3,build_opus_synthetic_programme_v0_3.py@0.3,20260812,True,791f6eac0bb88ece0a573d7fd760ba196e029abcbdcfed4d3dc197e7d6a89a33
DP-04,DP-04-A2,DP-04-S1,7.317399,1.445082,SYNTHETIC_RESEARCH_FIXTURE,OG-SYNTH-0.3,B3-0.3,build_opus_synthetic_programme_v0_3.py@0.3,20260812,True,cc0e1a263ce82edaed171363438060365df613d2e7cec8030b8316c8c7a29588
DP-04,DP-04-A2,DP-04-S2,8.10675,2.63645,SYNTHETIC_RESEARCH_FIXTURE,OG-SYNTH-0.3,B3-0.3,build_opus_synthetic_programme_v0_3.py@0.3,20260812,True,1803afe9427f8d90fee316fd7026d1ce03d02fe84533156644ba6d86566f3f76
DP-04,DP-04-A2,DP-04-S3,6.909917,2.0465,SYNTHETIC_RESEARCH_FIXTURE,OG-SYNTH-0.3,B3-0.3,build_opus_synthetic_programme_v0_3.py@0.3,20260812,True,4ccf359f1b08937f9cf1ab60c92183682c8b28d00f59866d75abca2b39dadd0b
DP-04,DP-04-A2,DP-04-S4,10.913191,1.069699,SYNTHETIC_RESEARCH_FIXTURE,OG-SYNTH-0.3,B3-0.3,build_opus_synthetic_programme_v0_3.py@0.3,20260812,True,d962a05379a270abec2aade53ac63e30b9199fe6d27a76cb9568ab086bf64e3a
DP-04,DP-04-A3,DP-04-S0,3.887,0.938,SYNTHETIC_RESEARCH_FIXTURE,OG-SYNTH-0.3,B3-0.3,build_opus_synthetic_programme_v0_3.py@0.3,20260812,True,589e9f5c9e51a526e04e5e5b9726c92d05802548bc9d5873c79d0e42c086d1e2
DP-04,DP-04-A3,DP-04-S1,5.872317,0.0,SYNTHETIC_RESEARCH_FIXTURE,OG-SYNTH-0.3,B3-0.3,build_opus_synthetic_programme_v0_3.py@0.3,20260812,True,33ae5fee8008c3301cbce99a3935e38891d6d96bfb0eff7fe199aa6571a61403
DP-04,DP-04-A3,DP-04-S2,5.4703,0.0,SYNTHETIC_RESEARCH_FIXTURE,OG-SYNTH-0.3,B3-0.3,build_opus_synthetic_programme_v0_3.py@0.3,20260812,True,e4d9cbf762bf625d1ebbee4b59a4c86d5a0aa31a6066065069d1c951dd727433
DP-04,DP-04-A3,DP-04-S3,5.285859,0.422442,SYNTHETIC_RESEARCH_FIXTURE,OG-SYNTH-0.3,B3-0.3,build_opus_synthetic_programme_v0_3.py@0.3,20260812,True,83f0c94dc7db02cd0863202f43ff83ab6be0f7c05c8c5f42d8647da194f3def9
DP-04,DP-04-A3,DP-04-S4,9.843492,0.0,SYNTHETIC_RESEARCH_FIXTURE,OG-SYNTH-0.3,B3-0.3,build_opus_synthetic_programme_v0_3.py@0.3,20260812,True,e032e9d8f00e4298d1b3fa516905ce8431b1c9c06974b571864d7f26766e9688
DP-04,DP-04-A4,DP-04-S0,3.718,0.769,SYNTHETIC_RESEARCH_FIXTURE,OG-SYNTH-0.3,B3-0.3,build_opus_synthetic_programme_v0_3.py@0.3,20260812,True,7bb583584cb0a700168f2bf20ce61c462578c24a4ff3bb69bf1c44e0ad331cfb
DP-04,DP-04-A4,DP-04-S1,6.432801,0.560484,SYNTHETIC_RESEARCH_FIXTURE,OG-SYNTH-0.3,B3-0.3,build_opus_synthetic_programme_v0_3.py@0.3,20260812,True,0ebe0e0f4238d40cdfe6d696b0e31dfe47b10cefca7d62026320509cd90bb387
DP-04,DP-04-A4,DP-04-S2,6.989341,1.519041,SYNTHETIC_RESEARCH_FIXTURE,OG-SYNTH-0.3,B3-0.3,build_opus_synthetic_programme_v0_3.py@0.3,20260812,True,48c4cf74928d2594cf7519b81e1a9919a615ae95cd3f79c1da5ce69b9b23cd69
DP-04,DP-04-A4,DP-04-S3,4.863417,0.0,SYNTHETIC_RESEARCH_FIXTURE,OG-SYNTH-0.3,B3-0.3,build_opus_synthetic_programme_v0_3.py@0.3,20260812,True,5df1502da69308cce800f7f894f94ba3b00a1867360697d94eb5eee492f2a8bc
DP-04,DP-04-A4,DP-04-S4,10.459115,0.615623,SYNTHETIC_RESEARCH_FIXTURE,OG-SYNTH-0.3,B3-0.3,build_opus_synthetic_programme_v0_3.py@0.3,20260812,True,0578cbdb9136150be6cdc7c84e373e0bbba39c0396d63f1bbe1af08785a1e38f
DP-04,DP-04-A5,DP-04-S0,2.949,0.0,SYNTHETIC_RESEARCH_FIXTURE,OG-SYNTH-0.3,B3-0.3,build_opus_synthetic_programme_v0_3.py@0.3,20260812,True,37881e1cc70bccd860dfc80b13148bba42e21e8a0d244686e0b809ca1753f654
DP-04,DP-04-A5,DP-04-S1,6.267248,0.394931,SYNTHETIC_RESEARCH_FIXTURE,OG-SYNTH-0.3,B3-0.3,build_opus_synthetic_programme_v0_3.py@0.3,20260812,True,087a20bb2c4424d96f22e299e2670947f499dbf8b37e4afa91f149d5f19ff27d
DP-04,DP-04-A5,DP-04-S2,6.984952,1.514652,SYNTHETIC_RESEARCH_FIXTURE,OG-SYNTH-0.3,B3-0.3,build_opus_synthetic_programme_v0_3.py@0.3,20260812,True,d6ad0a3bbf4dba2314d6e8c49676f141908ffd788519106bf8c5bebd9b339cf3
DP-04,DP-04-A5,DP-04-S3,5.759939,0.896522,SYNTHETIC_RESEARCH_FIXTURE,OG-SYNTH-0.3,B3-0.3,build_opus_synthetic_programme_v0_3.py@0.3,20260812,True,c0da2e375110e31099e86c1f0f31815664c5f563220db1c432ce5fbc3f8d34af
DP-04,DP-04-A5,DP-04-S4,9.997097,0.153605,SYNTHETIC_RESEARCH_FIXTURE,OG-SYNTH-0.3,B3-0.3,build_opus_synthetic_programme_v0_3.py@0.3,20260812,True,5dfc91fd1e05dc04476ccb80298dede25a050ee9f75a9b1344927e410484acb7
DP-05,DP-05-A0,DP-05-S0,2.92,0.0,SYNTHETIC_RESEARCH_FIXTURE,OG-SYNTH-0.3,B3-0.3,build_opus_synthetic_programme_v0_3.py@0.3,20260812,True,4246120a7db215064d7ecf8de05300a83684a328c2238efb77d1eb1ef733649d
DP-05,DP-05-A0,DP-05-S1,6.93134,0.787423,SYNTHETIC_RESEARCH_FIXTURE,OG-SYNTH-0.3,B3-0.3,build_opus_synthetic_programme_v0_3.py@0.3,20260812,True,7540c3d8c1650b0d399324a2b7d8563d775581ffd625cf11336f99c26653318c
DP-05,DP-05-A0,DP-05-S2,7.833999,2.158561,SYNTHETIC_RESEARCH_FIXTURE,OG-SYNTH-0.3,B3-0.3,build_opus_synthetic_programme_v0_3.py@0.3,20260812,True,3d29221fb7743c0ca404271a9cc86f5469e43c133a4dd5a991e88a5c4b22fb4e
DP-05,DP-05-A0,DP-05-S3,6.359034,1.212754,SYNTHETIC_RESEARCH_FIXTURE,OG-SYNTH-0.3,B3-0.3,build_opus_synthetic_programme_v0_3.py@0.3,20260812,True,543d0b03b430de48b02a50c0e570d083a44a0b6aece651a13beb68956336c6d1
DP-05,DP-05-A0,DP-05-S4,11.029728,0.700581,SYNTHETIC_RESEARCH_FIXTURE,OG-SYNTH-0.3,B3-0.3,build_opus_synthetic_programme_v0_3.py@0.3,20260812,True,22ba9c0a5e6d05721a12c9bf3431e80f07a97f7eb0f04c01336d5bef3633f94a
DP-05,DP-05-A1,DP-05-S0,4.71,1.79,SYNTHETIC_RESEARCH_FIXTURE,OG-SYNTH-0.3,B3-0.3,build_opus_synthetic_programme_v0_3.py@0.3,20260812,True,3cf632bb221358a59f23fc16e54c01b1395bf2858fdc7f3f57a43ce660723f07
DP-05,DP-05-A1,DP-05-S1,6.143917,0.0,SYNTHETIC_RESEARCH_FIXTURE,OG-SYNTH-0.3,B3-0.3,build_opus_synthetic_programme_v0_3.py@0.3,20260812,True,5bbe86d7ad4cff497ad1bbcccfcc98cd5aa48236ca4f15e0a683e5e49122b70c
DP-05,DP-05-A1,DP-05-S2,7.474963,1.799525,SYNTHETIC_RESEARCH_FIXTURE,OG-SYNTH-0.3,B3-0.3,build_opus_synthetic_programme_v0_3.py@0.3,20260812,True,17802fb5050d286a50963b1d4b1f60f9c7734bb090485b37ef8b3447744a04a5
DP-05,DP-05-A1,DP-05-S3,6.09977,0.95349,SYNTHETIC_RESEARCH_FIXTURE,OG-SYNTH-0.3,B3-0.3,build_opus_synthetic_programme_v0_3.py@0.3,20260812,True,c357ec4f0fe39e12596e8c21cb0809a361fbe15da1cec8b595b9b6b6b09f1cf3
DP-05,DP-05-A1,DP-05-S4,11.188437,0.859289,SYNTHETIC_RESEARCH_FIXTURE,OG-SYNTH-0.3,B3-0.3,build_opus_synthetic_programme_v0_3.py@0.3,20260812,True,dc702301a93689cef80078c18c275a2c6a052064b8f1533d4cea10705dbc6e90
DP-05,DP-05-A2,DP-05-S0,5.011,2.091,SYNTHETIC_RESEARCH_FIXTURE,OG-SYNTH-0.3,B3-0.3,build_opus_synthetic_programme_v0_3.py@0.3,20260812,True,b9583fe51b756bfbd7bca8e060a5467b4715f41e820e91942be4718d93982885
DP-05,DP-05-A2,DP-05-S1,7.463952,1.320035,SYNTHETIC_RESEARCH_FIXTURE,OG-SYNTH-0.3,B3-0.3,build_opus_synthetic_programme_v0_3.py@0.3,20260812,True,c653b61a8ba8738a058ebc359a531389eedb6f99210fe92ff32b8f337f084900
DP-05,DP-05-A2,DP-05-S2,8.624823,2.949385,SYNTHETIC_RESEARCH_FIXTURE,OG-SYNTH-0.3,B3-0.3,build_opus_synthetic_programme_v0_3.py@0.3,20260812,True,ccc22d51d945e27b1f4e37c03688639e15d51fedb85e93427b3a219b7f06c7c7
DP-05,DP-05-A2,DP-05-S3,6.85982,1.71354,SYNTHETIC_RESEARCH_FIXTURE,OG-SYNTH-0.3,B3-0.3,build_opus_synthetic_programme_v0_3.py@0.3,20260812,True,b21cbd7cd462c998adcd653d44359438f10fc7c8e3412b33bba5455817c56a62
DP-05,DP-05-A2,DP-05-S4,11.408367,1.079219,SYNTHETIC_RESEARCH_FIXTURE,OG-SYNTH-0.3,B3-0.3,build_opus_synthetic_programme_v0_3.py@0.3,20260812,True,0157d506214ccfe9584a00199bd0ea553e397ebc999229930245253ae76101d3
DP-05,DP-05-A3,DP-05-S0,3.957,1.037,SYNTHETIC_RESEARCH_FIXTURE,OG-SYNTH-0.3,B3-0.3,build_opus_synthetic_programme_v0_3.py@0.3,20260812,True,ec61a83a06da8d090dd890a70a807ec0c7f65882f66c31af6b88acebe8386856
DP-05,DP-05-A3,DP-05-S1,6.170853,0.026935,SYNTHETIC_RESEARCH_FIXTURE,OG-SYNTH-0.3,B3-0.3,build_opus_synthetic_programme_v0_3.py@0.3,20260812,True,7c6d3ef638669a2e42c78c5469ff063bb2d250713fce06c665b923fc5bf74f6c
DP-05,DP-05-A3,DP-05-S2,5.675438,0.0,SYNTHETIC_RESEARCH_FIXTURE,OG-SYNTH-0.3,B3-0.3,build_opus_synthetic_programme_v0_3.py@0.3,20260812,True,1c4da548a5c9d739195a6e319ca5e28e19b814a2315b89edfee580b992001d30
DP-05,DP-05-A3,DP-05-S3,5.927396,0.781115,SYNTHETIC_RESEARCH_FIXTURE,OG-SYNTH-0.3,B3-0.3,build_opus_synthetic_programme_v0_3.py@0.3,20260812,True,7963d96e35702fb2cc43f7383187256d7718a5e4b6ebacc06021e035672f9416
DP-05,DP-05-A3,DP-05-S4,10.381376,0.052228,SYNTHETIC_RESEARCH_FIXTURE,OG-SYNTH-0.3,B3-0.3,build_opus_synthetic_programme_v0_3.py@0.3,20260812,True,bb443f5b536ab0f85466bd96153877ca773667cd86cfd5d3dc0439d00f094a3b
DP-05,DP-05-A4,DP-05-S0,3.748,0.828,SYNTHETIC_RESEARCH_FIXTURE,OG-SYNTH-0.3,B3-0.3,build_opus_synthetic_programme_v0_3.py@0.3,20260812,True,2fd34e81f44c30076cbb563d7c6eb66f41db97e6a7e74d72851c606559364c3b
DP-05,DP-05-A4,DP-05-S1,6.804172,0.660255,SYNTHETIC_RESEARCH_FIXTURE,OG-SYNTH-0.3,B3-0.3,build_opus_synthetic_programme_v0_3.py@0.3,20260812,True,f79ff328cf7040b6fce3229a0e7b130067efa8f4df0565c460ad5599e0222d49
DP-05,DP-05-A4,DP-05-S2,7.606174,1.930735,SYNTHETIC_RESEARCH_FIXTURE,OG-SYNTH-0.3,B3-0.3,build_opus_synthetic_programme_v0_3.py@0.3,20260812,True,9231916224deb15e14b72abcab3c69c0dcee11ed7fc1d86b9857a5f04d94de6b
DP-05,DP-05-A4,DP-05-S3,5.14628,0.0,SYNTHETIC_RESEARCH_FIXTURE,OG-SYNTH-0.3,B3-0.3,build_opus_synthetic_programme_v0_3.py@0.3,20260812,True,f5ef6150dd53d176558f7a8cc176c2171485a92f3e89941c39694145a4db799b
DP-05,DP-05-A4,DP-05-S4,10.583953,0.254805,SYNTHETIC_RESEARCH_FIXTURE,OG-SYNTH-0.3,B3-0.3,build_opus_synthetic_programme_v0_3.py@0.3,20260812,True,37826a7e51c377da313aa3a19ee369e607b759ba09ca83fb053288f5463fc11c
DP-05,DP-05-A5,DP-05-S0,2.929,0.009,SYNTHETIC_RESEARCH_FIXTURE,OG-SYNTH-0.3,B3-0.3,build_opus_synthetic_programme_v0_3.py@0.3,20260812,True,c4e178b7f32bbf1d34e5ee8ac3e182a6ef2389e9a7ef3e152c1b976d9af0ff81
DP-05,DP-05-A5,DP-05-S1,6.296704,0.152787,SYNTHETIC_RESEARCH_FIXTURE,OG-SYNTH-0.3,B3-0.3,build_opus_synthetic_programme_v0_3.py@0.3,20260812,True,bc951c2b966799f27b03e33c963e82c50760cbf4ad9a238b80b7d810d74667e9
DP-05,DP-05-A5,DP-05-S2,7.001817,1.326379,SYNTHETIC_RESEARCH_FIXTURE,OG-SYNTH-0.3,B3-0.3,build_opus_synthetic_programme_v0_3.py@0.3,20260812,True,1ec97e9c461e0be39063e9391d6bfdb6634dea54a5cfe04a1928cc90b62f731f
DP-05,DP-05-A5,DP-05-S3,5.743477,0.597197,SYNTHETIC_RESEARCH_FIXTURE,OG-SYNTH-0.3,B3-0.3,build_opus_synthetic_programme_v0_3.py@0.3,20260812,True,314f483b9f556bbfc5f8c57a1ca698647bcfbeb6fa1a937660ecee6b50c395a1
DP-05,DP-05-A5,DP-05-S4,10.329147,0.0,SYNTHETIC_RESEARCH_FIXTURE,OG-SYNTH-0.3,B3-0.3,build_opus_synthetic_programme_v0_3.py@0.3,20260812,True,579f9a2365181eaeb88da245928a11656ea86e6da078e58872eabe989d48773d
DP-06,DP-06-A0,DP-06-S0,2.92,0.011,SYNTHETIC_RESEARCH_FIXTURE,OG-SYNTH-0.3,B3-0.3,build_opus_synthetic_programme_v0_3.py@0.3,20260812,True,fbd428efcb7715f171819337b07e97732136522160211b974446415ea664dabf
DP-06,DP-06-A0,DP-06-S1,7.005074,0.711612,SYNTHETIC_RESEARCH_FIXTURE,OG-SYNTH-0.3,B3-0.3,build_opus_synthetic_programme_v0_3.py@0.3,20260812,True,e9b4acd6d6d29a0cfe764010ce3e4ec31c35816ae04eb5e95c99c8b17947ffc4
DP-06,DP-06-A0,DP-06-S2,8.198421,2.342521,SYNTHETIC_RESEARCH_FIXTURE,OG-SYNTH-0.3,B3-0.3,build_opus_synthetic_programme_v0_3.py@0.3,20260812,True,dae3b07d9a074c3434a255a3d4c9dcfa0c624087668e59b5380d66c84db90f0f
DP-06,DP-06-A0,DP-06-S3,6.390155,0.899101,SYNTHETIC_RESEARCH_FIXTURE,OG-SYNTH-0.3,B3-0.3,build_opus_synthetic_programme_v0_3.py@0.3,20260812,True,20d3bc0dc2f3e9926ad6f0c40466af1a8be7a1137610f9cac52e24c20e09da01
DP-06,DP-06-A0,DP-06-S4,11.277011,1.065837,SYNTHETIC_RESEARCH_FIXTURE,OG-SYNTH-0.3,B3-0.3,build_opus_synthetic_programme_v0_3.py@0.3,20260812,True,8dd77435b3acbefa5cbd6d31ea761d6e5b8afd33862eb8f13a4dccb167af9364
DP-06,DP-06-A1,DP-06-S0,4.79,1.881,SYNTHETIC_RESEARCH_FIXTURE,OG-SYNTH-0.3,B3-0.3,build_opus_synthetic_programme_v0_3.py@0.3,20260812,True,846abd540d832ead4f54a9a879ac0592cfdaf83fc88e2397fc91c7741d68ac98
DP-06,DP-06-A1,DP-06-S1,6.303592,0.010131,SYNTHETIC_RESEARCH_FIXTURE,OG-SYNTH-0.3,B3-0.3,build_opus_synthetic_programme_v0_3.py@0.3,20260812,True,0c6074ba391acb65b47f6b94edc917e00a804bf184e9520f03bd809ff3f109df
DP-06,DP-06-A1,DP-06-S2,8.246602,2.390702,SYNTHETIC_RESEARCH_FIXTURE,OG-SYNTH-0.3,B3-0.3,build_opus_synthetic_programme_v0_3.py@0.3,20260812,True,a26b6a400ba96b2aaed7413762c1e82764f1b5e67f212202649c47e479f332ba
DP-06,DP-06-A1,DP-06-S3,6.584676,1.093622,SYNTHETIC_RESEARCH_FIXTURE,OG-SYNTH-0.3,B3-0.3,build_opus_synthetic_programme_v0_3.py@0.3,20260812,True,b5aa6d2e08fc4e44fe175611041e3f3f4c2e6eb61e63ff1202bb6716b4d12d8a
DP-06,DP-06-A1,DP-06-S4,11.29186,1.080686,SYNTHETIC_RESEARCH_FIXTURE,OG-SYNTH-0.3,B3-0.3,build_opus_synthetic_programme_v0_3.py@0.3,20260812,True,8ce4b07460b1a249623ad5bca80129ff979856cd1eaee25dcf5b6222c1dd0ba0
DP-06,DP-06-A2,DP-06-S0,5.066,2.157,SYNTHETIC_RESEARCH_FIXTURE,OG-SYNTH-0.3,B3-0.3,build_opus_synthetic_programme_v0_3.py@0.3,20260812,True,a54a2d967225b7a18e11c90523b7be0dbaade87f78b76dea64a439d362121d3a
DP-06,DP-06-A2,DP-06-S1,8.009111,1.715649,SYNTHETIC_RESEARCH_FIXTURE,OG-SYNTH-0.3,B3-0.3,build_opus_synthetic_programme_v0_3.py@0.3,20260812,True,f8112b3672784c005304527851d24b067f520cb3f39fbd2701a0c0763c344281
DP-06,DP-06-A2,DP-06-S2,9.136747,3.280847,SYNTHETIC_RESEARCH_FIXTURE,OG-SYNTH-0.3,B3-0.3,build_opus_synthetic_programme_v0_3.py@0.3,20260812,True,ad568d1b21742cfddbf9674123907110592c937853a7e707f756d0548210f04b
DP-06,DP-06-A2,DP-06-S3,7.282858,1.791805,SYNTHETIC_RESEARCH_FIXTURE,OG-SYNTH-0.3,B3-0.3,build_opus_synthetic_programme_v0_3.py@0.3,20260812,True,c9fc35cb89e1adf8a1312068c6ef4e4e70ebe19b637bffb591aed4992511f4a6
DP-06,DP-06-A2,DP-06-S4,11.849792,1.638619,SYNTHETIC_RESEARCH_FIXTURE,OG-SYNTH-0.3,B3-0.3,build_opus_synthetic_programme_v0_3.py@0.3,20260812,True,121adc6b1bc0785f5ba8367cb5d6ca8935fc0b1ba2911227f6b87d47f973294e
DP-06,DP-06-A3,DP-06-S0,4.027,1.118,SYNTHETIC_RESEARCH_FIXTURE,OG-SYNTH-0.3,B3-0.3,build_opus_synthetic_programme_v0_3.py@0.3,20260812,True,04df186977bc3d024e1eb8c5d9c49730b67f3a48e0b93db8807698b93a857cd3
DP-06,DP-06-A3,DP-06-S1,6.293462,0.0,SYNTHETIC_RESEARCH_FIXTURE,OG-SYNTH-0.3,B3-0.3,build_opus_synthetic_programme_v0_3.py@0.3,20260812,True,dcf3e913ef44f215c766d7d5ac6b32cf953df5d1ca7cbfdd0bc994f9c3c4b4d0
DP-06,DP-06-A3,DP-06-S2,5.8559,0.0,SYNTHETIC_RESEARCH_FIXTURE,OG-SYNTH-0.3,B3-0.3,build_opus_synthetic_programme_v0_3.py@0.3,20260812,True,4a9b19e47781788d879235cca6c69c54c1d6da76f988ef118be74de91e111aa2
DP-06,DP-06-A3,DP-06-S3,5.678894,0.18784,SYNTHETIC_RESEARCH_FIXTURE,OG-SYNTH-0.3,B3-0.3,build_opus_synthetic_programme_v0_3.py@0.3,20260812,True,2d092cce13bf0936c6e5b6bcc66854fe5fecbeb16cd98436431562e65d078e9f
DP-06,DP-06-A3,DP-06-S4,10.684715,0.473542,SYNTHETIC_RESEARCH_FIXTURE,OG-SYNTH-0.3,B3-0.3,build_opus_synthetic_programme_v0_3.py@0.3,20260812,True,471c90dfba78deeaa99a4827f876b0f65f35688d522abd01047af26f7a1ce114
DP-06,DP-06-A4,DP-06-S0,3.778,0.869,SYNTHETIC_RESEARCH_FIXTURE,OG-SYNTH-0.3,B3-0.3,build_opus_synthetic_programme_v0_3.py@0.3,20260812,True,c4f83346d2164e72f8d801b400766ba416324ee373b490895c4a49f9714e7915
DP-06,DP-06-A4,DP-06-S1,6.543285,0.249823,SYNTHETIC_RESEARCH_FIXTURE,OG-SYNTH-0.3,B3-0.3,build_opus_synthetic_programme_v0_3.py@0.3,20260812,True,387c08b2452b86b1a786c96842f9161e19a31f4a879bcedc72f4b5786b56490e
DP-06,DP-06-A4,DP-06-S2,7.975904,2.120004,SYNTHETIC_RESEARCH_FIXTURE,OG-SYNTH-0.3,B3-0.3,build_opus_synthetic_programme_v0_3.py@0.3,20260812,True,b4f47ef4d62e388869a970a1068898b828017c7f88d9c9588bd5e4f2aee65098
DP-06,DP-06-A4,DP-06-S3,5.491054,0.0,SYNTHETIC_RESEARCH_FIXTURE,OG-SYNTH-0.3,B3-0.3,build_opus_synthetic_programme_v0_3.py@0.3,20260812,True,371d7f704d4fd0bb3865778cd7a9076a4036c1c14cc06c70506bfcb8afe2ed2c
DP-06,DP-06-A4,DP-06-S4,10.879645,0.668471,SYNTHETIC_RESEARCH_FIXTURE,OG-SYNTH-0.3,B3-0.3,build_opus_synthetic_programme_v0_3.py@0.3,20260812,True,ef463feaac10d3b5dc77cb8d9dcf0e1f631d880a5a83f786584736ecfc2e3c3d
DP-06,DP-06-A5,DP-06-S0,2.909,0.0,SYNTHETIC_RESEARCH_FIXTURE,OG-SYNTH-0.3,B3-0.3,build_opus_synthetic_programme_v0_3.py@0.3,20260812,True,78093eab27150570cefc95fe5c9eb7189b30e194eb23329020dab0293766de36
DP-06,DP-06-A5,DP-06-S1,6.55626,0.262798,SYNTHETIC_RESEARCH_FIXTURE,OG-SYNTH-0.3,B3-0.3,build_opus_synthetic_programme_v0_3.py@0.3,20260812,True,36a4be2b42596e785a8c29f08bb7687245bef49d26393eb45e0ea0b02ff464e8
DP-06,DP-06-A5,DP-06-S2,7.596533,1.740633,SYNTHETIC_RESEARCH_FIXTURE,OG-SYNTH-0.3,B3-0.3,build_opus_synthetic_programme_v0_3.py@0.3,20260812,True,23c2ae164092be8f8ff84426809bb3904951a4e10106be369a003baf4f4c98bf
DP-06,DP-06-A5,DP-06-S3,6.090224,0.59917,SYNTHETIC_RESEARCH_FIXTURE,OG-SYNTH-0.3,B3-0.3,build_opus_synthetic_programme_v0_3.py@0.3,20260812,True,0830fdacc9cc2c83b275657230f75d59d7c64a9482a02d4ff98aa120ec9c736e
DP-06,DP-06-A5,DP-06-S4,10.211174,0.0,SYNTHETIC_RESEARCH_FIXTURE,OG-SYNTH-0.3,B3-0.3,build_opus_synthetic_programme_v0_3.py@0.3,20260812,True,c50814decfd3d5e5e7cebe9312e1dfe97951378b29fea150cd0d4c882570f97c
DP-07,DP-07-A0,DP-07-S0,2.99267,0.10367,SYNTHETIC_RESEARCH_FIXTURE,OG-SYNTH-0.3,B3-0.3,build_opus_synthetic_programme_v0_3.py@0.3,20260812,True,65778d5781e323febada58fb5f1d68533f32c10c20eb6f734df8de04d3999870
DP-07,DP-07-A0,DP-07-S1,7.259806,0.839026,SYNTHETIC_RESEARCH_FIXTURE,OG-SYNTH-0.3,B3-0.3,build_opus_synthetic_programme_v0_3.py@0.3,20260812,True,a9e61e362d77dbc194ac41c516a6c0d4b5487928f4ba57399684fc2d16600971
DP-07,DP-07-A0,DP-07-S2,8.403754,2.466894,SYNTHETIC_RESEARCH_FIXTURE,OG-SYNTH-0.3,B3-0.3,build_opus_synthetic_programme_v0_3.py@0.3,20260812,True,8368c40e720db3a6f2583f4519827c5a360fc0f9cfce7517a5c0cc16281af225
DP-07,DP-07-A0,DP-07-S3,6.282244,0.913141,SYNTHETIC_RESEARCH_FIXTURE,OG-SYNTH-0.3,B3-0.3,build_opus_synthetic_programme_v0_3.py@0.3,20260812,True,e71aa2e3a95d7959c7df522a602f342da257275e71e7840978764a3c3dc2ff3e
DP-07,DP-07-A0,DP-07-S4,11.733881,0.83463,SYNTHETIC_RESEARCH_FIXTURE,OG-SYNTH-0.3,B3-0.3,build_opus_synthetic_programme_v0_3.py@0.3,20260812,True,de45b34c150af42fa7f23ffaf046bf34784d58451be3e3273b4cb8fdb5fa4734
DP-07,DP-07-A1,DP-07-S0,4.87,1.981,SYNTHETIC_RESEARCH_FIXTURE,OG-SYNTH-0.3,B3-0.3,build_opus_synthetic_programme_v0_3.py@0.3,20260812,True,be485b08eedb1709621b3535f1a4f08c2d5575189424e68d0bd23626fec4939e
DP-07,DP-07-A1,DP-07-S1,6.42078,0.0,SYNTHETIC_RESEARCH_FIXTURE,OG-SYNTH-0.3,B3-0.3,build_opus_synthetic_programme_v0_3.py@0.3,20260812,True,6c1fa93f097859eedac386e55e63687cecc4c793b4b3d77025ae1e3cdb39c35e
DP-07,DP-07-A1,DP-07-S2,8.510117,2.573257,SYNTHETIC_RESEARCH_FIXTURE,OG-SYNTH-0.3,B3-0.3,build_opus_synthetic_programme_v0_3.py@0.3,20260812,True,00fd1ea5b7d740003c56daacafefa473ba60f39b3db33cf0720357bb55895e3e
DP-07,DP-07-A1,DP-07-S3,6.581613,1.21251,SYNTHETIC_RESEARCH_FIXTURE,OG-SYNTH-0.3,B3-0.3,build_opus_synthetic_programme_v0_3.py@0.3,20260812,True,1806989d0d8eaf5ad2388fb7a75a319bac06f5669685cc9d3af74be3c91426bf
DP-07,DP-07-A1,DP-07-S4,11.69249,0.793239,SYNTHETIC_RESEARCH_FIXTURE,OG-SYNTH-0.3,B3-0.3,build_opus_synthetic_programme_v0_3.py@0.3,20260812,True,8f663643984d7b815307c294bb4ac48cef6ac277a5bca4bdfe3e18eb70ec4801
DP-07,DP-07-A2,DP-07-S0,5.121,2.232,SYNTHETIC_RESEARCH_FIXTURE,OG-SYNTH-0.3,B3-0.3,build_opus_synthetic_programme_v0_3.py@0.3,20260812,True,7b7abcabfc830d865727d0618f34f0cc8f4532d77bc13524516f823a2b739fe1
DP-07,DP-07-A2,DP-07-S1,7.929106,1.508326,SYNTHETIC_RESEARCH_FIXTURE,OG-SYNTH-0.3,B3-0.3,build_opus_synthetic_programme_v0_3.py@0.3,20260812,True,04754e529051c0530ef4a77897e9baf5d73c0d29ce0f28f4c7a35bc37ef175db
DP-07,DP-07-A2,DP-07-S2,9.418259,3.481399,SYNTHETIC_RESEARCH_FIXTURE,OG-SYNTH-0.3,B3-0.3,build_opus_synthetic_programme_v0_3.py@0.3,20260812,True,0311444e0919affee0cfac555db3d6dffb3ce7eedd21a10e4b02344226fce7db
DP-07,DP-07-A2,DP-07-S3,7.524853,2.15575,SYNTHETIC_RESEARCH_FIXTURE,OG-SYNTH-0.3,B3-0.3,build_opus_synthetic_programme_v0_3.py@0.3,20260812,True,7c6682f49e82d301e3212aaf2ee89318ebae993141419961e0ee397367e2f38c
DP-07,DP-07-A2,DP-07-S4,12.163446,1.264195,SYNTHETIC_RESEARCH_FIXTURE,OG-SYNTH-0.3,B3-0.3,build_opus_synthetic_programme_v0_3.py@0.3,20260812,True,e6513a9d2e33ddcfb1947d08f7bb82003957c92601e0078efdf104a45a1f7f95
DP-07,DP-07-A3,DP-07-S0,4.097,1.208,SYNTHETIC_RESEARCH_FIXTURE,OG-SYNTH-0.3,B3-0.3,build_opus_synthetic_programme_v0_3.py@0.3,20260812,True,01e0cd5c1eb2eb7dd10e97a7d4d4da682b3af41f304d00b5917242ac019f960c
DP-07,DP-07-A3,DP-07-S1,6.991382,0.570602,SYNTHETIC_RESEARCH_FIXTURE,OG-SYNTH-0.3,B3-0.3,build_opus_synthetic_programme_v0_3.py@0.3,20260812,True,311bce6e3510f2ef6d2268295f471bb9ed6ef892b777adc2bfa3b38170866f91
DP-07,DP-07-A3,DP-07-S2,5.93686,0.0,SYNTHETIC_RESEARCH_FIXTURE,OG-SYNTH-0.3,B3-0.3,build_opus_synthetic_programme_v0_3.py@0.3,20260812,True,aaed14e2a73ce5e4f70ba7f738e7a3d3a7c77a2ff72019e862ff3b90c899090f
DP-07,DP-07-A3,DP-07-S3,6.42629,1.057187,SYNTHETIC_RESEARCH_FIXTURE,OG-SYNTH-0.3,B3-0.3,build_opus_synthetic_programme_v0_3.py@0.3,20260812,True,c025b598befcd7ec4c190de0f9b460d1f0894f6dbe44aef26346250b091fb37c
DP-07,DP-07-A3,DP-07-S4,10.899251,0.0,SYNTHETIC_RESEARCH_FIXTURE,OG-SYNTH-0.3,B3-0.3,build_opus_synthetic_programme_v0_3.py@0.3,20260812,True,ead205d3481e135cac4a6ce82e04843500ca3a9390096a9aa3ffa15a13842529
DP-07,DP-07-A4,DP-07-S0,3.808,0.919,SYNTHETIC_RESEARCH_FIXTURE,OG-SYNTH-0.3,B3-0.3,build_opus_synthetic_programme_v0_3.py@0.3,20260812,True,b328cb8737f72166502c38c2d89a3c4e5b266a2d66950e386d39d50783874514
DP-07,DP-07-A4,DP-07-S1,7.080814,0.660034,SYNTHETIC_RESEARCH_FIXTURE,OG-SYNTH-0.3,B3-0.3,build_opus_synthetic_programme_v0_3.py@0.3,20260812,True,a1394cd5169b9cb6aa1fe8ab7365919c7d728f53011c4d3002630bdbdd7366eb
DP-07,DP-07-A4,DP-07-S2,8.224215,2.287355,SYNTHETIC_RESEARCH_FIXTURE,OG-SYNTH-0.3,B3-0.3,build_opus_synthetic_programme_v0_3.py@0.3,20260812,True,0b4ab10fe198aec58bc03443e0d81d9211b0f7420f36a93b1c78879547cdd7d9
DP-07,DP-07-A4,DP-07-S3,5.369103,0.0,SYNTHETIC_RESEARCH_FIXTURE,OG-SYNTH-0.3,B3-0.3,build_opus_synthetic_programme_v0_3.py@0.3,20260812,True,599315dd74efc2e60b38a9dd15d88515162debe096f2dc13f1a3dedd1646e884
DP-07,DP-07-A4,DP-07-S4,11.454818,0.555568,SYNTHETIC_RESEARCH_FIXTURE,OG-SYNTH-0.3,B3-0.3,build_opus_synthetic_programme_v0_3.py@0.3,20260812,True,58a378ac091a8b9f14608fb7cabba323b82f1efa5eb600bc3014adfa2ea2889b
DP-07,DP-07-A5,DP-07-S0,2.889,0.0,SYNTHETIC_RESEARCH_FIXTURE,OG-SYNTH-0.3,B3-0.3,build_opus_synthetic_programme_v0_3.py@0.3,20260812,True,09b99931c9812af17969bb31f002f3594207fbf2c09080bb7a2a308d640146c7
DP-07,DP-07-A5,DP-07-S1,6.973652,0.552872,SYNTHETIC_RESEARCH_FIXTURE,OG-SYNTH-0.3,B3-0.3,build_opus_synthetic_programme_v0_3.py@0.3,20260812,True,ed30772f7650e63306a04989ec6713c3e73f86574590e23431be758049ff3575
DP-07,DP-07-A5,DP-07-S2,7.849081,1.912221,SYNTHETIC_RESEARCH_FIXTURE,OG-SYNTH-0.3,B3-0.3,build_opus_synthetic_programme_v0_3.py@0.3,20260812,True,289570d4468c70260c08e6a1ca0eb45fb3e4e6137ddc667aadfe1501ca8693a8
DP-07,DP-07-A5,DP-07-S3,5.85168,0.482578,SYNTHETIC_RESEARCH_FIXTURE,OG-SYNTH-0.3,B3-0.3,build_opus_synthetic_programme_v0_3.py@0.3,20260812,True,5bc1b6c59a87cf5ae1803fab9d807d04d68333b816252b3a76ee9d9e20b4d50b
DP-07,DP-07-A5,DP-07-S4,10.969351,0.0701,SYNTHETIC_RESEARCH_FIXTURE,OG-SYNTH-0.3,B3-0.3,build_opus_synthetic_programme_v0_3.py@0.3,20260812,True,1d4efbcd711586894132f0417935775ee402b13dfdf5073ef5d9af0f263fdc2a
DP-08,DP-08-A0,DP-08-S0,2.92,0.051,SYNTHETIC_RESEARCH_FIXTURE,OG-SYNTH-0.3,B3-0.3,build_opus_synthetic_programme_v0_3.py@0.3,20260812,True,6d346640579740ba503f20965bf7b8ab30ad1d541c7a07e1a2741dfe1453d049
DP-08,DP-08-A0,DP-08-S1,7.445717,0.879837,SYNTHETIC_RESEARCH_FIXTURE,OG-SYNTH-0.3,B3-0.3,build_opus_synthetic_programme_v0_3.py@0.3,20260812,True,8b138106075b23e2dac64a612b4db319f60dc12702cfe4d17ff18a596c99fba3
DP-08,DP-08-A0,DP-08-S2,8.727788,2.644228,SYNTHETIC_RESEARCH_FIXTURE,OG-SYNTH-0.3,B3-0.3,build_opus_synthetic_programme_v0_3.py@0.3,20260812,True,04ad50d488ccc0201aa7d267d4c0e1e6a1889b869009e1ec1826c096c313c484
DP-08,DP-08-A0,DP-08-S3,6.65461,0.821105,SYNTHETIC_RESEARCH_FIXTURE,OG-SYNTH-0.3,B3-0.3,build_opus_synthetic_programme_v0_3.py@0.3,20260812,True,fbad452c4c689e1dd239c2cee42e93e9cd203e53e08a65214034da4cc1c1a261
DP-08,DP-08-A0,DP-08-S4,11.669038,0.0,SYNTHETIC_RESEARCH_FIXTURE,OG-SYNTH-0.3,B3-0.3,build_opus_synthetic_programme_v0_3.py@0.3,20260812,True,49d7aa6e76192ab4f8d0872e3a310b1fb35fa9992cf10c6aed1e5c7afd0f5ff5
DP-08,DP-08-A1,DP-08-S0,4.95,2.081,SYNTHETIC_RESEARCH_FIXTURE,OG-SYNTH-0.3,B3-0.3,build_opus_synthetic_programme_v0_3.py@0.3,20260812,True,0e1f8295ba8819574b477b0e6bca1e2c969d9f489e163378d64a82e9423e38a3
DP-08,DP-08-A1,DP-08-S1,6.56588,0.0,SYNTHETIC_RESEARCH_FIXTURE,OG-SYNTH-0.3,B3-0.3,build_opus_synthetic_programme_v0_3.py@0.3,20260812,True,460c9a7a62a492d2467114d15013ba12bea042e0544d612cf25742b0054c64b8
DP-08,DP-08-A1,DP-08-S2,8.850403,2.766843,SYNTHETIC_RESEARCH_FIXTURE,OG-SYNTH-0.3,B3-0.3,build_opus_synthetic_programme_v0_3.py@0.3,20260812,True,2eeba2333f4dd4f2fceedb7ecee7705828e8508aae9b5e1187d13ce2d4674a48
DP-08,DP-08-A1,DP-08-S3,6.874066,1.040561,SYNTHETIC_RESEARCH_FIXTURE,OG-SYNTH-0.3,B3-0.3,build_opus_synthetic_programme_v0_3.py@0.3,20260812,True,919c41bc112d0d5513226987b3265ca41deb47e0798d272215d1a610a4fc0b85
DP-08,DP-08-A1,DP-08-S4,12.181182,0.512144,SYNTHETIC_RESEARCH_FIXTURE,OG-SYNTH-0.3,B3-0.3,build_opus_synthetic_programme_v0_3.py@0.3,20260812,True,a8411643686e77c4620b9ae3dd222b161425e481ad359bccb407272265564b0a
DP-08,DP-08-A2,DP-08-S0,5.176,2.307,SYNTHETIC_RESEARCH_FIXTURE,OG-SYNTH-0.3,B3-0.3,build_opus_synthetic_programme_v0_3.py@0.3,20260812,True,83f78f70c3925f9bead70d58450923f7d9d4086b11bf3e6b2464421d4f4a680a
DP-08,DP-08-A2,DP-08-S1,8.529404,1.963524,SYNTHETIC_RESEARCH_FIXTURE,OG-SYNTH-0.3,B3-0.3,build_opus_synthetic_programme_v0_3.py@0.3,20260812,True,e3e953af0f5a874d127a07a192286f250493e3a7a00f359e5863cde26cd9c2f1
DP-08,DP-08-A2,DP-08-S2,9.289275,3.205715,SYNTHETIC_RESEARCH_FIXTURE,OG-SYNTH-0.3,B3-0.3,build_opus_synthetic_programme_v0_3.py@0.3,20260812,True,9f291ff0de0610fceaf5ab737801549063a8facf5a17ca527631f2e21cbd3d5f
DP-08,DP-08-A2,DP-08-S3,7.833516,2.000011,SYNTHETIC_RESEARCH_FIXTURE,OG-SYNTH-0.3,B3-0.3,build_opus_synthetic_programme_v0_3.py@0.3,20260812,True,5efe139b170e91343ebfbf7fd118954ad04ee4ac5135cae920ecec545673b806
DP-08,DP-08-A2,DP-08-S4,12.986466,1.317428,SYNTHETIC_RESEARCH_FIXTURE,OG-SYNTH-0.3,B3-0.3,build_opus_synthetic_programme_v0_3.py@0.3,20260812,True,6503890af7d4c85fb3be7af50b78202f7bf5786a45ec4f4c981c3357d9e5db01
DP-08,DP-08-A3,DP-08-S0,4.167,1.298,SYNTHETIC_RESEARCH_FIXTURE,OG-SYNTH-0.3,B3-0.3,build_opus_synthetic_programme_v0_3.py@0.3,20260812,True,b0cd2f694e3b467dd8bb6084fdce48cd711286b63b96e6569129d824ef4e23fe
DP-08,DP-08-A3,DP-08-S1,7.010792,0.444912,SYNTHETIC_RESEARCH_FIXTURE,OG-SYNTH-0.3,B3-0.3,build_opus_synthetic_programme_v0_3.py@0.3,20260812,True,28785ee5e8ed9bbe311c929e0c15116f362605bfce2532899951d11d5269601b
DP-08,DP-08-A3,DP-08-S2,6.08356,0.0,SYNTHETIC_RESEARCH_FIXTURE,OG-SYNTH-0.3,B3-0.3,build_opus_synthetic_programme_v0_3.py@0.3,20260812,True,a8a16b5b0623a817e484dcb84df8e42eeb296543890a8f4864ace2bf58089a58
DP-08,DP-08-A3,DP-08-S3,6.085833,0.252327,SYNTHETIC_RESEARCH_FIXTURE,OG-SYNTH-0.3,B3-0.3,build_opus_synthetic_programme_v0_3.py@0.3,20260812,True,9cdbbf3207459c32805c98a193b26e84328564b7590b2fc307436aca6cbf6532
DP-08,DP-08-A3,DP-08-S4,11.74035,0.071312,SYNTHETIC_RESEARCH_FIXTURE,OG-SYNTH-0.3,B3-0.3,build_opus_synthetic_programme_v0_3.py@0.3,20260812,True,6a739d0282a2d662e3e15f7081765b94f1d65e660382a559de08d58c3835aa2d
DP-08,DP-08-A4,DP-08-S0,3.838,0.969,SYNTHETIC_RESEARCH_FIXTURE,OG-SYNTH-0.3,B3-0.3,build_opus_synthetic_programme_v0_3.py@0.3,20260812,True,7a44786a8c01b0122ebea61016a7968058f814f50e8c04b453304cbcf216b7b5
DP-08,DP-08-A4,DP-08-S1,7.119776,0.553896,SYNTHETIC_RESEARCH_FIXTURE,OG-SYNTH-0.3,B3-0.3,build_opus_synthetic_programme_v0_3.py@0.3,20260812,True,498a999565fb0099b81f399e7ba078f6431647af8b9e21bf56d7cda82e7a7ad2
DP-08,DP-08-A4,DP-08-S2,8.264513,2.180953,SYNTHETIC_RESEARCH_FIXTURE,OG-SYNTH-0.3,B3-0.3,build_opus_synthetic_programme_v0_3.py@0.3,20260812,True,63f45cafeed04b02aedf94047478f4389c7c430f925ade2b5d89a8fdac7e2229
DP-08,DP-08-A4,DP-08-S3,5.833505,0.0,SYNTHETIC_RESEARCH_FIXTURE,OG-SYNTH-0.3,B3-0.3,build_opus_synthetic_programme_v0_3.py@0.3,20260812,True,1c97adeee4cbb4ac324c1ce4f7cad5b2c8133b7bf7fcd2fea3b172ed16d4d8f8
DP-08,DP-08-A4,DP-08-S4,11.956183,0.287145,SYNTHETIC_RESEARCH_FIXTURE,OG-SYNTH-0.3,B3-0.3,build_opus_synthetic_programme_v0_3.py@0.3,20260812,True,ab27695386bfc6b17ceca286bf904fca383f8730e36aa1ae63a925e5e88790b4
DP-08,DP-08-A5,DP-08-S0,2.869,0.0,SYNTHETIC_RESEARCH_FIXTURE,OG-SYNTH-0.3,B3-0.3,build_opus_synthetic_programme_v0_3.py@0.3,20260812,True,f7bebd8c9228364cf6ccf2464d82cbd1f4ed6435a2c416c6dd3c6e2ca696b207
DP-08,DP-08-A5,DP-08-S1,7.155113,0.589233,SYNTHETIC_RESEARCH_FIXTURE,OG-SYNTH-0.3,B3-0.3,build_opus_synthetic_programme_v0_3.py@0.3,20260812,True,8c7bf267324a2ad35629807dc7cac3c5bdcbcb27495d92d912642aea13660729
DP-08,DP-08-A5,DP-08-S2,7.888686,1.805126,SYNTHETIC_RESEARCH_FIXTURE,OG-SYNTH-0.3,B3-0.3,build_opus_synthetic_programme_v0_3.py@0.3,20260812,True,5b64a9365c99444221d10868b6752762a066eafc304aad3769779634d10e752e
DP-08,DP-08-A5,DP-08-S3,6.056542,0.223037,SYNTHETIC_RESEARCH_FIXTURE,OG-SYNTH-0.3,B3-0.3,build_opus_synthetic_programme_v0_3.py@0.3,20260812,True,5c5e2ab5b0f5ea5cdc190e470fcbd745746b982a6b47b2c1843ac1de7c2d2850
DP-08,DP-08-A5,DP-08-S4,11.825829,0.156792,SYNTHETIC_RESEARCH_FIXTURE,OG-SYNTH-0.3,B3-0.3,build_opus_synthetic_programme_v0_3.py@0.3,20260812,True,1d0060a4f59300b9f09ef6cbac2e35f81d005cf17b62a81be1c092b278108840
DP-09,DP-09-A0,DP-09-S0,2.99709,0.14809,SYNTHETIC_RESEARCH_FIXTURE,OG-SYNTH-0.3,B3-0.3,build_opus_synthetic_programme_v0_3.py@0.3,20260812,True,772a2b0b6ffdb34457394ed5f9466aa9c03dc6778aef687c28e4c43d8a94e95b
DP-09,DP-09-A0,DP-09-S1,7.645244,0.922364,SYNTHETIC_RESEARCH_FIXTURE,OG-SYNTH-0.3,B3-0.3,build_opus_synthetic_programme_v0_3.py@0.3,20260812,True,99741249a0d5965e661d97771a694b5590a585e3a43e14718c84def71aadc737
DP-09,DP-09-A0,DP-09-S2,9.023704,2.454083,SYNTHETIC_RESEARCH_FIXTURE,OG-SYNTH-0.3,B3-0.3,build_opus_synthetic_programme_v0_3.py@0.3,20260812,True,d83eb49dabcbeec303ac4b29fe26ea96568998f81b99468ac0a50159c672a85d
DP-09,DP-09-A0,DP-09-S3,7.10674,1.253822,SYNTHETIC_RESEARCH_FIXTURE,OG-SYNTH-0.3,B3-0.3,build_opus_synthetic_programme_v0_3.py@0.3,20260812,True,10912419cca761dc5b6b98df9d087623508f760fe555c4da42288ab756281780
DP-09,DP-09-A0,DP-09-S4,12.19495,0.687888,SYNTHETIC_RESEARCH_FIXTURE,OG-SYNTH-0.3,B3-0.3,build_opus_synthetic_programme_v0_3.py@0.3,20260812,True,7cbee79cefc4d54d144c234516e8c746759f684868cb61215b05b0e43e992b52
DP-09,DP-09-A1,DP-09-S0,5.03,2.181,SYNTHETIC_RESEARCH_FIXTURE,OG-SYNTH-0.3,B3-0.3,build_opus_synthetic_programme_v0_3.py@0.3,20260812,True,47f634b4bd6c1a86c3b0871be378962d5291180615c5375183d975e3be32bf09
DP-09,DP-09-A1,DP-09-S1,6.72288,0.0,SYNTHETIC_RESEARCH_FIXTURE,OG-SYNTH-0.3,B3-0.3,build_opus_synthetic_programme_v0_3.py@0.3,20260812,True,7d621d5a6ea9e7b093ad6dc396f031c3605337786719bf2cfab74f4c4143a3a7
DP-09,DP-09-A1,DP-09-S2,8.937917,2.368296,SYNTHETIC_RESEARCH_FIXTURE,OG-SYNTH-0.3,B3-0.3,build_opus_synthetic_programme_v0_3.py@0.3,20260812,True,fbc10d9f2b29450f763b4b8ed4c2feeabb4a3348f61b3df1e5695d616b2fc360
DP-09,DP-09-A1,DP-09-S3,7.289015,1.436096,SYNTHETIC_RESEARCH_FIXTURE,OG-SYNTH-0.3,B3-0.3,build_opus_synthetic_programme_v0_3.py@0.3,20260812,True,faa658d0cedd821938214440e6b8c3c8c350130d78e8cf46de8cfb98f5bee5df
DP-09,DP-09-A1,DP-09-S4,12.675907,1.168844,SYNTHETIC_RESEARCH_FIXTURE,OG-SYNTH-0.3,B3-0.3,build_opus_synthetic_programme_v0_3.py@0.3,20260812,True,2aee3912d71d6f1ee418e703d15aeab30c7e4b5c1c958bc81667dd4a5a50d582
DP-09,DP-09-A2,DP-09-S0,5.231,2.382,SYNTHETIC_RESEARCH_FIXTURE,OG-SYNTH-0.3,B3-0.3,build_opus_synthetic_programme_v0_3.py@0.3,20260812,True,29b4435edeb562be74bd80e0fcdd01e714fedb7f91b7b0d8f8d0922223dd50ce
DP-09,DP-09-A2,DP-09-S1,8.352595,1.629715,SYNTHETIC_RESEARCH_FIXTURE,OG-SYNTH-0.3,B3-0.3,build_opus_synthetic_programme_v0_3.py@0.3,20260812,True,dbc9290ba1188c058c147a1734f984c579a49a06e8f5546e3fae3817162d4884
DP-09,DP-09-A2,DP-09-S2,9.913702,3.344082,SYNTHETIC_RESEARCH_FIXTURE,OG-SYNTH-0.3,B3-0.3,build_opus_synthetic_programme_v0_3.py@0.3,20260812,True,6a9bae4972095689189a69bdb10ffa1442d54ed7e1bb1ca323fdd2f58be9c0d0
DP-09,DP-09-A2,DP-09-S3,8.044092,2.191173,SYNTHETIC_RESEARCH_FIXTURE,OG-SYNTH-0.3,B3-0.3,build_opus_synthetic_programme_v0_3.py@0.3,20260812,True,6c80715bdcee30e42002abe312d1978d8f4dc84dddde2337194286822848a95d
DP-09,DP-09-A2,DP-09-S4,13.534365,2.027302,SYNTHETIC_RESEARCH_FIXTURE,OG-SYNTH-0.3,B3-0.3,build_opus_synthetic_programme_v0_3.py@0.3,20260812,True,93c19859f30ca059aa6f0973a8cbdcb9f312b8b75486f1e9940738efab346741
DP-09,DP-09-A3,DP-09-S0,4.237,1.388,SYNTHETIC_RESEARCH_FIXTURE,OG-SYNTH-0.3,B3-0.3,build_opus_synthetic_programme_v0_3.py@0.3,20260812,True,0c79074e873c99d894c1784499e0725ae1dfc193608561d67cac6fb1556d1918
DP-09,DP-09-A3,DP-09-S1,7.64054,0.91766,SYNTHETIC_RESEARCH_FIXTURE,OG-SYNTH-0.3,B3-0.3,build_opus_synthetic_programme_v0_3.py@0.3,20260812,True,86bb051f5e31cb8cc2fb3d42d1da89bf97e60119ed66d7efbf2af56dbb0c06cb
DP-09,DP-09-A3,DP-09-S2,6.569621,0.0,SYNTHETIC_RESEARCH_FIXTURE,OG-SYNTH-0.3,B3-0.3,build_opus_synthetic_programme_v0_3.py@0.3,20260812,True,3eb9d77e83e1a14b1f31003d742c8590e38880afe7387a4ff256cc3f5283fb5e
DP-09,DP-09-A3,DP-09-S3,6.558986,0.706067,SYNTHETIC_RESEARCH_FIXTURE,OG-SYNTH-0.3,B3-0.3,build_opus_synthetic_programme_v0_3.py@0.3,20260812,True,ccfe7ed9fd38058530581342bdd18a16a2400fe7213765df73eb8606ae904bb7
DP-09,DP-09-A3,DP-09-S4,12.182859,0.675797,SYNTHETIC_RESEARCH_FIXTURE,OG-SYNTH-0.3,B3-0.3,build_opus_synthetic_programme_v0_3.py@0.3,20260812,True,27bae7e8091197196351da923317669cc75d39a52cc5231a8a08e0ac9d46d1ef
DP-09,DP-09-A4,DP-09-S0,3.868,1.019,SYNTHETIC_RESEARCH_FIXTURE,OG-SYNTH-0.3,B3-0.3,build_opus_synthetic_programme_v0_3.py@0.3,20260812,True,9e98e29e0170a80a34d6a78967c73b22e71140c7454e33e0e96b4d98ea36d7e7
DP-09,DP-09-A4,DP-09-S1,7.238437,0.515557,SYNTHETIC_RESEARCH_FIXTURE,OG-SYNTH-0.3,B3-0.3,build_opus_synthetic_programme_v0_3.py@0.3,20260812,True,3dc08033c277145c8d8e7d5e7b85140c09c639289f056d0509e2b816a24d46df
DP-09,DP-09-A4,DP-09-S2,8.315841,1.74622,SYNTHETIC_RESEARCH_FIXTURE,OG-SYNTH-0.3,B3-0.3,build_opus_synthetic_programme_v0_3.py@0.3,20260812,True,8eec4ff3993385509709b17d98f40c94bf978d35a459db0baa00d799c3a82f1d
DP-09,DP-09-A4,DP-09-S3,5.852919,0.0,SYNTHETIC_RESEARCH_FIXTURE,OG-SYNTH-0.3,B3-0.3,build_opus_synthetic_programme_v0_3.py@0.3,20260812,True,f410096585df709c65608bd2c7cddb6cde22f383c45d69886999a4f06ac8d6db
DP-09,DP-09-A4,DP-09-S4,11.983903,0.47684,SYNTHETIC_RESEARCH_FIXTURE,OG-SYNTH-0.3,B3-0.3,build_opus_synthetic_programme_v0_3.py@0.3,20260812,True,e05001df82651604e9072912f11f2f75edcf6118354f4fdfbf77e190c022e5d6
DP-09,DP-09-A5,DP-09-S0,2.849,0.0,SYNTHETIC_RESEARCH_FIXTURE,OG-SYNTH-0.3,B3-0.3,build_opus_synthetic_programme_v0_3.py@0.3,20260812,True,b03f7cc0c81ab45a1c32551eccd934ef564d8544f7ecd61fc11283aa45f1609f
DP-09,DP-09-A5,DP-09-S1,7.027885,0.305005,SYNTHETIC_RESEARCH_FIXTURE,OG-SYNTH-0.3,B3-0.3,build_opus_synthetic_programme_v0_3.py@0.3,20260812,True,84d3a5203c0ad29bdb5311574d9db10e4f5d98371d362f241dc189b3e6f3506c
DP-09,DP-09-A5,DP-09-S2,8.228313,1.658693,SYNTHETIC_RESEARCH_FIXTURE,OG-SYNTH-0.3,B3-0.3,build_opus_synthetic_programme_v0_3.py@0.3,20260812,True,ced6fbd859b79d43f783ddc3b368a3b2b7fd747711f49596d12ea3637a7b1802
DP-09,DP-09-A5,DP-09-S3,6.217049,0.36413,SYNTHETIC_RESEARCH_FIXTURE,OG-SYNTH-0.3,B3-0.3,build_opus_synthetic_programme_v0_3.py@0.3,20260812,True,bab0ffe752d8505535256a7a8fc0766717579e17bdba122fff8910211cab2dd8
DP-09,DP-09-A5,DP-09-S4,11.507063,0.0,SYNTHETIC_RESEARCH_FIXTURE,OG-SYNTH-0.3,B3-0.3,build_opus_synthetic_programme_v0_3.py@0.3,20260812,True,8fb8713df814eded893cf13a7cf861c5937b78c854fb50a7986db7bbc64396cf
DP-10,DP-10-A0,DP-10-S0,2.92,0.091,SYNTHETIC_RESEARCH_FIXTURE,OG-SYNTH-0.3,B3-0.3,build_opus_synthetic_programme_v0_3.py@0.3,20260812,True,df803586d1f48205e5f36b006f7b8c2c3fe9003ad27d09fb5418612db6b4bd98
DP-10,DP-10-A0,DP-10-S1,7.429178,0.484832,SYNTHETIC_RESEARCH_FIXTURE,OG-SYNTH-0.3,B3-0.3,build_opus_synthetic_programme_v0_3.py@0.3,20260812,True,4e743ed39c486d4179b6b9695cccab54ff02aa10c91bf285274bdaba302d7b74
DP-10,DP-10-A0,DP-10-S2,8.864322,2.11181,SYNTHETIC_RESEARCH_FIXTURE,OG-SYNTH-0.3,B3-0.3,build_opus_synthetic_programme_v0_3.py@0.3,20260812,True,a86033495848ce2a5c439f9d592aa646479eefbb3967d4f0bc477c63e2607ef3
DP-10,DP-10-A0,DP-10-S3,7.111025,1.285612,SYNTHETIC_RESEARCH_FIXTURE,OG-SYNTH-0.3,B3-0.3,build_opus_synthetic_programme_v0_3.py@0.3,20260812,True,5f24eb5e2d36aaa0ed54021fc3b6727f756c8a231815ba30d6220fa47a09bbfb
DP-10,DP-10-A0,DP-10-S4,12.781134,0.919834,SYNTHETIC_RESEARCH_FIXTURE,OG-SYNTH-0.3,B3-0.3,build_opus_synthetic_programme_v0_3.py@0.3,20260812,True,ae7b61134ff912b5e92527ab1ddf68284334737aaf1fd279dcb9e8feeac45813
DP-10,DP-10-A1,DP-10-S0,5.11,2.281,SYNTHETIC_RESEARCH_FIXTURE,OG-SYNTH-0.3,B3-0.3,build_opus_synthetic_programme_v0_3.py@0.3,20260812,True,c3d99a1a108eb84564e848ba8baa99221a339be47862cbf98fbae6e42b77c51e
DP-10,DP-10-A1,DP-10-S1,6.944346,0.0,SYNTHETIC_RESEARCH_FIXTURE,OG-SYNTH-0.3,B3-0.3,build_opus_synthetic_programme_v0_3.py@0.3,20260812,True,7056a10901de38eb809241d8b0ce78a1ee065f42952f47497db2d6d9ae6b45e5
DP-10,DP-10-A1,DP-10-S2,9.520967,2.768455,SYNTHETIC_RESEARCH_FIXTURE,OG-SYNTH-0.3,B3-0.3,build_opus_synthetic_programme_v0_3.py@0.3,20260812,True,bd3a834982914cc48324fb1100252c38e13a3be746139e1a0751a9f97dece746
DP-10,DP-10-A1,DP-10-S3,7.467046,1.641633,SYNTHETIC_RESEARCH_FIXTURE,OG-SYNTH-0.3,B3-0.3,build_opus_synthetic_programme_v0_3.py@0.3,20260812,True,59d9932c7d3871ffddac76069c52887140fd33cf0884d5f582771c4afb438d4b
DP-10,DP-10-A1,DP-10-S4,13.010177,1.148876,SYNTHETIC_RESEARCH_FIXTURE,OG-SYNTH-0.3,B3-0.3,build_opus_synthetic_programme_v0_3.py@0.3,20260812,True,055634caa7477724e4dc5dc9e7af23a87e0b0cdb550ebbc154e9a8ad7475a0ce
DP-10,DP-10-A2,DP-10-S0,5.286,2.457,SYNTHETIC_RESEARCH_FIXTURE,OG-SYNTH-0.3,B3-0.3,build_opus_synthetic_programme_v0_3.py@0.3,20260812,True,194bfe7696d50c1ee12d9a4ece55d62cb4fde7cf77eaa47f9021f022cf42b227
DP-10,DP-10-A2,DP-10-S1,8.899498,1.955152,SYNTHETIC_RESEARCH_FIXTURE,OG-SYNTH-0.3,B3-0.3,build_opus_synthetic_programme_v0_3.py@0.3,20260812,True,bbade876abb42063b20d6b1e616ff2b46d3adef5d25895722a2d06a68fd6906d
DP-10,DP-10-A2,DP-10-S2,10.325753,3.573241,SYNTHETIC_RESEARCH_FIXTURE,OG-SYNTH-0.3,B3-0.3,build_opus_synthetic_programme_v0_3.py@0.3,20260812,True,c5c7dd95bbcb4a731214a9730e8aafbc3305662cc0118a586f632a0e6f1fb8df
DP-10,DP-10-A2,DP-10-S3,8.309572,2.484159,SYNTHETIC_RESEARCH_FIXTURE,OG-SYNTH-0.3,B3-0.3,build_opus_synthetic_programme_v0_3.py@0.3,20260812,True,29ae25007a0595867867952b5c2f4857d3f582b6c812859154e07fa5a7752e54
DP-10,DP-10-A2,DP-10-S4,13.839764,1.978464,SYNTHETIC_RESEARCH_FIXTURE,OG-SYNTH-0.3,B3-0.3,build_opus_synthetic_programme_v0_3.py@0.3,20260812,True,4d4d36d304ac281eaf48b01cbaefc15cd7fb3f571bddc997c0081afc6a584c84
DP-10,DP-10-A3,DP-10-S0,4.307,1.478,SYNTHETIC_RESEARCH_FIXTURE,OG-SYNTH-0.3,B3-0.3,build_opus_synthetic_programme_v0_3.py@0.3,20260812,True,08a8278a6a794b138c2234c1112e9ce4659ef3d9b15f34d0ed98c7f82341e8ab
DP-10,DP-10-A3,DP-10-S1,7.708654,0.764309,SYNTHETIC_RESEARCH_FIXTURE,OG-SYNTH-0.3,B3-0.3,build_opus_synthetic_programme_v0_3.py@0.3,20260812,True,63e70a3986a295a02cd089425effd072d4d37ec288d385a8937b8175236c9d42
DP-10,DP-10-A3,DP-10-S2,6.752512,0.0,SYNTHETIC_RESEARCH_FIXTURE,OG-SYNTH-0.3,B3-0.3,build_opus_synthetic_programme_v0_3.py@0.3,20260812,True,f762ed3ee6af405e4db9138e9a4130cfa4eaa74c40a12923eb92c6ea0f271a6d
DP-10,DP-10-A3,DP-10-S3,6.741723,0.91631,SYNTHETIC_RESEARCH_FIXTURE,OG-SYNTH-0.3,B3-0.3,build_opus_synthetic_programme_v0_3.py@0.3,20260812,True,625c592f8088fbf04000d1e2d7a6868caf8d710f9d82afa1a98af652fb5629b5
DP-10,DP-10-A3,DP-10-S4,12.673507,0.812207,SYNTHETIC_RESEARCH_FIXTURE,OG-SYNTH-0.3,B3-0.3,build_opus_synthetic_programme_v0_3.py@0.3,20260812,True,d904396a8a762aa8cadc5dd95388f5e85bae21641cbf7782bd3f7dd97d45c3f2
DP-10,DP-10-A4,DP-10-S0,3.898,1.069,SYNTHETIC_RESEARCH_FIXTURE,OG-SYNTH-0.3,B3-0.3,build_opus_synthetic_programme_v0_3.py@0.3,20260812,True,ee8063bdf674025e23555ff6edd247262f293228f269203aa0729ec5babb55d7
DP-10,DP-10-A4,DP-10-S1,7.488279,0.543933,SYNTHETIC_RESEARCH_FIXTURE,OG-SYNTH-0.3,B3-0.3,build_opus_synthetic_programme_v0_3.py@0.3,20260812,True,d5d5ffa5f9c38a31e58630ee5f1c07ebf7a1b951d63cbaecdab9aaf5146422b8
DP-10,DP-10-A4,DP-10-S2,9.100575,2.348063,SYNTHETIC_RESEARCH_FIXTURE,OG-SYNTH-0.3,B3-0.3,build_opus_synthetic_programme_v0_3.py@0.3,20260812,True,dd46d2fa0b17d5c3755d7034283b28f62b25f74c82d46d618220a9a32e5bce94
DP-10,DP-10-A4,DP-10-S3,5.825413,0.0,SYNTHETIC_RESEARCH_FIXTURE,OG-SYNTH-0.3,B3-0.3,build_opus_synthetic_programme_v0_3.py@0.3,20260812,True,6b35ccdf4794d878dc66bc69ed2743f381830217b56b12fd69a0c9f444cdf8a3
DP-10,DP-10-A4,DP-10-S4,12.832065,0.970765,SYNTHETIC_RESEARCH_FIXTURE,OG-SYNTH-0.3,B3-0.3,build_opus_synthetic_programme_v0_3.py@0.3,20260812,True,b1761d7378e90a80aa4cf115600ef394926148f4158098b6e2a23e18a3216fff
DP-10,DP-10-A5,DP-10-S0,2.829,0.0,SYNTHETIC_RESEARCH_FIXTURE,OG-SYNTH-0.3,B3-0.3,build_opus_synthetic_programme_v0_3.py@0.3,20260812,True,318beee3961cd1ec9686e81bcb59623106c87acd248060844569eb8436d5937e
DP-10,DP-10-A5,DP-10-S1,7.32242,0.378074,SYNTHETIC_RESEARCH_FIXTURE,OG-SYNTH-0.3,B3-0.3,build_opus_synthetic_programme_v0_3.py@0.3,20260812,True,5d9cbba50ffbcc2e3cc0e20cd795a385e067426063cdfaaa2ef6c081ac9c8cad
DP-10,DP-10-A5,DP-10-S2,8.286528,1.534016,SYNTHETIC_RESEARCH_FIXTURE,OG-SYNTH-0.3,B3-0.3,build_opus_synthetic_programme_v0_3.py@0.3,20260812,True,dad9ad6f26441ed20ebfc4360990febe5ae67014cd96eca5953a9cd4756f14d1
DP-10,DP-10-A5,DP-10-S3,6.369365,0.543952,SYNTHETIC_RESEARCH_FIXTURE,OG-SYNTH-0.3,B3-0.3,build_opus_synthetic_programme_v0_3.py@0.3,20260812,True,612e421892eaf328464554cd759803fc8c582acdf2806fc19fd356d717aaa818
DP-10,DP-10-A5,DP-10-S4,11.8613,0.0,SYNTHETIC_RESEARCH_FIXTURE,OG-SYNTH-0.3,B3-0.3,build_opus_synthetic_programme_v0_3.py@0.3,20260812,True,aae1e69f195ec173bd756c0e2b1b0f811c2f9b80cf8a0b7fa68cdc5f3a531ff5
DP-11,DP-11-A0,DP-11-S0,2.92,0.111,SYNTHETIC_RESEARCH_FIXTURE,OG-SYNTH-0.3,B3-0.3,build_opus_synthetic_programme_v0_3.py@0.3,20260812,True,934b6f906820c41c7cd94c31618419c03de419af03da2bc4eef6f918881bb995
DP-11,DP-11-A0,DP-11-S1,8.019035,0.907574,SYNTHETIC_RESEARCH_FIXTURE,OG-SYNTH-0.3,B3-0.3,build_opus_synthetic_programme_v0_3.py@0.3,20260812,True,3763ed136e213828388b28941946f205f408ca3fd78e8b1254b73ad1432887b0
DP-11,DP-11-A0,DP-11-S2,9.192052,2.48996,SYNTHETIC_RESEARCH_FIXTURE,OG-SYNTH-0.3,B3-0.3,build_opus_synthetic_programme_v0_3.py@0.3,20260812,True,d40436498dd4071825798460a6b32fddbaa8b6c6582bcdb1e4177f1eebabdf5b
DP-11,DP-11-A0,DP-11-S3,6.976765,0.83675,SYNTHETIC_RESEARCH_FIXTURE,OG-SYNTH-0.3,B3-0.3,build_opus_synthetic_programme_v0_3.py@0.3,20260812,True,5c337288bbff51a4de5a152b7f3a2ebe145a8c10312da8e5af2593a68995374b
DP-11,DP-11-A0,DP-11-S4,13.035169,0.451315,SYNTHETIC_RESEARCH_FIXTURE,OG-SYNTH-0.3,B3-0.3,build_opus_synthetic_programme_v0_3.py@0.3,20260812,True,89797bc04ef9c754a1b297654b1ca63100e99c57acd656f239fdd1be8a3335ed
DP-11,DP-11-A1,DP-11-S0,5.19,2.381,SYNTHETIC_RESEARCH_FIXTURE,OG-SYNTH-0.3,B3-0.3,build_opus_synthetic_programme_v0_3.py@0.3,20260812,True,bf93120ea775bbb689328e1fc721f933559d3489c68b2372f0db76c6248e45b9
DP-11,DP-11-A1,DP-11-S1,7.111461,0.0,SYNTHETIC_RESEARCH_FIXTURE,OG-SYNTH-0.3,B3-0.3,build_opus_synthetic_programme_v0_3.py@0.3,20260812,True,5f702718a30b0b8cddeb87a67ca0a36aa1d6930afc9467193116b7766754f983
DP-11,DP-11-A1,DP-11-S2,9.502727,2.800635,SYNTHETIC_RESEARCH_FIXTURE,OG-SYNTH-0.3,B3-0.3,build_opus_synthetic_programme_v0_3.py@0.3,20260812,True,62aa4fe016f1fd8804722680c9c52919c70d8df93f65adfcf4a64d2b874cfe84
DP-11,DP-11-A1,DP-11-S3,7.563777,1.423761,SYNTHETIC_RESEARCH_FIXTURE,OG-SYNTH-0.3,B3-0.3,build_opus_synthetic_programme_v0_3.py@0.3,20260812,True,116de6a7b102a917161a68302153b35c07f5b0c41adecd1a2e40cbcd6e6307cd
DP-11,DP-11-A1,DP-11-S4,13.316447,0.732593,SYNTHETIC_RESEARCH_FIXTURE,OG-SYNTH-0.3,B3-0.3,build_opus_synthetic_programme_v0_3.py@0.3,20260812,True,b5913c134f0c900d93699c62842eeb941fba4641cd7163f6486ff561d4862ecc
DP-11,DP-11-A2,DP-11-S0,5.341,2.532,SYNTHETIC_RESEARCH_FIXTURE,OG-SYNTH-0.3,B3-0.3,build_opus_synthetic_programme_v0_3.py@0.3,20260812,True,bba9c9b98d1ee3e49e455801363a85039d649afce6ff90976eff4ec264a0cc0e
DP-11,DP-11-A2,DP-11-S1,8.92644,1.814979,SYNTHETIC_RESEARCH_FIXTURE,OG-SYNTH-0.3,B3-0.3,build_opus_synthetic_programme_v0_3.py@0.3,20260812,True,38303c71408c1e7809c97c5162bb2425567c905c4605c83eb3fe2ffd2e3153c6
DP-11,DP-11-A2,DP-11-S2,10.0605,3.358408,SYNTHETIC_RESEARCH_FIXTURE,OG-SYNTH-0.3,B3-0.3,build_opus_synthetic_programme_v0_3.py@0.3,20260812,True,84b55bf9668eca2b08087813f32fb891ff57172ddf29652def8c58c70a0a87f7
DP-11,DP-11-A2,DP-11-S3,8.379008,2.238993,SYNTHETIC_RESEARCH_FIXTURE,OG-SYNTH-0.3,B3-0.3,build_opus_synthetic_programme_v0_3.py@0.3,20260812,True,ef5bbf7e8c2cb69da75ace4d5f3e52ade6ff03b0b0c79e4e979c50c13606bbc0
DP-11,DP-11-A2,DP-11-S4,14.229228,1.645375,SYNTHETIC_RESEARCH_FIXTURE,OG-SYNTH-0.3,B3-0.3,build_opus_synthetic_programme_v0_3.py@0.3,20260812,True,6fb993fcfab7471863a47f5faecac02a8c26affa0258fc5510cb3c68e7db00be
DP-11,DP-11-A3,DP-11-S0,4.377,1.568,SYNTHETIC_RESEARCH_FIXTURE,OG-SYNTH-0.3,B3-0.3,build_opus_synthetic_programme_v0_3.py@0.3,20260812,True,996d009f1fc34a18867f0570d0179648e95f308d0a6b41520c59564cd6bf6417
DP-11,DP-11-A3,DP-11-S1,7.814163,0.702702,SYNTHETIC_RESEARCH_FIXTURE,OG-SYNTH-0.3,B3-0.3,build_opus_synthetic_programme_v0_3.py@0.3,20260812,True,055a5af8e56188bb85f2791af4640e2fc664db4016e3d69fc4dcbad593038249
DP-11,DP-11-A3,DP-11-S2,6.702092,0.0,SYNTHETIC_RESEARCH_FIXTURE,OG-SYNTH-0.3,B3-0.3,build_opus_synthetic_programme_v0_3.py@0.3,20260812,True,7d7bbf627f6c56785e375d59051a21af9efaed104012d1e10b85e32f03943ece
DP-11,DP-11-A3,DP-11-S3,7.065441,0.925426,SYNTHETIC_RESEARCH_FIXTURE,OG-SYNTH-0.3,B3-0.3,build_opus_synthetic_programme_v0_3.py@0.3,20260812,True,e4647d2b699e71b47af568b9d2a3f11c7ec57e802ba5b824a02c423655ba057f
DP-11,DP-11-A3,DP-11-S4,13.0992,0.515346,SYNTHETIC_RESEARCH_FIXTURE,OG-SYNTH-0.3,B3-0.3,build_opus_synthetic_programme_v0_3.py@0.3,20260812,True,a60b34cb94853dcbb20c1385ca99d3c7c076ad3f3a2d43ca7628451ba45d77de
DP-11,DP-11-A4,DP-11-S0,3.928,1.119,SYNTHETIC_RESEARCH_FIXTURE,OG-SYNTH-0.3,B3-0.3,build_opus_synthetic_programme_v0_3.py@0.3,20260812,True,ba81b99235fcc609bb27d82dae80b69683fe977e5a9366e85d684194b5bc0140
DP-11,DP-11-A4,DP-11-S1,7.935105,0.823645,SYNTHETIC_RESEARCH_FIXTURE,OG-SYNTH-0.3,B3-0.3,build_opus_synthetic_programme_v0_3.py@0.3,20260812,True,aa381116d05b12e9b18ca9113e58451cfd24c67deb1d2329ca66113923dc4aed
DP-11,DP-11-A4,DP-11-S2,9.222116,2.520024,SYNTHETIC_RESEARCH_FIXTURE,OG-SYNTH-0.3,B3-0.3,build_opus_synthetic_programme_v0_3.py@0.3,20260812,True,cbf0a021e979897f68892f631b72a98c59f75446f28a47eedc575ca4c35e4327
DP-11,DP-11-A4,DP-11-S3,6.140015,0.0,SYNTHETIC_RESEARCH_FIXTURE,OG-SYNTH-0.3,B3-0.3,build_opus_synthetic_programme_v0_3.py@0.3,20260812,True,3664e3a8546116e6663fac6ab20d3b00b5c74c2b1f76ebcb7acd175482ce0dde
DP-11,DP-11-A4,DP-11-S4,12.943102,0.359248,SYNTHETIC_RESEARCH_FIXTURE,OG-SYNTH-0.3,B3-0.3,build_opus_synthetic_programme_v0_3.py@0.3,20260812,True,6c3e19bfcbfb1747bcfd5878ec347f7b0f8eb339f1a3a5f58e1e320e3504db03
DP-11,DP-11-A5,DP-11-S0,2.809,0.0,SYNTHETIC_RESEARCH_FIXTURE,OG-SYNTH-0.3,B3-0.3,build_opus_synthetic_programme_v0_3.py@0.3,20260812,True,bb79518b0ba09a7eeccd788491944f93e8debbc70b08d559c89a9439bbc71462
DP-11,DP-11-A5,DP-11-S1,7.374324,0.262863,SYNTHETIC_RESEARCH_FIXTURE,OG-SYNTH-0.3,B3-0.3,build_opus_synthetic_programme_v0_3.py@0.3,20260812,True,21e42ed4ba04f76de2cd5bcebff838bd0fbe95c99371743b0e195545ea26afda
DP-11,DP-11-A5,DP-11-S2,8.861987,2.159894,SYNTHETIC_RESEARCH_FIXTURE,OG-SYNTH-0.3,B3-0.3,build_opus_synthetic_programme_v0_3.py@0.3,20260812,True,4b6958da899f51baab99f297edba496372411f70dd700a2e21d0b615875b388a
DP-11,DP-11-A5,DP-11-S3,6.287604,0.147589,SYNTHETIC_RESEARCH_FIXTURE,OG-SYNTH-0.3,B3-0.3,build_opus_synthetic_programme_v0_3.py@0.3,20260812,True,3cf7af99c29d57ddcdac686d49ac8dc6ff7a6de3f368655bb8bf7078a4a763bf
DP-11,DP-11-A5,DP-11-S4,12.583854,0.0,SYNTHETIC_RESEARCH_FIXTURE,OG-SYNTH-0.3,B3-0.3,build_opus_synthetic_programme_v0_3.py@0.3,20260812,True,0782b03395d7fa35bc32fe1359c74a4dd0b4e9cb5eecf2ffaba295097b2eadc0
DP-12,DP-12-A0,DP-12-S0,2.92,0.131,SYNTHETIC_RESEARCH_FIXTURE,OG-SYNTH-0.3,B3-0.3,build_opus_synthetic_programme_v0_3.py@0.3,20260812,True,c664d47745638f54eda5291a4a78994adc2f17bb5a49ee0e787b897b2431e509
DP-12,DP-12-A0,DP-12-S1,8.119979,0.784447,SYNTHETIC_RESEARCH_FIXTURE,OG-SYNTH-0.3,B3-0.3,build_opus_synthetic_programme_v0_3.py@0.3,20260812,True,1911c9375ecd3aef3ad104356fa55b904b2e0e01e3308295fbd5c0a41d7eda36
DP-12,DP-12-A0,DP-12-S2,9.729704,2.385626,SYNTHETIC_RESEARCH_FIXTURE,OG-SYNTH-0.3,B3-0.3,build_opus_synthetic_programme_v0_3.py@0.3,20260812,True,3d577847fdc3955326f9141c9b4efd8d9f79fb115ca89e8ff95f063eb2c554e6
DP-12,DP-12-A0,DP-12-S3,7.170897,0.669972,SYNTHETIC_RESEARCH_FIXTURE,OG-SYNTH-0.3,B3-0.3,build_opus_synthetic_programme_v0_3.py@0.3,20260812,True,0d9da78c88920bc7a9f13707e13ba6f10e7a2c35b5f8216adeaef8c869a0046c
DP-12,DP-12-A0,DP-12-S4,13.548304,0.873871,SYNTHETIC_RESEARCH_FIXTURE,OG-SYNTH-0.3,B3-0.3,build_opus_synthetic_programme_v0_3.py@0.3,20260812,True,20bd63bc0b5ad1a99223cfb0f5dd93717c154a52f3545aa575a7c116ae1229ee
DP-12,DP-12-A1,DP-12-S0,5.27,2.481,SYNTHETIC_RESEARCH_FIXTURE,OG-SYNTH-0.3,B3-0.3,build_opus_synthetic_programme_v0_3.py@0.3,20260812,True,84533ea5c57534d8ba2a6145db248d6d85c18992ba3d401fb183bd64cdf811ae
DP-12,DP-12-A1,DP-12-S1,7.335532,0.0,SYNTHETIC_RESEARCH_FIXTURE,OG-SYNTH-0.3,B3-0.3,build_opus_synthetic_programme_v0_3.py@0.3,20260812,True,f22f7447278ac1ebd08d928ac9046b96835b6afb61cac45a229979e678a89ef2
DP-12,DP-12-A1,DP-12-S2,9.927197,2.583119,SYNTHETIC_RESEARCH_FIXTURE,OG-SYNTH-0.3,B3-0.3,build_opus_synthetic_programme_v0_3.py@0.3,20260812,True,33f87985ee70f3d5a65a42c38aaa70ee24b420e8c613ddc50dc3c9550db3abda
DP-12,DP-12-A1,DP-12-S3,7.975834,1.474909,SYNTHETIC_RESEARCH_FIXTURE,OG-SYNTH-0.3,B3-0.3,build_opus_synthetic_programme_v0_3.py@0.3,20260812,True,6a00f00c6166c7967d65f0086ed322e9660c318fa86ea73fd38203a4107d3a67
DP-12,DP-12-A1,DP-12-S4,13.892468,1.218035,SYNTHETIC_RESEARCH_FIXTURE,OG-SYNTH-0.3,B3-0.3,build_opus_synthetic_programme_v0_3.py@0.3,20260812,True,096c4c1b72d705a2401e7ba2581c02f37269dae1c1cea02e7600073615bafba6
DP-12,DP-12-A2,DP-12-S0,5.396,2.607,SYNTHETIC_RESEARCH_FIXTURE,OG-SYNTH-0.3,B3-0.3,build_opus_synthetic_programme_v0_3.py@0.3,20260812,True,2f0930b889dbca8f4bd5a86a3709ff2d02ed48ca9ddf6411aec40509f689afb1
DP-12,DP-12-A2,DP-12-S1,9.519125,2.183593,SYNTHETIC_RESEARCH_FIXTURE,OG-SYNTH-0.3,B3-0.3,build_opus_synthetic_programme_v0_3.py@0.3,20260812,True,698b9764578937a8e1702ec89b4c8f05bb740aa25a67b098279bfa4fe2d8b341
DP-12,DP-12-A2,DP-12-S2,10.684176,3.340097,SYNTHETIC_RESEARCH_FIXTURE,OG-SYNTH-0.3,B3-0.3,build_opus_synthetic_programme_v0_3.py@0.3,20260812,True,0b0e942849bb2e0d6b3e6cd12648f4717a5647fae5341161d5b318b6e20949f7
DP-12,DP-12-A2,DP-12-S3,8.723205,2.22228,SYNTHETIC_RESEARCH_FIXTURE,OG-SYNTH-0.3,B3-0.3,build_opus_synthetic_programme_v0_3.py@0.3,20260812,True,ef1ddc9c4773fbe0b76a627b0f2fa5ce0d1b3c838b2eed90ebd0b013bde4e25c
DP-12,DP-12-A2,DP-12-S4,14.607615,1.933182,SYNTHETIC_RESEARCH_FIXTURE,OG-SYNTH-0.3,B3-0.3,build_opus_synthetic_programme_v0_3.py@0.3,20260812,True,d758ae7bce10aceb41aa4d373e8747985c8ed493f3762a4adf30bdfdc1a6a2a8
DP-12,DP-12-A3,DP-12-S0,4.447,1.658,SYNTHETIC_RESEARCH_FIXTURE,OG-SYNTH-0.3,B3-0.3,build_opus_synthetic_programme_v0_3.py@0.3,20260812,True,c57efadfd2be04e69aadd0ec34cf0e5c4f62b03440d32414a6392881d8952e63
DP-12,DP-12-A3,DP-12-S1,7.817546,0.482014,SYNTHETIC_RESEARCH_FIXTURE,OG-SYNTH-0.3,B3-0.3,build_opus_synthetic_programme_v0_3.py@0.3,20260812,True,29165147b0b1a23e6c8259867b53d7a469aa3938e0511f4dba74691eda1f0888
DP-12,DP-12-A3,DP-12-S2,7.344078,0.0,SYNTHETIC_RESEARCH_FIXTURE,OG-SYNTH-0.3,B3-0.3,build_opus_synthetic_programme_v0_3.py@0.3,20260812,True,5c95d0052910810adbb080e23dbdaf193080334a2539339591d24b2af83a0bc9
DP-12,DP-12-A3,DP-12-S3,7.220407,0.719482,SYNTHETIC_RESEARCH_FIXTURE,OG-SYNTH-0.3,B3-0.3,build_opus_synthetic_programme_v0_3.py@0.3,20260812,True,2f044a837d990c4ff17d89e4fd977b20102891964af1894697b8f2be91d78d4e
DP-12,DP-12-A3,DP-12-S4,13.386157,0.711725,SYNTHETIC_RESEARCH_FIXTURE,OG-SYNTH-0.3,B3-0.3,build_opus_synthetic_programme_v0_3.py@0.3,20260812,True,87cb743e15f819c5b44467ef83e9ab9cd9a053a203ccdc79ae7761b0e149f7f8
DP-12,DP-12-A4,DP-12-S0,3.958,1.169,SYNTHETIC_RESEARCH_FIXTURE,OG-SYNTH-0.3,B3-0.3,build_opus_synthetic_programme_v0_3.py@0.3,20260812,True,1cd753df3729cf5d58a848b92f101f684c524309bcc4f5c6522b49101ced3c54
DP-12,DP-12-A4,DP-12-S1,7.954617,0.619085,SYNTHETIC_RESEARCH_FIXTURE,OG-SYNTH-0.3,B3-0.3,build_opus_synthetic_programme_v0_3.py@0.3,20260812,True,ef87058c8ff3dca14ecbcada5b51fcb49e5f61a8f0541525cee7f116aa336d17
DP-12,DP-12-A4,DP-12-S2,9.532302,2.188224,SYNTHETIC_RESEARCH_FIXTURE,OG-SYNTH-0.3,B3-0.3,build_opus_synthetic_programme_v0_3.py@0.3,20260812,True,b99a7b98cc60fa1bfece7355e4ce72b2a5325ff35429a1757f0432c5c78220ba
DP-12,DP-12-A4,DP-12-S3,6.500925,0.0,SYNTHETIC_RESEARCH_FIXTURE,OG-SYNTH-0.3,B3-0.3,build_opus_synthetic_programme_v0_3.py@0.3,20260812,True,5f14b95490189631c97c9861a2b17a4612a4a2afa4a2ae543a6a8dcfaa27c0be
DP-12,DP-12-A4,DP-12-S4,13.39608,0.721647,SYNTHETIC_RESEARCH_FIXTURE,OG-SYNTH-0.3,B3-0.3,build_opus_synthetic_programme_v0_3.py@0.3,20260812,True,93c7e97626220ce02315d3ae27eb1a269eb369c730867cedb613dea6690e2c3a
DP-12,DP-12-A5,DP-12-S0,2.789,0.0,SYNTHETIC_RESEARCH_FIXTURE,OG-SYNTH-0.3,B3-0.3,build_opus_synthetic_programme_v0_3.py@0.3,20260812,True,6b39b72983544731b327a414b1d59aaed44bfb303496ddb28d8cb601c8d911e0
DP-12,DP-12-A5,DP-12-S1,7.519671,0.184139,SYNTHETIC_RESEARCH_FIXTURE,OG-SYNTH-0.3,B3-0.3,build_opus_synthetic_programme_v0_3.py@0.3,20260812,True,520ab31ab1ebebfc16dce141bf778d6d691430b26444ce929cc99ca4473de4df
DP-12,DP-12-A5,DP-12-S2,8.881515,1.537436,SYNTHETIC_RESEARCH_FIXTURE,OG-SYNTH-0.3,B3-0.3,build_opus_synthetic_programme_v0_3.py@0.3,20260812,True,a59a47bfb0a25e03608a09ad5684ddb32affd7b3322a1ef2ea01badc7ce40bfd
DP-12,DP-12-A5,DP-12-S3,6.776578,0.275653,SYNTHETIC_RESEARCH_FIXTURE,OG-SYNTH-0.3,B3-0.3,build_opus_synthetic_programme_v0_3.py@0.3,20260812,True,886e2227f70bfa5611255059b70afab234e8968c6564e99c3ee2907944a8acd0
DP-12,DP-12-A5,DP-12-S4,12.674433,0.0,SYNTHETIC_RESEARCH_FIXTURE,OG-SYNTH-0.3,B3-0.3,build_opus_synthetic_programme_v0_3.py@0.3,20260812,True,9235080daf07c6baf65916c802319ffc1f5dd296e688ef86b4d8a21ee5ad449c
