reference_project_id,split,split_unit,data_origin,programme_version,package_version,generator_version,random_seed,not_for_empirical_validation,record_hash
REF-0001,VALIDATION,PROJECT,SYNTHETIC_RESEARCH_FIXTURE,OG-SYNTH-0.2,B1-0.2,build_opus_synthetic_programme_v0_2.py@0.2,20260811,True,fc3c59077ce474c19aaa97624bb0780773cb62d00603fb14f38c359749070a68
REF-0002,VALIDATION,PROJECT,SYNTHETIC_RESEARCH_FIXTURE,OG-SYNTH-0.2,B1-0.2,build_opus_synthetic_programme_v0_2.py@0.2,20260811,True,a088e699340328de15b982f018cdfff234e187f2aa59301bd45153090cb12486
REF-0003,DEVELOPMENT,PROJECT,SYNTHETIC_RESEARCH_FIXTURE,OG-SYNTH-0.2,B1-0.2,build_opus_synthetic_programme_v0_2.py@0.2,20260811,True,5569bc380ea862290ba437b4e471c3f6ed82bdf721e468ac15cb9eea6c30d840
REF-0004,DEVELOPMENT,PROJECT,SYNTHETIC_RESEARCH_FIXTURE,OG-SYNTH-0.2,B1-0.2,build_opus_synthetic_programme_v0_2.py@0.2,20260811,True,487509302690442ff756909e4c8cd4571b5d0b1972a894fbd5e5fd0bae552ec5
REF-0005,VALIDATION,PROJECT,SYNTHETIC_RESEARCH_FIXTURE,OG-SYNTH-0.2,B1-0.2,build_opus_synthetic_programme_v0_2.py@0.2,20260811,True,a64591a592e829f9885cd87b98866ed7e3a5477064c88bb33df8254d186c385a
REF-0006,VALIDATION,PROJECT,SYNTHETIC_RESEARCH_FIXTURE,OG-SYNTH-0.2,B1-0.2,build_opus_synthetic_programme_v0_2.py@0.2,20260811,True,b9578501b6f2815469a045a9b35bbac2f126de6b822b3db8d114583e89847e1c
REF-0007,DEVELOPMENT,PROJECT,SYNTHETIC_RESEARCH_FIXTURE,OG-SYNTH-0.2,B1-0.2,build_opus_synthetic_programme_v0_2.py@0.2,20260811,True,fa913ef36636cefdb90bf2a3d8feedd945d41aec8c92fdbd3dd770cbec0ecc47
REF-0008,DEVELOPMENT,PROJECT,SYNTHETIC_RESEARCH_FIXTURE,OG-SYNTH-0.2,B1-0.2,build_opus_synthetic_programme_v0_2.py@0.2,20260811,True,61d1a73d696075bc4f7633a0ee2695f8aad81ce58187e7437fd0cf7a191d37ef
REF-0009,DEVELOPMENT,PROJECT,SYNTHETIC_RESEARCH_FIXTURE,OG-SYNTH-0.2,B1-0.2,build_opus_synthetic_programme_v0_2.py@0.2,20260811,True,0e7e5cb560a536815e2f332c8fdbde1642744615ab8a68c7df7e5280d613372e
REF-0010,DEVELOPMENT,PROJECT,SYNTHETIC_RESEARCH_FIXTURE,OG-SYNTH-0.2,B1-0.2,build_opus_synthetic_programme_v0_2.py@0.2,20260811,True,894d27385e34af08b1b732d1929bafb77ac632248fbd196f263538a321687967
REF-0011,DEVELOPMENT,PROJECT,SYNTHETIC_RESEARCH_FIXTURE,OG-SYNTH-0.2,B1-0.2,build_opus_synthetic_programme_v0_2.py@0.2,20260811,True,5a263ad90fbaac8ac7b4ee3be2e74e539636b3eaa60109fe91ac373a02e1ef05
REF-0012,LOCKED_HOLDOUT,PROJECT,SYNTHETIC_RESEARCH_FIXTURE,OG-SYNTH-0.2,B1-0.2,build_opus_synthetic_programme_v0_2.py@0.2,20260811,True,7bc2233a02394d31d3bdfa92ddc09a2c5fee92b8185e42e79c5e26bf363ec174
REF-0013,LOCKED_HOLDOUT,PROJECT,SYNTHETIC_RESEARCH_FIXTURE,OG-SYNTH-0.2,B1-0.2,build_opus_synthetic_programme_v0_2.py@0.2,20260811,True,161497b4d6cc1aee9a456acd28363a6c2e39cd1e0b04ae2ebd8d626bdfce6b2f
REF-0014,DEVELOPMENT,PROJECT,SYNTHETIC_RESEARCH_FIXTURE,OG-SYNTH-0.2,B1-0.2,build_opus_synthetic_programme_v0_2.py@0.2,20260811,True,aa0b39a368e746b3afa439e8d67d015679412fe6a610323fe67e0a4c45a7e56c
REF-0015,DEVELOPMENT,PROJECT,SYNTHETIC_RESEARCH_FIXTURE,OG-SYNTH-0.2,B1-0.2,build_opus_synthetic_programme_v0_2.py@0.2,20260811,True,6392069cb6edee564360f3b8fe08b5a98405b4448887424f3d4171f09bd4b361
REF-0016,VALIDATION,PROJECT,SYNTHETIC_RESEARCH_FIXTURE,OG-SYNTH-0.2,B1-0.2,build_opus_synthetic_programme_v0_2.py@0.2,20260811,True,2a30eeda1a7a78a2b0a6903156315e62166c57c35f9c367d035bed5c9b256298
REF-0017,DEVELOPMENT,PROJECT,SYNTHETIC_RESEARCH_FIXTURE,OG-SYNTH-0.2,B1-0.2,build_opus_synthetic_programme_v0_2.py@0.2,20260811,True,0ea4689630637c0f194ab0d4fdb1021a9ba956e2fd0b3e5953dee021ba471c7a
REF-0018,DEVELOPMENT,PROJECT,SYNTHETIC_RESEARCH_FIXTURE,OG-SYNTH-0.2,B1-0.2,build_opus_synthetic_programme_v0_2.py@0.2,20260811,True,c48dffd8846dfb11371a68481189fa9e18c7f41bcc5f279fdb071e5706684f53
REF-0019,VALIDATION,PROJECT,SYNTHETIC_RESEARCH_FIXTURE,OG-SYNTH-0.2,B1-0.2,build_opus_synthetic_programme_v0_2.py@0.2,20260811,True,984687da8ce6faafdd49f6621fd82b94196a13d220950241e9bd4f7959e2d8ac
REF-0020,DEVELOPMENT,PROJECT,SYNTHETIC_RESEARCH_FIXTURE,OG-SYNTH-0.2,B1-0.2,build_opus_synthetic_programme_v0_2.py@0.2,20260811,True,83b885d8c743bec3661fffe4585440c8b3a447cf5161d9c886893f45fdd9e7d8
REF-0021,LOCKED_HOLDOUT,PROJECT,SYNTHETIC_RESEARCH_FIXTURE,OG-SYNTH-0.2,B1-0.2,build_opus_synthetic_programme_v0_2.py@0.2,20260811,True,452bc38b62e3aa57ededde243a658fe9d9da407ca2ce471a4a4032847e9174ac
REF-0022,DEVELOPMENT,PROJECT,SYNTHETIC_RESEARCH_FIXTURE,OG-SYNTH-0.2,B1-0.2,build_opus_synthetic_programme_v0_2.py@0.2,20260811,True,2d4bf0a9089192964f99ab64d0f1ffb4f4d2854902d4a4b881a80f5528ac510e
REF-0023,DEVELOPMENT,PROJECT,SYNTHETIC_RESEARCH_FIXTURE,OG-SYNTH-0.2,B1-0.2,build_opus_synthetic_programme_v0_2.py@0.2,20260811,True,b895131bdac9359088c54aa8c028da5c2adc2a7d9a40b9e4492c4ab7de584cfc
REF-0024,LOCKED_HOLDOUT,PROJECT,SYNTHETIC_RESEARCH_FIXTURE,OG-SYNTH-0.2,B1-0.2,build_opus_synthetic_programme_v0_2.py@0.2,20260811,True,90b2f660fba2a40a361eb1708b8400c9d4c5be7160c4e6980ed9e457066bc01b
REF-0025,DEVELOPMENT,PROJECT,SYNTHETIC_RESEARCH_FIXTURE,OG-SYNTH-0.2,B1-0.2,build_opus_synthetic_programme_v0_2.py@0.2,20260811,True,951cc1e16c58fd0112e5b1e7470a378ae04e3edba6cdd614e997b6e5b301c60d
REF-0026,DEVELOPMENT,PROJECT,SYNTHETIC_RESEARCH_FIXTURE,OG-SYNTH-0.2,B1-0.2,build_opus_synthetic_programme_v0_2.py@0.2,20260811,True,4e44a22d123d4d543d54d90de001b958c3d7580bd97d7267cacdef6579590cb0
REF-0027,VALIDATION,PROJECT,SYNTHETIC_RESEARCH_FIXTURE,OG-SYNTH-0.2,B1-0.2,build_opus_synthetic_programme_v0_2.py@0.2,20260811,True,eef655971e6c001988973204429803e2669ccca89cda3ebd0881d112e36d4db7
REF-0028,DEVELOPMENT,PROJECT,SYNTHETIC_RESEARCH_FIXTURE,OG-SYNTH-0.2,B1-0.2,build_opus_synthetic_programme_v0_2.py@0.2,20260811,True,9f2439e4cbbf26bc9f4998a8e0b654909f7a93d7cbd17969b4b541eea1b888ee
REF-0029,DEVELOPMENT,PROJECT,SYNTHETIC_RESEARCH_FIXTURE,OG-SYNTH-0.2,B1-0.2,build_opus_synthetic_programme_v0_2.py@0.2,20260811,True,a753d6e8c92eabf19776e7bb0a4de999738ad80baa1f536a6f8eca1241c151d6
REF-0030,DEVELOPMENT,PROJECT,SYNTHETIC_RESEARCH_FIXTURE,OG-SYNTH-0.2,B1-0.2,build_opus_synthetic_programme_v0_2.py@0.2,20260811,True,cf1fd9ba849179cfab000d37c6a20fffa2b56cbbe5ec676755bebb5180711050
REF-0031,DEVELOPMENT,PROJECT,SYNTHETIC_RESEARCH_FIXTURE,OG-SYNTH-0.2,B1-0.2,build_opus_synthetic_programme_v0_2.py@0.2,20260811,True,d4cab201d599aeb0f9ce64fe1e15a5bacd4e41136199f2a78fcb05e23b09447a
REF-0032,DEVELOPMENT,PROJECT,SYNTHETIC_RESEARCH_FIXTURE,OG-SYNTH-0.2,B1-0.2,build_opus_synthetic_programme_v0_2.py@0.2,20260811,True,a9d905b8842895fe6e8306c465ed3e56224f4873cf1a0238fd86c88cb4d3d00f
REF-0033,DEVELOPMENT,PROJECT,SYNTHETIC_RESEARCH_FIXTURE,OG-SYNTH-0.2,B1-0.2,build_opus_synthetic_programme_v0_2.py@0.2,20260811,True,2242515ca72c1bb784bc9633313fb9ce4648214a3f7beb9222e54718d67dc451
REF-0034,DEVELOPMENT,PROJECT,SYNTHETIC_RESEARCH_FIXTURE,OG-SYNTH-0.2,B1-0.2,build_opus_synthetic_programme_v0_2.py@0.2,20260811,True,72119af3a10dade24dba177b7bf9d6c052d7958abcec1533676c9a2c5cf2edcc
REF-0035,LOCKED_HOLDOUT,PROJECT,SYNTHETIC_RESEARCH_FIXTURE,OG-SYNTH-0.2,B1-0.2,build_opus_synthetic_programme_v0_2.py@0.2,20260811,True,cd37ef767f8e9ecdfab51be7550d6e1178966a057230ae04c8c9a634812cb029
REF-0036,DEVELOPMENT,PROJECT,SYNTHETIC_RESEARCH_FIXTURE,OG-SYNTH-0.2,B1-0.2,build_opus_synthetic_programme_v0_2.py@0.2,20260811,True,583f2681f1e955dfe3f22f4d183ee20561d065e874ff2901c7db080fababd439
REF-0037,LOCKED_HOLDOUT,PROJECT,SYNTHETIC_RESEARCH_FIXTURE,OG-SYNTH-0.2,B1-0.2,build_opus_synthetic_programme_v0_2.py@0.2,20260811,True,de7fd89e3b2e0319dcc0c760df866d1e773ffbe00c3d5324f17e0c3478e1229b
REF-0038,DEVELOPMENT,PROJECT,SYNTHETIC_RESEARCH_FIXTURE,OG-SYNTH-0.2,B1-0.2,build_opus_synthetic_programme_v0_2.py@0.2,20260811,True,5bd4da608703598d10311a5cd9d1088024ffe3af2b64a65976c5c0cb3123d55f
REF-0039,DEVELOPMENT,PROJECT,SYNTHETIC_RESEARCH_FIXTURE,OG-SYNTH-0.2,B1-0.2,build_opus_synthetic_programme_v0_2.py@0.2,20260811,True,2d4a5b3c65e44a36b560b08493a5e7d9b582d55c8d212de435bb4d98c90e47d5
REF-0040,DEVELOPMENT,PROJECT,SYNTHETIC_RESEARCH_FIXTURE,OG-SYNTH-0.2,B1-0.2,build_opus_synthetic_programme_v0_2.py@0.2,20260811,True,60a16f2d0b21e78795530125c742584d41e5d9012cb0a55e2cc6365d8aaed0b6
REF-0041,DEVELOPMENT,PROJECT,SYNTHETIC_RESEARCH_FIXTURE,OG-SYNTH-0.2,B1-0.2,build_opus_synthetic_programme_v0_2.py@0.2,20260811,True,db0053dc8656747d073909ea775b318381117273b5ebfdacfbc9adf5b87b3cc6
REF-0042,DEVELOPMENT,PROJECT,SYNTHETIC_RESEARCH_FIXTURE,OG-SYNTH-0.2,B1-0.2,build_opus_synthetic_programme_v0_2.py@0.2,20260811,True,fd1ed3ebe2d6eb90a36014a4298915b07ec77192d96348b9372492ce8526f444
REF-0043,DEVELOPMENT,PROJECT,SYNTHETIC_RESEARCH_FIXTURE,OG-SYNTH-0.2,B1-0.2,build_opus_synthetic_programme_v0_2.py@0.2,20260811,True,7a9613c3c5d49b9b73759721ab4615aa5b21549691a832c8ae727b493d1c16e0
REF-0044,DEVELOPMENT,PROJECT,SYNTHETIC_RESEARCH_FIXTURE,OG-SYNTH-0.2,B1-0.2,build_opus_synthetic_programme_v0_2.py@0.2,20260811,True,660049ffa532a5a05dfd26b39d380107849fb7f124ea8b5ec7bed576cc8f5f98
REF-0045,LOCKED_HOLDOUT,PROJECT,SYNTHETIC_RESEARCH_FIXTURE,OG-SYNTH-0.2,B1-0.2,build_opus_synthetic_programme_v0_2.py@0.2,20260811,True,20b1e50235d895149df6d9dabd303cd04652c10b3c02d35b12386e2ca9160291
REF-0046,DEVELOPMENT,PROJECT,SYNTHETIC_RESEARCH_FIXTURE,OG-SYNTH-0.2,B1-0.2,build_opus_synthetic_programme_v0_2.py@0.2,20260811,True,8932f86f5520505961fa903093cee2762f225ad87942642550e1d4654381d935
REF-0047,DEVELOPMENT,PROJECT,SYNTHETIC_RESEARCH_FIXTURE,OG-SYNTH-0.2,B1-0.2,build_opus_synthetic_programme_v0_2.py@0.2,20260811,True,e34176f9ab554fdd777d823b480201425cdd388bf81a0614ecd25d2cc919998b
REF-0048,DEVELOPMENT,PROJECT,SYNTHETIC_RESEARCH_FIXTURE,OG-SYNTH-0.2,B1-0.2,build_opus_synthetic_programme_v0_2.py@0.2,20260811,True,49f039adf7ac23f5d65e9c801edcb8db692a7f63a8d928c0b6a493c909c4cb95
REF-0049,LOCKED_HOLDOUT,PROJECT,SYNTHETIC_RESEARCH_FIXTURE,OG-SYNTH-0.2,B1-0.2,build_opus_synthetic_programme_v0_2.py@0.2,20260811,True,f73894fd028e4a85ac8e4ae590dc47f3b9038ce1ed5671b94dd7826d88c2e05c
REF-0050,DEVELOPMENT,PROJECT,SYNTHETIC_RESEARCH_FIXTURE,OG-SYNTH-0.2,B1-0.2,build_opus_synthetic_programme_v0_2.py@0.2,20260811,True,f29ab16036f590643ce9e03853256e091bd2518a17adb2d79494f3565a035267
REF-0051,VALIDATION,PROJECT,SYNTHETIC_RESEARCH_FIXTURE,OG-SYNTH-0.2,B1-0.2,build_opus_synthetic_programme_v0_2.py@0.2,20260811,True,9f97fe6ef4caca45384442ba908cf9a435125b8b1b673751fdb4f6fdeeb240ad
REF-0052,LOCKED_HOLDOUT,PROJECT,SYNTHETIC_RESEARCH_FIXTURE,OG-SYNTH-0.2,B1-0.2,build_opus_synthetic_programme_v0_2.py@0.2,20260811,True,28ae23c6492c2f4e8e76ba927bf4b2d67a40fd363bdd2aa81494d06cf0a1c4aa
REF-0053,DEVELOPMENT,PROJECT,SYNTHETIC_RESEARCH_FIXTURE,OG-SYNTH-0.2,B1-0.2,build_opus_synthetic_programme_v0_2.py@0.2,20260811,True,51cb55c109ddd3e9ffc394c17e5b96c35b39fa433cd5243a496ad122c7e8b195
REF-0054,DEVELOPMENT,PROJECT,SYNTHETIC_RESEARCH_FIXTURE,OG-SYNTH-0.2,B1-0.2,build_opus_synthetic_programme_v0_2.py@0.2,20260811,True,c0c620970c487fa53b70c40248f77f18c62c03d9939dfddeeb5e740355ce4828
REF-0055,LOCKED_HOLDOUT,PROJECT,SYNTHETIC_RESEARCH_FIXTURE,OG-SYNTH-0.2,B1-0.2,build_opus_synthetic_programme_v0_2.py@0.2,20260811,True,a4394a19803bb23ada8bb3287b854c0d2b9112b1d6b9a6c36e38217b49a5c93c
REF-0056,DEVELOPMENT,PROJECT,SYNTHETIC_RESEARCH_FIXTURE,OG-SYNTH-0.2,B1-0.2,build_opus_synthetic_programme_v0_2.py@0.2,20260811,True,4bb9a1840208ffc9c574aae938661ef03bdd2b45e01217c268586683641384df
REF-0057,DEVELOPMENT,PROJECT,SYNTHETIC_RESEARCH_FIXTURE,OG-SYNTH-0.2,B1-0.2,build_opus_synthetic_programme_v0_2.py@0.2,20260811,True,8c8cb3384cb7bf532e35573324ebd102978305a01cde9e408c887251bf1b0167
REF-0058,DEVELOPMENT,PROJECT,SYNTHETIC_RESEARCH_FIXTURE,OG-SYNTH-0.2,B1-0.2,build_opus_synthetic_programme_v0_2.py@0.2,20260811,True,7265b63762e31acd968126a6be785252cb4369d9440246f9788b8d81a125ba48
REF-0059,LOCKED_HOLDOUT,PROJECT,SYNTHETIC_RESEARCH_FIXTURE,OG-SYNTH-0.2,B1-0.2,build_opus_synthetic_programme_v0_2.py@0.2,20260811,True,03b674f5e52c7d21a907cacb850c1c3946fd2acc4cf53ea7172ba2d94958f349
REF-0060,DEVELOPMENT,PROJECT,SYNTHETIC_RESEARCH_FIXTURE,OG-SYNTH-0.2,B1-0.2,build_opus_synthetic_programme_v0_2.py@0.2,20260811,True,68a2246a021c5ed60b3c6eb6d31981163e91718f2bdba70705f0eef23894845e
REF-0061,LOCKED_HOLDOUT,PROJECT,SYNTHETIC_RESEARCH_FIXTURE,OG-SYNTH-0.2,B1-0.2,build_opus_synthetic_programme_v0_2.py@0.2,20260811,True,87d7c1f1fb126160a5158bc68322971bfa0efc43f127f03c1628dd47f92ca7c0
REF-0062,DEVELOPMENT,PROJECT,SYNTHETIC_RESEARCH_FIXTURE,OG-SYNTH-0.2,B1-0.2,build_opus_synthetic_programme_v0_2.py@0.2,20260811,True,70c2480008f79e757424458ee6fd37572cb95fd7adea020286a32d3d91fbcbf7
REF-0063,VALIDATION,PROJECT,SYNTHETIC_RESEARCH_FIXTURE,OG-SYNTH-0.2,B1-0.2,build_opus_synthetic_programme_v0_2.py@0.2,20260811,True,be4a0816a709cef36023e52cbbc64baf553d178e6b9dcb2ebb9386c8095c89dc
REF-0064,LOCKED_HOLDOUT,PROJECT,SYNTHETIC_RESEARCH_FIXTURE,OG-SYNTH-0.2,B1-0.2,build_opus_synthetic_programme_v0_2.py@0.2,20260811,True,fb2a6cc6f51086861018b698f6df9bfa0c87b246aa37359cfdc283abe9c24b25
REF-0065,DEVELOPMENT,PROJECT,SYNTHETIC_RESEARCH_FIXTURE,OG-SYNTH-0.2,B1-0.2,build_opus_synthetic_programme_v0_2.py@0.2,20260811,True,83d60e0f101edbe0bcba98d616109b288057d46c8781681a56deb1a132fbca7d
REF-0066,DEVELOPMENT,PROJECT,SYNTHETIC_RESEARCH_FIXTURE,OG-SYNTH-0.2,B1-0.2,build_opus_synthetic_programme_v0_2.py@0.2,20260811,True,f0a021099f5acf73596c66bdcc142988ff76701997bc356f2f59bf118faea686
REF-0067,VALIDATION,PROJECT,SYNTHETIC_RESEARCH_FIXTURE,OG-SYNTH-0.2,B1-0.2,build_opus_synthetic_programme_v0_2.py@0.2,20260811,True,6bd015e7505d068bf06ea0805b05b83a15218663b62f1bd384a3d420305a8e45
REF-0068,DEVELOPMENT,PROJECT,SYNTHETIC_RESEARCH_FIXTURE,OG-SYNTH-0.2,B1-0.2,build_opus_synthetic_programme_v0_2.py@0.2,20260811,True,de5b5ce2c07154a25a6e421d036b70f0e733d0555167956eed343e8d4a945545
REF-0069,DEVELOPMENT,PROJECT,SYNTHETIC_RESEARCH_FIXTURE,OG-SYNTH-0.2,B1-0.2,build_opus_synthetic_programme_v0_2.py@0.2,20260811,True,179c2aec6a4a97b6f7c578d3b440dfd88abf96d88cc33724184e350aa802d822
REF-0070,DEVELOPMENT,PROJECT,SYNTHETIC_RESEARCH_FIXTURE,OG-SYNTH-0.2,B1-0.2,build_opus_synthetic_programme_v0_2.py@0.2,20260811,True,d41cc34e3ba5fc30036d9a1d301ebc1c759d84a92ba94714e60215dbba2d1b9b
REF-0071,VALIDATION,PROJECT,SYNTHETIC_RESEARCH_FIXTURE,OG-SYNTH-0.2,B1-0.2,build_opus_synthetic_programme_v0_2.py@0.2,20260811,True,52c80ac8c8a61bd6eff693f25679c787e3a25f3572c0d7f61d651983a34e4a58
REF-0072,VALIDATION,PROJECT,SYNTHETIC_RESEARCH_FIXTURE,OG-SYNTH-0.2,B1-0.2,build_opus_synthetic_programme_v0_2.py@0.2,20260811,True,c4a7703d62e69373c7db9580e3887c32f0a05cdeb4c43831bd2818c358fd4e4f
REF-0073,DEVELOPMENT,PROJECT,SYNTHETIC_RESEARCH_FIXTURE,OG-SYNTH-0.2,B1-0.2,build_opus_synthetic_programme_v0_2.py@0.2,20260811,True,3aa62c61dea153332fde91bcfb96e9c9969f95caf48b0d9dbd8ad0f665e67766
REF-0074,DEVELOPMENT,PROJECT,SYNTHETIC_RESEARCH_FIXTURE,OG-SYNTH-0.2,B1-0.2,build_opus_synthetic_programme_v0_2.py@0.2,20260811,True,e759ca2c51e6b382b9a7531737ea0614d0b282c81fa6911f42c633b5179e1023
REF-0075,LOCKED_HOLDOUT,PROJECT,SYNTHETIC_RESEARCH_FIXTURE,OG-SYNTH-0.2,B1-0.2,build_opus_synthetic_programme_v0_2.py@0.2,20260811,True,c09b62c86b21f115e5291bf10bde3b1b21936c6c5e7e5a6a84f1da8ce78f4128
REF-0076,DEVELOPMENT,PROJECT,SYNTHETIC_RESEARCH_FIXTURE,OG-SYNTH-0.2,B1-0.2,build_opus_synthetic_programme_v0_2.py@0.2,20260811,True,72c78a9e31dcf13ad74f8a99f01738f08a6d3474bfccbdf1bafc647086ef9a3d
REF-0077,DEVELOPMENT,PROJECT,SYNTHETIC_RESEARCH_FIXTURE,OG-SYNTH-0.2,B1-0.2,build_opus_synthetic_programme_v0_2.py@0.2,20260811,True,751739812c1f784dca783634094408af8ccb8914257f5f2d5c8eb2965363d3e5
REF-0078,VALIDATION,PROJECT,SYNTHETIC_RESEARCH_FIXTURE,OG-SYNTH-0.2,B1-0.2,build_opus_synthetic_programme_v0_2.py@0.2,20260811,True,b05dd5badc239cd24233e1d2d1779163d6d36d40571b8bb2fe6d9925753e2133
REF-0079,LOCKED_HOLDOUT,PROJECT,SYNTHETIC_RESEARCH_FIXTURE,OG-SYNTH-0.2,B1-0.2,build_opus_synthetic_programme_v0_2.py@0.2,20260811,True,09d6ca03a6192f962f77add340db2322f8258b4f9b890e5298d03ec10ed4f01e
REF-0080,LOCKED_HOLDOUT,PROJECT,SYNTHETIC_RESEARCH_FIXTURE,OG-SYNTH-0.2,B1-0.2,build_opus_synthetic_programme_v0_2.py@0.2,20260811,True,040f0282c5f087fff8d41b97eb46dcdfc9538ed623a34422dbd6cc4902bf720f
REF-0081,DEVELOPMENT,PROJECT,SYNTHETIC_RESEARCH_FIXTURE,OG-SYNTH-0.2,B1-0.2,build_opus_synthetic_programme_v0_2.py@0.2,20260811,True,ed2bc8c4bd881b25028e88f396c1581f92a6974237be63667d55332699f5bf42
REF-0082,VALIDATION,PROJECT,SYNTHETIC_RESEARCH_FIXTURE,OG-SYNTH-0.2,B1-0.2,build_opus_synthetic_programme_v0_2.py@0.2,20260811,True,dfa5951cc97ee7cdd0d8bbe1fd716598b26d5a631f74ca00c7b6802a51d9c931
REF-0083,DEVELOPMENT,PROJECT,SYNTHETIC_RESEARCH_FIXTURE,OG-SYNTH-0.2,B1-0.2,build_opus_synthetic_programme_v0_2.py@0.2,20260811,True,e2c92a843615a0159b45f2eff6372b386b7832c08d73ff79f6c7b357caddf115
REF-0084,DEVELOPMENT,PROJECT,SYNTHETIC_RESEARCH_FIXTURE,OG-SYNTH-0.2,B1-0.2,build_opus_synthetic_programme_v0_2.py@0.2,20260811,True,df99be09cf9d509d4a218a03e4813a0df9f6d0f0d6de887ddca9160f1df2933e
REF-0085,DEVELOPMENT,PROJECT,SYNTHETIC_RESEARCH_FIXTURE,OG-SYNTH-0.2,B1-0.2,build_opus_synthetic_programme_v0_2.py@0.2,20260811,True,6ea97a0cda96083f080a925faed8b332ecb80d889e30086b410be2da1a0d9cb3
REF-0086,DEVELOPMENT,PROJECT,SYNTHETIC_RESEARCH_FIXTURE,OG-SYNTH-0.2,B1-0.2,build_opus_synthetic_programme_v0_2.py@0.2,20260811,True,c274c65bf39d45b629535313bcf361417183ac41cb86d8596c060d52ce1ca801
REF-0087,DEVELOPMENT,PROJECT,SYNTHETIC_RESEARCH_FIXTURE,OG-SYNTH-0.2,B1-0.2,build_opus_synthetic_programme_v0_2.py@0.2,20260811,True,49e023db018309964fd09c08e161e27a7541f569a4cc733d60090dea2b0253c1
REF-0088,VALIDATION,PROJECT,SYNTHETIC_RESEARCH_FIXTURE,OG-SYNTH-0.2,B1-0.2,build_opus_synthetic_programme_v0_2.py@0.2,20260811,True,77ce701df3963b60271074b222b3dbdb80b8a1418420d174b240e31b937d8d62
REF-0089,DEVELOPMENT,PROJECT,SYNTHETIC_RESEARCH_FIXTURE,OG-SYNTH-0.2,B1-0.2,build_opus_synthetic_programme_v0_2.py@0.2,20260811,True,3b89b4d516821f07853a905bdda2f0385bd99f0207d9a4888dae6a68cdc3180d
REF-0090,DEVELOPMENT,PROJECT,SYNTHETIC_RESEARCH_FIXTURE,OG-SYNTH-0.2,B1-0.2,build_opus_synthetic_programme_v0_2.py@0.2,20260811,True,5f66c22e04e48da49d1a49e1cfc4bc7f368f2c9172daa4387a48eed85b1b4eee
REF-0091,DEVELOPMENT,PROJECT,SYNTHETIC_RESEARCH_FIXTURE,OG-SYNTH-0.2,B1-0.2,build_opus_synthetic_programme_v0_2.py@0.2,20260811,True,90844b9bb3577ae93890f9d623aa599c2b2770d90a1bedec125368f0490a4ea0
REF-0092,VALIDATION,PROJECT,SYNTHETIC_RESEARCH_FIXTURE,OG-SYNTH-0.2,B1-0.2,build_opus_synthetic_programme_v0_2.py@0.2,20260811,True,b5f0c3b07502bc921bdbf81036c7f07b8d9ad5a299d00eed72f6aaf6df3a1c1b
REF-0093,DEVELOPMENT,PROJECT,SYNTHETIC_RESEARCH_FIXTURE,OG-SYNTH-0.2,B1-0.2,build_opus_synthetic_programme_v0_2.py@0.2,20260811,True,cfa2c5c98aac8365e063443b83f4ec3d6ca86f5da7a2abb436fe17829a254c56
REF-0094,DEVELOPMENT,PROJECT,SYNTHETIC_RESEARCH_FIXTURE,OG-SYNTH-0.2,B1-0.2,build_opus_synthetic_programme_v0_2.py@0.2,20260811,True,342541de7ac147c580d420f8ad8abc40e2921b88bcda747150695e29c8b79a45
REF-0095,VALIDATION,PROJECT,SYNTHETIC_RESEARCH_FIXTURE,OG-SYNTH-0.2,B1-0.2,build_opus_synthetic_programme_v0_2.py@0.2,20260811,True,025906bc6470bdbc2d96c543c4b5ede51681fabdd03f20b6f6e0a45ced878a2b
REF-0096,LOCKED_HOLDOUT,PROJECT,SYNTHETIC_RESEARCH_FIXTURE,OG-SYNTH-0.2,B1-0.2,build_opus_synthetic_programme_v0_2.py@0.2,20260811,True,6e8b4159b03f278131a854bc077281e90386ba7e689cc82a6e5dd19cfd444280
REF-0097,LOCKED_HOLDOUT,PROJECT,SYNTHETIC_RESEARCH_FIXTURE,OG-SYNTH-0.2,B1-0.2,build_opus_synthetic_programme_v0_2.py@0.2,20260811,True,b5f4ae343525498b5d3bf0bedd4e79b8478c4f4b6a8b9aa1874f0c63a13e706d
REF-0098,VALIDATION,PROJECT,SYNTHETIC_RESEARCH_FIXTURE,OG-SYNTH-0.2,B1-0.2,build_opus_synthetic_programme_v0_2.py@0.2,20260811,True,fa753dcd7c9a6361f356ae54a34117a40488f4c9c435f551d75d14b43d58f4f3
REF-0099,DEVELOPMENT,PROJECT,SYNTHETIC_RESEARCH_FIXTURE,OG-SYNTH-0.2,B1-0.2,build_opus_synthetic_programme_v0_2.py@0.2,20260811,True,5d8c755f78a6f9524a7dac52a52a8165457f3db428268082afef9250514130db
REF-0100,DEVELOPMENT,PROJECT,SYNTHETIC_RESEARCH_FIXTURE,OG-SYNTH-0.2,B1-0.2,build_opus_synthetic_programme_v0_2.py@0.2,20260811,True,4951247053c29d9a9c23ccd2b1b65c44ca8b4c3c8908092b4c8f30fd3d72b23c
REF-0101,DEVELOPMENT,PROJECT,SYNTHETIC_RESEARCH_FIXTURE,OG-SYNTH-0.2,B1-0.2,build_opus_synthetic_programme_v0_2.py@0.2,20260811,True,ae916dd1dd9aabd08a28f65caad8ad406193f72809ee64c3eb69fd688451a82a
REF-0102,LOCKED_HOLDOUT,PROJECT,SYNTHETIC_RESEARCH_FIXTURE,OG-SYNTH-0.2,B1-0.2,build_opus_synthetic_programme_v0_2.py@0.2,20260811,True,82f407546ae693d37258eb65291055b251f3ea89d89fe0efa72fa900238bb0b5
REF-0103,LOCKED_HOLDOUT,PROJECT,SYNTHETIC_RESEARCH_FIXTURE,OG-SYNTH-0.2,B1-0.2,build_opus_synthetic_programme_v0_2.py@0.2,20260811,True,72a8cbb89cf39d53e7f41d29dc2890886cdeed1a804963950162187bd7f1a390
REF-0104,LOCKED_HOLDOUT,PROJECT,SYNTHETIC_RESEARCH_FIXTURE,OG-SYNTH-0.2,B1-0.2,build_opus_synthetic_programme_v0_2.py@0.2,20260811,True,6a0f01802df30fe72094a95a194e1f9d7fe99571aa322f6aac66294b85dbc6f8
REF-0105,DEVELOPMENT,PROJECT,SYNTHETIC_RESEARCH_FIXTURE,OG-SYNTH-0.2,B1-0.2,build_opus_synthetic_programme_v0_2.py@0.2,20260811,True,bd41688d81f47785ca8f027472dab24accaecee7cc33e7514917e4d90544e991
REF-0106,VALIDATION,PROJECT,SYNTHETIC_RESEARCH_FIXTURE,OG-SYNTH-0.2,B1-0.2,build_opus_synthetic_programme_v0_2.py@0.2,20260811,True,caedb12c4ff4ec6a38c9e3b2d9739f9da8c4aeb48277b3938255dde39af8bda7
REF-0107,DEVELOPMENT,PROJECT,SYNTHETIC_RESEARCH_FIXTURE,OG-SYNTH-0.2,B1-0.2,build_opus_synthetic_programme_v0_2.py@0.2,20260811,True,4a19431375c602f01bb68fba1dcd119ba7307d998c99753ef33011c2fd2aeedb
REF-0108,DEVELOPMENT,PROJECT,SYNTHETIC_RESEARCH_FIXTURE,OG-SYNTH-0.2,B1-0.2,build_opus_synthetic_programme_v0_2.py@0.2,20260811,True,9a9d3cafa26baa2bda600d2612824a74628663f92a61c908c2cf434a4eee6553
REF-0109,DEVELOPMENT,PROJECT,SYNTHETIC_RESEARCH_FIXTURE,OG-SYNTH-0.2,B1-0.2,build_opus_synthetic_programme_v0_2.py@0.2,20260811,True,818e27de1610271e9ac989ba05ccae4d0dfc76f4718a9218dda3d7cab56dcbc8
REF-0110,DEVELOPMENT,PROJECT,SYNTHETIC_RESEARCH_FIXTURE,OG-SYNTH-0.2,B1-0.2,build_opus_synthetic_programme_v0_2.py@0.2,20260811,True,6c713af62577f42d213f6b4fadabc9f23ba2cd3786958558bca6a8f8fecaf7b8
REF-0111,VALIDATION,PROJECT,SYNTHETIC_RESEARCH_FIXTURE,OG-SYNTH-0.2,B1-0.2,build_opus_synthetic_programme_v0_2.py@0.2,20260811,True,daaa93c385c620a12c89c8299ed428c7d984e6e6f5e3ddc7dac89cf2679599ba
REF-0112,DEVELOPMENT,PROJECT,SYNTHETIC_RESEARCH_FIXTURE,OG-SYNTH-0.2,B1-0.2,build_opus_synthetic_programme_v0_2.py@0.2,20260811,True,a1ccbd5460b3f747b87d9654b1a8f05e15af2292531b948de4ca70d00ca73d3d
REF-0113,DEVELOPMENT,PROJECT,SYNTHETIC_RESEARCH_FIXTURE,OG-SYNTH-0.2,B1-0.2,build_opus_synthetic_programme_v0_2.py@0.2,20260811,True,c748e1b21def5539ccd2193bd5bc4143b58ab2968ac973ec22af1f91efd98093
REF-0114,DEVELOPMENT,PROJECT,SYNTHETIC_RESEARCH_FIXTURE,OG-SYNTH-0.2,B1-0.2,build_opus_synthetic_programme_v0_2.py@0.2,20260811,True,a72c2c5b4de0faacb130f4e5116eee9c8219cab7832e33bf7fbd2274ae4e78b8
REF-0115,LOCKED_HOLDOUT,PROJECT,SYNTHETIC_RESEARCH_FIXTURE,OG-SYNTH-0.2,B1-0.2,build_opus_synthetic_programme_v0_2.py@0.2,20260811,True,1bba0525fc0acd88273e05d809140012df6251a7a584e31aa385c95e2b3a9b88
REF-0116,VALIDATION,PROJECT,SYNTHETIC_RESEARCH_FIXTURE,OG-SYNTH-0.2,B1-0.2,build_opus_synthetic_programme_v0_2.py@0.2,20260811,True,4fbc4be811b649db395a8bc6e4b0eff68373324f5ee53335e2ce158c45f3bd9d
REF-0117,DEVELOPMENT,PROJECT,SYNTHETIC_RESEARCH_FIXTURE,OG-SYNTH-0.2,B1-0.2,build_opus_synthetic_programme_v0_2.py@0.2,20260811,True,0e7319e5293117e4e8d4590323349d12dcc6d5788d46c6a9f49c4b7e116674e4
REF-0118,DEVELOPMENT,PROJECT,SYNTHETIC_RESEARCH_FIXTURE,OG-SYNTH-0.2,B1-0.2,build_opus_synthetic_programme_v0_2.py@0.2,20260811,True,9e92ca17dd73ae644f38b1f2579e5ddedb3e42bfec3fdf120e12a04c7a08d572
REF-0119,DEVELOPMENT,PROJECT,SYNTHETIC_RESEARCH_FIXTURE,OG-SYNTH-0.2,B1-0.2,build_opus_synthetic_programme_v0_2.py@0.2,20260811,True,b296039cb17c25f1772da23e138cc422ca2c39e0bd9ff4087f29210a72fc5720
REF-0120,DEVELOPMENT,PROJECT,SYNTHETIC_RESEARCH_FIXTURE,OG-SYNTH-0.2,B1-0.2,build_opus_synthetic_programme_v0_2.py@0.2,20260811,True,1f00784e0a9a417e8a73d99c1812fbcda46cce9653b8cdf2dc276dbdd4d4193d
REF-0121,DEVELOPMENT,PROJECT,SYNTHETIC_RESEARCH_FIXTURE,OG-SYNTH-0.2,B1-0.2,build_opus_synthetic_programme_v0_2.py@0.2,20260811,True,aa33877f8cb7d9f5cbf1bc8cf861e8115e88872ba28d02c9908e4110a48f797c
REF-0122,DEVELOPMENT,PROJECT,SYNTHETIC_RESEARCH_FIXTURE,OG-SYNTH-0.2,B1-0.2,build_opus_synthetic_programme_v0_2.py@0.2,20260811,True,85bb9dd0cddb9f87040a1530fc14dfafef42cbe4d822d218ceb1455de74ffd9e
REF-0123,DEVELOPMENT,PROJECT,SYNTHETIC_RESEARCH_FIXTURE,OG-SYNTH-0.2,B1-0.2,build_opus_synthetic_programme_v0_2.py@0.2,20260811,True,4edba71797e1b71e5ed7b562f0f01a2775a3d5ca1c64edceed4b1e49cf88e417
REF-0124,DEVELOPMENT,PROJECT,SYNTHETIC_RESEARCH_FIXTURE,OG-SYNTH-0.2,B1-0.2,build_opus_synthetic_programme_v0_2.py@0.2,20260811,True,1b67572fb448ca576a7739f23831b2dd291cdf2928ed6f9caa7d35258e238643
REF-0125,DEVELOPMENT,PROJECT,SYNTHETIC_RESEARCH_FIXTURE,OG-SYNTH-0.2,B1-0.2,build_opus_synthetic_programme_v0_2.py@0.2,20260811,True,de13262715f4362a284ef83672b062f95cdaf29b0479663600041879c9f8ca01
REF-0126,DEVELOPMENT,PROJECT,SYNTHETIC_RESEARCH_FIXTURE,OG-SYNTH-0.2,B1-0.2,build_opus_synthetic_programme_v0_2.py@0.2,20260811,True,4867fea9d185e8f34a1f09c542b601e37fe6d0002884389f0e612bee5f6ae34e
REF-0127,DEVELOPMENT,PROJECT,SYNTHETIC_RESEARCH_FIXTURE,OG-SYNTH-0.2,B1-0.2,build_opus_synthetic_programme_v0_2.py@0.2,20260811,True,cdf20bb94a53017c1ef41b391686dc4f6efc1ad9ee0dc7ecd30003698d1fd279
REF-0128,VALIDATION,PROJECT,SYNTHETIC_RESEARCH_FIXTURE,OG-SYNTH-0.2,B1-0.2,build_opus_synthetic_programme_v0_2.py@0.2,20260811,True,8bed53693cf6e858e5c7b6f77dae842aad6703a67bbe66a705eaf4a41c8950da
REF-0129,LOCKED_HOLDOUT,PROJECT,SYNTHETIC_RESEARCH_FIXTURE,OG-SYNTH-0.2,B1-0.2,build_opus_synthetic_programme_v0_2.py@0.2,20260811,True,2bd07c68f388f3fb1b84e5edd0ce4aa5f0686b4d292956beccef7693e66f3ee0
REF-0130,LOCKED_HOLDOUT,PROJECT,SYNTHETIC_RESEARCH_FIXTURE,OG-SYNTH-0.2,B1-0.2,build_opus_synthetic_programme_v0_2.py@0.2,20260811,True,3a7bf7dc39f723c1a680d3f19d5f7da98103adca09a0e8efbc96cdff5a4e2040
REF-0131,DEVELOPMENT,PROJECT,SYNTHETIC_RESEARCH_FIXTURE,OG-SYNTH-0.2,B1-0.2,build_opus_synthetic_programme_v0_2.py@0.2,20260811,True,c4a73240227a143917d34e55e313640c2dda6e387c4acae361428e026a876921
REF-0132,DEVELOPMENT,PROJECT,SYNTHETIC_RESEARCH_FIXTURE,OG-SYNTH-0.2,B1-0.2,build_opus_synthetic_programme_v0_2.py@0.2,20260811,True,c1bf408cf673aa9e0a53e7ff97779f1d7d6be750b49c72ee0fc8e3041b408bd2
REF-0133,DEVELOPMENT,PROJECT,SYNTHETIC_RESEARCH_FIXTURE,OG-SYNTH-0.2,B1-0.2,build_opus_synthetic_programme_v0_2.py@0.2,20260811,True,146058ecb38f1b0e0b6e04aa056e6ac7afe9ee4981ad3c164183c4262d1fdd28
REF-0134,DEVELOPMENT,PROJECT,SYNTHETIC_RESEARCH_FIXTURE,OG-SYNTH-0.2,B1-0.2,build_opus_synthetic_programme_v0_2.py@0.2,20260811,True,c5d35cd1ab589032b876c32e0d54cd023ef2c3aa725872b2849ed5f742d13e87
REF-0135,DEVELOPMENT,PROJECT,SYNTHETIC_RESEARCH_FIXTURE,OG-SYNTH-0.2,B1-0.2,build_opus_synthetic_programme_v0_2.py@0.2,20260811,True,942074dfa78425b7e926721a15309eccca9bc045afafdf0db799130c1aa4e3a7
REF-0136,DEVELOPMENT,PROJECT,SYNTHETIC_RESEARCH_FIXTURE,OG-SYNTH-0.2,B1-0.2,build_opus_synthetic_programme_v0_2.py@0.2,20260811,True,c2abec9817a32bcb318f744e6a978bcf4becdbe9a4e515e5150dc6dc2558952b
REF-0137,DEVELOPMENT,PROJECT,SYNTHETIC_RESEARCH_FIXTURE,OG-SYNTH-0.2,B1-0.2,build_opus_synthetic_programme_v0_2.py@0.2,20260811,True,8530903777fb43c0054dc1252cf3ae1045c5bde52f5b8e1c35bfd8dcf4215be4
REF-0138,DEVELOPMENT,PROJECT,SYNTHETIC_RESEARCH_FIXTURE,OG-SYNTH-0.2,B1-0.2,build_opus_synthetic_programme_v0_2.py@0.2,20260811,True,7b069b27995cc72c1674e2abd79ef3c4457e27714d1581c38b82b7d99d2d26f8
REF-0139,DEVELOPMENT,PROJECT,SYNTHETIC_RESEARCH_FIXTURE,OG-SYNTH-0.2,B1-0.2,build_opus_synthetic_programme_v0_2.py@0.2,20260811,True,fb71368e1fa95513f017f0e68d4fdbb6a1714745edf2d965e2fe408c271d4c57
REF-0140,DEVELOPMENT,PROJECT,SYNTHETIC_RESEARCH_FIXTURE,OG-SYNTH-0.2,B1-0.2,build_opus_synthetic_programme_v0_2.py@0.2,20260811,True,42604dcdbb5f58ea5d8f7744d542857d830084c04c31f67623daeb29c6f8f141
REF-0141,DEVELOPMENT,PROJECT,SYNTHETIC_RESEARCH_FIXTURE,OG-SYNTH-0.2,B1-0.2,build_opus_synthetic_programme_v0_2.py@0.2,20260811,True,9dcaf7bbe448bdb66f4fa76cca3fd4e878746b771342ab1f98cb11ecb0037d0b
REF-0142,DEVELOPMENT,PROJECT,SYNTHETIC_RESEARCH_FIXTURE,OG-SYNTH-0.2,B1-0.2,build_opus_synthetic_programme_v0_2.py@0.2,20260811,True,471d206157dd4e77ffb6f7b1f9384b46f3746a66769483d513e4f3efcb5b2c5a
REF-0143,DEVELOPMENT,PROJECT,SYNTHETIC_RESEARCH_FIXTURE,OG-SYNTH-0.2,B1-0.2,build_opus_synthetic_programme_v0_2.py@0.2,20260811,True,79c301bcdb88d5ed8d39cac6c02eb7b85cb33626f356560e9d46040ab3232fe3
REF-0144,DEVELOPMENT,PROJECT,SYNTHETIC_RESEARCH_FIXTURE,OG-SYNTH-0.2,B1-0.2,build_opus_synthetic_programme_v0_2.py@0.2,20260811,True,00b135520bc4db56b0203301f651240e6dabbda228b66ffe57b62cc47dd80b53
REF-0145,LOCKED_HOLDOUT,PROJECT,SYNTHETIC_RESEARCH_FIXTURE,OG-SYNTH-0.2,B1-0.2,build_opus_synthetic_programme_v0_2.py@0.2,20260811,True,59ce1e9b8335ae7ad564680467097d9eb656d4cd40b834697e037f1555b414c9
REF-0146,VALIDATION,PROJECT,SYNTHETIC_RESEARCH_FIXTURE,OG-SYNTH-0.2,B1-0.2,build_opus_synthetic_programme_v0_2.py@0.2,20260811,True,d035844841916dc59a67178bc7186634cd06bb150a1af6bf7426ca55a2ed0324
REF-0147,VALIDATION,PROJECT,SYNTHETIC_RESEARCH_FIXTURE,OG-SYNTH-0.2,B1-0.2,build_opus_synthetic_programme_v0_2.py@0.2,20260811,True,cad6a1b54f702dbc187118455645dc5a29c1b55c5f61b06fde20570a22d302c5
REF-0148,VALIDATION,PROJECT,SYNTHETIC_RESEARCH_FIXTURE,OG-SYNTH-0.2,B1-0.2,build_opus_synthetic_programme_v0_2.py@0.2,20260811,True,037d738c2496398e3baa0ab985028b9354868ae2360f86fd471e67ae7139b3cd
REF-0149,LOCKED_HOLDOUT,PROJECT,SYNTHETIC_RESEARCH_FIXTURE,OG-SYNTH-0.2,B1-0.2,build_opus_synthetic_programme_v0_2.py@0.2,20260811,True,c9910539086259362e43ec36a17dbdef50476fc56fa0bfa1676377b35af62ef6
REF-0150,DEVELOPMENT,PROJECT,SYNTHETIC_RESEARCH_FIXTURE,OG-SYNTH-0.2,B1-0.2,build_opus_synthetic_programme_v0_2.py@0.2,20260811,True,7206c5ea8e36240df3225773d9d35eeeb59d47e7ce6c18412aa263d29b272dd5
REF-0151,VALIDATION,PROJECT,SYNTHETIC_RESEARCH_FIXTURE,OG-SYNTH-0.2,B1-0.2,build_opus_synthetic_programme_v0_2.py@0.2,20260811,True,198910c8172bdbfa3f2db74c7115822f14de225372b047558125ee7f62ee1bc1
REF-0152,DEVELOPMENT,PROJECT,SYNTHETIC_RESEARCH_FIXTURE,OG-SYNTH-0.2,B1-0.2,build_opus_synthetic_programme_v0_2.py@0.2,20260811,True,2d00f54981f0c1c6d844f233d2bcef1385a4fe0d9b0e7bebb882999b30bf29a2
REF-0153,DEVELOPMENT,PROJECT,SYNTHETIC_RESEARCH_FIXTURE,OG-SYNTH-0.2,B1-0.2,build_opus_synthetic_programme_v0_2.py@0.2,20260811,True,d8518f232158ba8c4e9fafdfcc734910e08d85b7004351c10713505cb1b6ee61
REF-0154,DEVELOPMENT,PROJECT,SYNTHETIC_RESEARCH_FIXTURE,OG-SYNTH-0.2,B1-0.2,build_opus_synthetic_programme_v0_2.py@0.2,20260811,True,76bb613507fb39816a36f338954426f14345efac8288372dc738d33aecf1c772
REF-0155,LOCKED_HOLDOUT,PROJECT,SYNTHETIC_RESEARCH_FIXTURE,OG-SYNTH-0.2,B1-0.2,build_opus_synthetic_programme_v0_2.py@0.2,20260811,True,0cbe72e5d2a4c25667b48805c0e9119853a46d2bcbedc56cbce8b947b26d1c93
REF-0156,DEVELOPMENT,PROJECT,SYNTHETIC_RESEARCH_FIXTURE,OG-SYNTH-0.2,B1-0.2,build_opus_synthetic_programme_v0_2.py@0.2,20260811,True,f6d98529add8db36fe01ae8b76f9d3f62f61baf710aa96662ccea36be1f9b208
REF-0157,LOCKED_HOLDOUT,PROJECT,SYNTHETIC_RESEARCH_FIXTURE,OG-SYNTH-0.2,B1-0.2,build_opus_synthetic_programme_v0_2.py@0.2,20260811,True,c9ae7fc6b2f7b53f64c6c18b6538172cba3dd1c49c16ff08cd8e73b7ba662305
REF-0158,VALIDATION,PROJECT,SYNTHETIC_RESEARCH_FIXTURE,OG-SYNTH-0.2,B1-0.2,build_opus_synthetic_programme_v0_2.py@0.2,20260811,True,1b25e6383b2d5eeb946d1ddfceac912fe3d9a3220a6a3f113c8cb3c40efe3e2b
REF-0159,DEVELOPMENT,PROJECT,SYNTHETIC_RESEARCH_FIXTURE,OG-SYNTH-0.2,B1-0.2,build_opus_synthetic_programme_v0_2.py@0.2,20260811,True,164e824fac06bd44e149458ec56fadf8e4270b5b73fe58a7a4bea9c3d3a8f2f7
REF-0160,DEVELOPMENT,PROJECT,SYNTHETIC_RESEARCH_FIXTURE,OG-SYNTH-0.2,B1-0.2,build_opus_synthetic_programme_v0_2.py@0.2,20260811,True,2bcf1ea874c005fc5b5dc4f422257231d3a0f87d3e191c7c0df07977ee05149f
REF-0161,DEVELOPMENT,PROJECT,SYNTHETIC_RESEARCH_FIXTURE,OG-SYNTH-0.2,B1-0.2,build_opus_synthetic_programme_v0_2.py@0.2,20260811,True,8bc96cdd06cac4a62541d89163715f049423b6b30b7331d1194bd965c04ac365
REF-0162,DEVELOPMENT,PROJECT,SYNTHETIC_RESEARCH_FIXTURE,OG-SYNTH-0.2,B1-0.2,build_opus_synthetic_programme_v0_2.py@0.2,20260811,True,7c1fe2f68f7359084d66124e0e3a7dfa2abac7a516b77f3a3588d7441eac655b
REF-0163,LOCKED_HOLDOUT,PROJECT,SYNTHETIC_RESEARCH_FIXTURE,OG-SYNTH-0.2,B1-0.2,build_opus_synthetic_programme_v0_2.py@0.2,20260811,True,e034d4678cb07c69d50f5d798313b659fcb463548623c96196502f8eee328a54
REF-0164,DEVELOPMENT,PROJECT,SYNTHETIC_RESEARCH_FIXTURE,OG-SYNTH-0.2,B1-0.2,build_opus_synthetic_programme_v0_2.py@0.2,20260811,True,6ae243ce4eea18096f8543063d4000daf576ce5decc700f96542bcc786f606a8
REF-0165,LOCKED_HOLDOUT,PROJECT,SYNTHETIC_RESEARCH_FIXTURE,OG-SYNTH-0.2,B1-0.2,build_opus_synthetic_programme_v0_2.py@0.2,20260811,True,efa3fd6cb6b318089da11a4bbf78f2f409020fda31b9c4803d062082ae5546c4
REF-0166,DEVELOPMENT,PROJECT,SYNTHETIC_RESEARCH_FIXTURE,OG-SYNTH-0.2,B1-0.2,build_opus_synthetic_programme_v0_2.py@0.2,20260811,True,52a585a4550572589b8014337175f0ed4127b9c8607a00c73da468ac54631b02
REF-0167,VALIDATION,PROJECT,SYNTHETIC_RESEARCH_FIXTURE,OG-SYNTH-0.2,B1-0.2,build_opus_synthetic_programme_v0_2.py@0.2,20260811,True,d8a3d25715cfbd2e6c55ba04b117e558ee8085de7fbdb90940b04605dd87917c
REF-0168,DEVELOPMENT,PROJECT,SYNTHETIC_RESEARCH_FIXTURE,OG-SYNTH-0.2,B1-0.2,build_opus_synthetic_programme_v0_2.py@0.2,20260811,True,4468a5650b7575b184566fb5fbd351222821d93d21bddd15ddf316b24c72ce7f
REF-0169,VALIDATION,PROJECT,SYNTHETIC_RESEARCH_FIXTURE,OG-SYNTH-0.2,B1-0.2,build_opus_synthetic_programme_v0_2.py@0.2,20260811,True,8ee168e0c1f7491c473de468cca8e0612d04bb57e482415f12b8302f6442a8df
REF-0170,DEVELOPMENT,PROJECT,SYNTHETIC_RESEARCH_FIXTURE,OG-SYNTH-0.2,B1-0.2,build_opus_synthetic_programme_v0_2.py@0.2,20260811,True,58291f3bbc87e2ffc974fc2ab25ea0d8bb5ea1d4e765fd63b6a357e20770f733
REF-0171,DEVELOPMENT,PROJECT,SYNTHETIC_RESEARCH_FIXTURE,OG-SYNTH-0.2,B1-0.2,build_opus_synthetic_programme_v0_2.py@0.2,20260811,True,dab97b559f463d68de1c18c86055d6ef3b97ec94d37a2b8519556e7ba410b19b
REF-0172,LOCKED_HOLDOUT,PROJECT,SYNTHETIC_RESEARCH_FIXTURE,OG-SYNTH-0.2,B1-0.2,build_opus_synthetic_programme_v0_2.py@0.2,20260811,True,4f46b41110aa4e8566f9f573117b2f7c35069249f1b7c27995c571698c585052
REF-0173,LOCKED_HOLDOUT,PROJECT,SYNTHETIC_RESEARCH_FIXTURE,OG-SYNTH-0.2,B1-0.2,build_opus_synthetic_programme_v0_2.py@0.2,20260811,True,daef039e3184fc21cca22d4b9db03f2fa68d1ba75061d760aaa461c66393b0a8
REF-0174,DEVELOPMENT,PROJECT,SYNTHETIC_RESEARCH_FIXTURE,OG-SYNTH-0.2,B1-0.2,build_opus_synthetic_programme_v0_2.py@0.2,20260811,True,3e270bfb0b04f2df7b6a222a0c4426562f574ce6795b9aca5c74141275edd222
REF-0175,VALIDATION,PROJECT,SYNTHETIC_RESEARCH_FIXTURE,OG-SYNTH-0.2,B1-0.2,build_opus_synthetic_programme_v0_2.py@0.2,20260811,True,a9fd0c88b74f5e1cd39730604be44b3c025d68d92e19db06d8a041ac641b4591
REF-0176,DEVELOPMENT,PROJECT,SYNTHETIC_RESEARCH_FIXTURE,OG-SYNTH-0.2,B1-0.2,build_opus_synthetic_programme_v0_2.py@0.2,20260811,True,d49c1d6cc1a28403e17031a6d03afb134859f29e7f2c56ffd95bf950c0dfa9f8
REF-0177,LOCKED_HOLDOUT,PROJECT,SYNTHETIC_RESEARCH_FIXTURE,OG-SYNTH-0.2,B1-0.2,build_opus_synthetic_programme_v0_2.py@0.2,20260811,True,edebc7f7c96632f7b2dbe1818833721260f39e91b2fb95cb415926e013241bc2
REF-0178,DEVELOPMENT,PROJECT,SYNTHETIC_RESEARCH_FIXTURE,OG-SYNTH-0.2,B1-0.2,build_opus_synthetic_programme_v0_2.py@0.2,20260811,True,5b81daee49444a1897047dd78d7882f68ffc892286c63e17754e868f33f95558
REF-0179,DEVELOPMENT,PROJECT,SYNTHETIC_RESEARCH_FIXTURE,OG-SYNTH-0.2,B1-0.2,build_opus_synthetic_programme_v0_2.py@0.2,20260811,True,c10a14ba020edbacb0b11d9c03992962339de9f67dae00fe2ddea5355e6e7e99
REF-0180,VALIDATION,PROJECT,SYNTHETIC_RESEARCH_FIXTURE,OG-SYNTH-0.2,B1-0.2,build_opus_synthetic_programme_v0_2.py@0.2,20260811,True,874e6d332a141d91f86075d97bf527de03bb760a5f3f766d88340487c7795daf
REF-0181,DEVELOPMENT,PROJECT,SYNTHETIC_RESEARCH_FIXTURE,OG-SYNTH-0.2,B1-0.2,build_opus_synthetic_programme_v0_2.py@0.2,20260811,True,fb2ea1d7c56735d8672a6125e4efde3d0200a9c11537a81f2b864ad6681d1bcf
REF-0182,VALIDATION,PROJECT,SYNTHETIC_RESEARCH_FIXTURE,OG-SYNTH-0.2,B1-0.2,build_opus_synthetic_programme_v0_2.py@0.2,20260811,True,78b0c674d0440062a34cdd2ba079e34a5f08a289dcb96c67618d11b2ad3ac958
REF-0183,DEVELOPMENT,PROJECT,SYNTHETIC_RESEARCH_FIXTURE,OG-SYNTH-0.2,B1-0.2,build_opus_synthetic_programme_v0_2.py@0.2,20260811,True,595b229c66dee2aeead725db7ed04f522dd91f3e444537db23a3ed01688bb81b
REF-0184,VALIDATION,PROJECT,SYNTHETIC_RESEARCH_FIXTURE,OG-SYNTH-0.2,B1-0.2,build_opus_synthetic_programme_v0_2.py@0.2,20260811,True,00f683b30b966d4672716990de48346230cdf37fd5bca16112bf0731d6f06c10
REF-0185,LOCKED_HOLDOUT,PROJECT,SYNTHETIC_RESEARCH_FIXTURE,OG-SYNTH-0.2,B1-0.2,build_opus_synthetic_programme_v0_2.py@0.2,20260811,True,4a64a91e66dde953b91c37f0907e6811828af5e52d205343b0dadca479592ccd
REF-0186,DEVELOPMENT,PROJECT,SYNTHETIC_RESEARCH_FIXTURE,OG-SYNTH-0.2,B1-0.2,build_opus_synthetic_programme_v0_2.py@0.2,20260811,True,0ca543bca637e4b42e8d3cc181837a2d81544f537fe4ee3c8ed7c4a133eaee95
REF-0187,DEVELOPMENT,PROJECT,SYNTHETIC_RESEARCH_FIXTURE,OG-SYNTH-0.2,B1-0.2,build_opus_synthetic_programme_v0_2.py@0.2,20260811,True,dff841128ecbe49e6c7cfa49b9ef4da1833dfcbc0f8f4342688b187b1c81bcca
REF-0188,LOCKED_HOLDOUT,PROJECT,SYNTHETIC_RESEARCH_FIXTURE,OG-SYNTH-0.2,B1-0.2,build_opus_synthetic_programme_v0_2.py@0.2,20260811,True,0dc27148049da1097b5be1d048fface325cd739b8fffb5f02cf8b5713f5607b1
REF-0189,LOCKED_HOLDOUT,PROJECT,SYNTHETIC_RESEARCH_FIXTURE,OG-SYNTH-0.2,B1-0.2,build_opus_synthetic_programme_v0_2.py@0.2,20260811,True,53581d073c2172bc63cbc373a27b9dd7f7bdf2bc996766b5c84ac70b3f4a9cb7
REF-0190,LOCKED_HOLDOUT,PROJECT,SYNTHETIC_RESEARCH_FIXTURE,OG-SYNTH-0.2,B1-0.2,build_opus_synthetic_programme_v0_2.py@0.2,20260811,True,9ea32027395ce9410160c1db2a805c22ee7fbb53accfff2b45132fbb1d5e1cd0
REF-0191,DEVELOPMENT,PROJECT,SYNTHETIC_RESEARCH_FIXTURE,OG-SYNTH-0.2,B1-0.2,build_opus_synthetic_programme_v0_2.py@0.2,20260811,True,6f4df80a42e2f606a5ad9408c0f729e8d38dd82bffb6e86d00c429d4faaafa39
REF-0192,VALIDATION,PROJECT,SYNTHETIC_RESEARCH_FIXTURE,OG-SYNTH-0.2,B1-0.2,build_opus_synthetic_programme_v0_2.py@0.2,20260811,True,c7d9ec20caad97cf76c8aa2c911bdf79a60a3eb9b96076a700385378e5171837
REF-0193,DEVELOPMENT,PROJECT,SYNTHETIC_RESEARCH_FIXTURE,OG-SYNTH-0.2,B1-0.2,build_opus_synthetic_programme_v0_2.py@0.2,20260811,True,582625b0afd43ddabb5303bd460d7621cbc3a35d01604b546aa5e70b7475d924
REF-0194,LOCKED_HOLDOUT,PROJECT,SYNTHETIC_RESEARCH_FIXTURE,OG-SYNTH-0.2,B1-0.2,build_opus_synthetic_programme_v0_2.py@0.2,20260811,True,84ac9c957fa45015b34dd14c3cb08a6010fd1117f8146138e928f728de676deb
REF-0195,DEVELOPMENT,PROJECT,SYNTHETIC_RESEARCH_FIXTURE,OG-SYNTH-0.2,B1-0.2,build_opus_synthetic_programme_v0_2.py@0.2,20260811,True,bf1a2724dacf80995ad8b76716435e40630bc78ce30d79e7d5a954e602e3ac16
REF-0196,DEVELOPMENT,PROJECT,SYNTHETIC_RESEARCH_FIXTURE,OG-SYNTH-0.2,B1-0.2,build_opus_synthetic_programme_v0_2.py@0.2,20260811,True,3acfb4ae5cd21e860f66f1966265fdd42f471172abcdf4c9afa9038a200e5802
REF-0197,DEVELOPMENT,PROJECT,SYNTHETIC_RESEARCH_FIXTURE,OG-SYNTH-0.2,B1-0.2,build_opus_synthetic_programme_v0_2.py@0.2,20260811,True,462b5a5fb857917d13bf22731fb6ce4261210513dc17d2f94c74790c6a7daf53
REF-0198,DEVELOPMENT,PROJECT,SYNTHETIC_RESEARCH_FIXTURE,OG-SYNTH-0.2,B1-0.2,build_opus_synthetic_programme_v0_2.py@0.2,20260811,True,cd8c0406c76cbec2bb7204a0709f6d8066d7a2907c421f35f7932304d6914c19
REF-0199,DEVELOPMENT,PROJECT,SYNTHETIC_RESEARCH_FIXTURE,OG-SYNTH-0.2,B1-0.2,build_opus_synthetic_programme_v0_2.py@0.2,20260811,True,b543b0ff217180166c746aa8897e884ec3f1d836c1a0c09b62caa17254829675
REF-0200,DEVELOPMENT,PROJECT,SYNTHETIC_RESEARCH_FIXTURE,OG-SYNTH-0.2,B1-0.2,build_opus_synthetic_programme_v0_2.py@0.2,20260811,True,77e5255bc0ee2070ac47616e719fd18c65f5ca4f99142630ee81edbe43ce326d
REF-0201,DEVELOPMENT,PROJECT,SYNTHETIC_RESEARCH_FIXTURE,OG-SYNTH-0.2,B1-0.2,build_opus_synthetic_programme_v0_2.py@0.2,20260811,True,e7d9d3bc2eab6ab1e3806809a44505f124386997fdb4a88b8f66c3cc8c5a42e3
REF-0202,LOCKED_HOLDOUT,PROJECT,SYNTHETIC_RESEARCH_FIXTURE,OG-SYNTH-0.2,B1-0.2,build_opus_synthetic_programme_v0_2.py@0.2,20260811,True,bff9a2b5e8955bcf8a1d8405e0bf604eb50fd69e61c85786f9a54718e664ed9a
REF-0203,DEVELOPMENT,PROJECT,SYNTHETIC_RESEARCH_FIXTURE,OG-SYNTH-0.2,B1-0.2,build_opus_synthetic_programme_v0_2.py@0.2,20260811,True,51f0334d8507f336a49fd5c1ca0a5735b8d92a2f8223baede041c1a2800da858
REF-0204,DEVELOPMENT,PROJECT,SYNTHETIC_RESEARCH_FIXTURE,OG-SYNTH-0.2,B1-0.2,build_opus_synthetic_programme_v0_2.py@0.2,20260811,True,1ae7c51f3c0e0c72b584a8143808e484b92aea0ec4759406321ad205cfa8da09
REF-0205,VALIDATION,PROJECT,SYNTHETIC_RESEARCH_FIXTURE,OG-SYNTH-0.2,B1-0.2,build_opus_synthetic_programme_v0_2.py@0.2,20260811,True,fe3c7f0037ae4499909cd39c8f49fdc1117acd4d7c554bac0ad7f8c256e0f18a
REF-0206,DEVELOPMENT,PROJECT,SYNTHETIC_RESEARCH_FIXTURE,OG-SYNTH-0.2,B1-0.2,build_opus_synthetic_programme_v0_2.py@0.2,20260811,True,fbbb2cd0bddfb49050d2ad796333ef2091ed17b82d76b0669663c3e2d6ecd998
REF-0207,DEVELOPMENT,PROJECT,SYNTHETIC_RESEARCH_FIXTURE,OG-SYNTH-0.2,B1-0.2,build_opus_synthetic_programme_v0_2.py@0.2,20260811,True,1c0ab030857a3a143c83f7172c7aba3a2f51d7e911dfd4328d43274bb4b02a29
REF-0208,DEVELOPMENT,PROJECT,SYNTHETIC_RESEARCH_FIXTURE,OG-SYNTH-0.2,B1-0.2,build_opus_synthetic_programme_v0_2.py@0.2,20260811,True,08bec4ea6e8300de26c167e85832d75337510875a8fa4e8efb2d727abc12d562
REF-0209,LOCKED_HOLDOUT,PROJECT,SYNTHETIC_RESEARCH_FIXTURE,OG-SYNTH-0.2,B1-0.2,build_opus_synthetic_programme_v0_2.py@0.2,20260811,True,1a89eb753ffb59060baebec77ee4712cebbe8e7cd8ea58ee5e36705471601130
REF-0210,VALIDATION,PROJECT,SYNTHETIC_RESEARCH_FIXTURE,OG-SYNTH-0.2,B1-0.2,build_opus_synthetic_programme_v0_2.py@0.2,20260811,True,8fc6e154d715e93de33948cf6f9a85debcc4fc9c87163eedb5254e07427cb744
REF-0211,DEVELOPMENT,PROJECT,SYNTHETIC_RESEARCH_FIXTURE,OG-SYNTH-0.2,B1-0.2,build_opus_synthetic_programme_v0_2.py@0.2,20260811,True,53733d65205f66e79f02f43e6aa46130e8e43893e2df0c833df61b5e36233605
REF-0212,VALIDATION,PROJECT,SYNTHETIC_RESEARCH_FIXTURE,OG-SYNTH-0.2,B1-0.2,build_opus_synthetic_programme_v0_2.py@0.2,20260811,True,f1a975750fe116c35bcccc2fc76737bcad2529ebc353ad5da0464419bb97fe69
REF-0213,LOCKED_HOLDOUT,PROJECT,SYNTHETIC_RESEARCH_FIXTURE,OG-SYNTH-0.2,B1-0.2,build_opus_synthetic_programme_v0_2.py@0.2,20260811,True,a7886e1f76fb4671276df3f59ddbb4caa13f1e8044985990a735a462c5e48443
REF-0214,VALIDATION,PROJECT,SYNTHETIC_RESEARCH_FIXTURE,OG-SYNTH-0.2,B1-0.2,build_opus_synthetic_programme_v0_2.py@0.2,20260811,True,f3bc134fd0d15b7354de2774d5f9661f1925a929d9fc1ac65663a94f7f7af4c8
REF-0215,VALIDATION,PROJECT,SYNTHETIC_RESEARCH_FIXTURE,OG-SYNTH-0.2,B1-0.2,build_opus_synthetic_programme_v0_2.py@0.2,20260811,True,fb2e53c19d2b31f7c58596181a26974bedee2ce2e23ac76a8962c5140d9ff3c9
REF-0216,DEVELOPMENT,PROJECT,SYNTHETIC_RESEARCH_FIXTURE,OG-SYNTH-0.2,B1-0.2,build_opus_synthetic_programme_v0_2.py@0.2,20260811,True,c5b3ff2732ac7a8a6a33ee53ee71b96ac000e47fec7cb3b6cf2927edc80295f6
REF-0217,LOCKED_HOLDOUT,PROJECT,SYNTHETIC_RESEARCH_FIXTURE,OG-SYNTH-0.2,B1-0.2,build_opus_synthetic_programme_v0_2.py@0.2,20260811,True,41897a7c96d48ce72a233c7035b10a5fa81c6cd9c9c9d28b6f9e85c2b38ad049
REF-0218,DEVELOPMENT,PROJECT,SYNTHETIC_RESEARCH_FIXTURE,OG-SYNTH-0.2,B1-0.2,build_opus_synthetic_programme_v0_2.py@0.2,20260811,True,f7b5e0edcce4ed011d3687f105feb5f03f0d43a4a7f45170302e7fd13a14f98c
REF-0219,DEVELOPMENT,PROJECT,SYNTHETIC_RESEARCH_FIXTURE,OG-SYNTH-0.2,B1-0.2,build_opus_synthetic_programme_v0_2.py@0.2,20260811,True,c3792b0aeabdd8fbc2a8ac451ce48c80d4d08185d052726b07ad564d3fdd6b08
REF-0220,DEVELOPMENT,PROJECT,SYNTHETIC_RESEARCH_FIXTURE,OG-SYNTH-0.2,B1-0.2,build_opus_synthetic_programme_v0_2.py@0.2,20260811,True,ffb7685c1c69eee1367ee5c08958b3cbbe69bf1217521660495b88e95a92908b
REF-0221,VALIDATION,PROJECT,SYNTHETIC_RESEARCH_FIXTURE,OG-SYNTH-0.2,B1-0.2,build_opus_synthetic_programme_v0_2.py@0.2,20260811,True,4803807e44cefd949ce0e887670e4b5353002b31874edcaa9ce9e9ebc9deb482
REF-0222,VALIDATION,PROJECT,SYNTHETIC_RESEARCH_FIXTURE,OG-SYNTH-0.2,B1-0.2,build_opus_synthetic_programme_v0_2.py@0.2,20260811,True,15dfb95ba1442fb7e50376e68228e05faf48e89a822db1d323a221b53eb2e8d8
REF-0223,DEVELOPMENT,PROJECT,SYNTHETIC_RESEARCH_FIXTURE,OG-SYNTH-0.2,B1-0.2,build_opus_synthetic_programme_v0_2.py@0.2,20260811,True,6b2079929984b10e0272896d69d7a7aa86d86bdcbd301f23a47500c08ef1b56c
REF-0224,DEVELOPMENT,PROJECT,SYNTHETIC_RESEARCH_FIXTURE,OG-SYNTH-0.2,B1-0.2,build_opus_synthetic_programme_v0_2.py@0.2,20260811,True,158e214d6d54ce9d7820f6aac2f26769d87210cc005883930bba0973a13c3a3e
REF-0225,DEVELOPMENT,PROJECT,SYNTHETIC_RESEARCH_FIXTURE,OG-SYNTH-0.2,B1-0.2,build_opus_synthetic_programme_v0_2.py@0.2,20260811,True,621fb281d8957ed5c9673ce71510d8c7e1722c6bafdb0b73e26dc6d9598925be
REF-0226,LOCKED_HOLDOUT,PROJECT,SYNTHETIC_RESEARCH_FIXTURE,OG-SYNTH-0.2,B1-0.2,build_opus_synthetic_programme_v0_2.py@0.2,20260811,True,f25195d5559ee4ae9f9d6e4099b62c1f991db11fea7def80d8e86d6657a98b70
REF-0227,DEVELOPMENT,PROJECT,SYNTHETIC_RESEARCH_FIXTURE,OG-SYNTH-0.2,B1-0.2,build_opus_synthetic_programme_v0_2.py@0.2,20260811,True,839e9d1aee61861f57257a07003c107da70510b36bf3ad56dadd5acd5ba1cc75
REF-0228,LOCKED_HOLDOUT,PROJECT,SYNTHETIC_RESEARCH_FIXTURE,OG-SYNTH-0.2,B1-0.2,build_opus_synthetic_programme_v0_2.py@0.2,20260811,True,9ea8294dc0c92246f822f0ad46c82441487441ad41e85bcb9ce9d61513ecc497
REF-0229,LOCKED_HOLDOUT,PROJECT,SYNTHETIC_RESEARCH_FIXTURE,OG-SYNTH-0.2,B1-0.2,build_opus_synthetic_programme_v0_2.py@0.2,20260811,True,5e7bd50f8a6c13fd1b19b2ee49891fb18666e5b67992602e95e9116dc50273f1
REF-0230,VALIDATION,PROJECT,SYNTHETIC_RESEARCH_FIXTURE,OG-SYNTH-0.2,B1-0.2,build_opus_synthetic_programme_v0_2.py@0.2,20260811,True,8034a9e3d406d10a2505a9b1f9bf7a8d809b64cf7def65ad1b1d01d241aa7b00
REF-0231,DEVELOPMENT,PROJECT,SYNTHETIC_RESEARCH_FIXTURE,OG-SYNTH-0.2,B1-0.2,build_opus_synthetic_programme_v0_2.py@0.2,20260811,True,bdfae2fcf140165b4228c689f25580019b517521bf0630d60fefd8b03741bbd7
REF-0232,DEVELOPMENT,PROJECT,SYNTHETIC_RESEARCH_FIXTURE,OG-SYNTH-0.2,B1-0.2,build_opus_synthetic_programme_v0_2.py@0.2,20260811,True,48706e2aaab4832165120b832c74309f25236501cbd623cedf2878e456ee11b1
REF-0233,DEVELOPMENT,PROJECT,SYNTHETIC_RESEARCH_FIXTURE,OG-SYNTH-0.2,B1-0.2,build_opus_synthetic_programme_v0_2.py@0.2,20260811,True,d13f994750829790c0d0d6236a56e747727ef33d7698e2bc1d4b1a12b6d7fb93
REF-0234,DEVELOPMENT,PROJECT,SYNTHETIC_RESEARCH_FIXTURE,OG-SYNTH-0.2,B1-0.2,build_opus_synthetic_programme_v0_2.py@0.2,20260811,True,37d0c1c5209e9dc37ab8df74d657b437923da7aaeea05c2e7bc21429fab438a3
REF-0235,DEVELOPMENT,PROJECT,SYNTHETIC_RESEARCH_FIXTURE,OG-SYNTH-0.2,B1-0.2,build_opus_synthetic_programme_v0_2.py@0.2,20260811,True,4472678572b92d2ea293c50bee107e6d921d2e22472dd6684cb257339ac1bfae
REF-0236,DEVELOPMENT,PROJECT,SYNTHETIC_RESEARCH_FIXTURE,OG-SYNTH-0.2,B1-0.2,build_opus_synthetic_programme_v0_2.py@0.2,20260811,True,837da88d5cceb79267f046b36bbe31726692eddd217f71af40ddcaef9b3c8e99
REF-0237,VALIDATION,PROJECT,SYNTHETIC_RESEARCH_FIXTURE,OG-SYNTH-0.2,B1-0.2,build_opus_synthetic_programme_v0_2.py@0.2,20260811,True,43a9bdce8f223a08c82884bdfcb06b2a0af80e405551f2faf511983728814ecf
REF-0238,DEVELOPMENT,PROJECT,SYNTHETIC_RESEARCH_FIXTURE,OG-SYNTH-0.2,B1-0.2,build_opus_synthetic_programme_v0_2.py@0.2,20260811,True,25e7aabd9c3d976eebb42ded76c6b7adb9eb1ce6a5ffdb46c5ac8b0371ac40ac
REF-0239,DEVELOPMENT,PROJECT,SYNTHETIC_RESEARCH_FIXTURE,OG-SYNTH-0.2,B1-0.2,build_opus_synthetic_programme_v0_2.py@0.2,20260811,True,4e57d9031f086ad3c8d7d45997d1c1eefe52996bd02f7d36e8562d6eea697a07
REF-0240,LOCKED_HOLDOUT,PROJECT,SYNTHETIC_RESEARCH_FIXTURE,OG-SYNTH-0.2,B1-0.2,build_opus_synthetic_programme_v0_2.py@0.2,20260811,True,f621e01464f09344d0ba455805d95bd50f69eb39ee41829d9cc4283619b99d81
REF-0241,LOCKED_HOLDOUT,PROJECT,SYNTHETIC_RESEARCH_FIXTURE,OG-SYNTH-0.2,B1-0.2,build_opus_synthetic_programme_v0_2.py@0.2,20260811,True,9adaddd05ebc15574491c6c76717a8e1fd45fcc6d264caad01cb9e9fcf4a307d
REF-0242,DEVELOPMENT,PROJECT,SYNTHETIC_RESEARCH_FIXTURE,OG-SYNTH-0.2,B1-0.2,build_opus_synthetic_programme_v0_2.py@0.2,20260811,True,a2d5913d91b0e3defc830abf11b6d02ee901d3311727d9e2751483847d0cdf17
REF-0243,DEVELOPMENT,PROJECT,SYNTHETIC_RESEARCH_FIXTURE,OG-SYNTH-0.2,B1-0.2,build_opus_synthetic_programme_v0_2.py@0.2,20260811,True,4b2c57175d8f886817477f1b8f56b00b7e01e4e9394d54870b970c1c1b2ca251
REF-0244,DEVELOPMENT,PROJECT,SYNTHETIC_RESEARCH_FIXTURE,OG-SYNTH-0.2,B1-0.2,build_opus_synthetic_programme_v0_2.py@0.2,20260811,True,095530cb9a3c13635be4757a5e073f01cfa49ddb306c24c8a641081927e5df7d
REF-0245,DEVELOPMENT,PROJECT,SYNTHETIC_RESEARCH_FIXTURE,OG-SYNTH-0.2,B1-0.2,build_opus_synthetic_programme_v0_2.py@0.2,20260811,True,107299f4e030b537f50226c0c39e96fcfac7061e2f6920207c244f00e511e82e
REF-0246,VALIDATION,PROJECT,SYNTHETIC_RESEARCH_FIXTURE,OG-SYNTH-0.2,B1-0.2,build_opus_synthetic_programme_v0_2.py@0.2,20260811,True,fc92c3e9803ec6c51406754d7983d1e562f1d9b587e1b15ff9e1743c956dfc08
REF-0247,DEVELOPMENT,PROJECT,SYNTHETIC_RESEARCH_FIXTURE,OG-SYNTH-0.2,B1-0.2,build_opus_synthetic_programme_v0_2.py@0.2,20260811,True,b028e50fa8e1eef59b6620d350aa0bf4b96d506d392c08f5671cd61ee997b714
REF-0248,VALIDATION,PROJECT,SYNTHETIC_RESEARCH_FIXTURE,OG-SYNTH-0.2,B1-0.2,build_opus_synthetic_programme_v0_2.py@0.2,20260811,True,f8689566c49b1a093ecc520f92f7509ac78523db653cccb9d7bcca73181e9011
REF-0249,DEVELOPMENT,PROJECT,SYNTHETIC_RESEARCH_FIXTURE,OG-SYNTH-0.2,B1-0.2,build_opus_synthetic_programme_v0_2.py@0.2,20260811,True,3dbe8c37ccf66a24f620ff34ebcef510fd0b5a39a4f861168230a4e633a772c6
REF-0250,LOCKED_HOLDOUT,PROJECT,SYNTHETIC_RESEARCH_FIXTURE,OG-SYNTH-0.2,B1-0.2,build_opus_synthetic_programme_v0_2.py@0.2,20260811,True,39652aeaa33c922f9350d1bb5df5e9503706ddbc9f3b0ac98152dd3cd3110a80
REF-0251,LOCKED_HOLDOUT,PROJECT,SYNTHETIC_RESEARCH_FIXTURE,OG-SYNTH-0.2,B1-0.2,build_opus_synthetic_programme_v0_2.py@0.2,20260811,True,0cb99f0cd7634e71e600daa6f51c02fbc7c4420c51a80e371020f44dec059017
REF-0252,DEVELOPMENT,PROJECT,SYNTHETIC_RESEARCH_FIXTURE,OG-SYNTH-0.2,B1-0.2,build_opus_synthetic_programme_v0_2.py@0.2,20260811,True,1e74023b2313875866fd2f7283ff7ecb12d8742e5ed753fd70d4749bbd5096e6
REF-0253,VALIDATION,PROJECT,SYNTHETIC_RESEARCH_FIXTURE,OG-SYNTH-0.2,B1-0.2,build_opus_synthetic_programme_v0_2.py@0.2,20260811,True,5ae2365e808054413f642957fcc7d664e00046a18eea3d11b5df9720e348431d
REF-0254,DEVELOPMENT,PROJECT,SYNTHETIC_RESEARCH_FIXTURE,OG-SYNTH-0.2,B1-0.2,build_opus_synthetic_programme_v0_2.py@0.2,20260811,True,3a1f5cb8837980dd7ed956d0f86407b71e9185fa3a00bb2633ca287526167779
REF-0255,DEVELOPMENT,PROJECT,SYNTHETIC_RESEARCH_FIXTURE,OG-SYNTH-0.2,B1-0.2,build_opus_synthetic_programme_v0_2.py@0.2,20260811,True,283c79e3a18ef3b2fb0568708b3ed05de183908f14865c3ec3c77768d507f926
REF-0256,VALIDATION,PROJECT,SYNTHETIC_RESEARCH_FIXTURE,OG-SYNTH-0.2,B1-0.2,build_opus_synthetic_programme_v0_2.py@0.2,20260811,True,a2aeb21e3e8ea2ae2b8027e7c9d26876f222d9451ab73e2f0779a676e996b54c
REF-0257,VALIDATION,PROJECT,SYNTHETIC_RESEARCH_FIXTURE,OG-SYNTH-0.2,B1-0.2,build_opus_synthetic_programme_v0_2.py@0.2,20260811,True,7cb81b4b505201e7b4756b337786efb8414582a03c1adae82ef33950ff9dde72
REF-0258,DEVELOPMENT,PROJECT,SYNTHETIC_RESEARCH_FIXTURE,OG-SYNTH-0.2,B1-0.2,build_opus_synthetic_programme_v0_2.py@0.2,20260811,True,f95a024e64214d69f9837d265ca3851bdc73735cfbf28506cba5a76144685639
REF-0259,LOCKED_HOLDOUT,PROJECT,SYNTHETIC_RESEARCH_FIXTURE,OG-SYNTH-0.2,B1-0.2,build_opus_synthetic_programme_v0_2.py@0.2,20260811,True,2d5d0734f1aa8b00877dd852e1a6d694cadb8bfc51148be640a4f86d51d4b86c
REF-0260,LOCKED_HOLDOUT,PROJECT,SYNTHETIC_RESEARCH_FIXTURE,OG-SYNTH-0.2,B1-0.2,build_opus_synthetic_programme_v0_2.py@0.2,20260811,True,5db123b6fa1285d216c805be6fa21e96d45510bd1410d99f01e8abf485cee385
REF-0261,DEVELOPMENT,PROJECT,SYNTHETIC_RESEARCH_FIXTURE,OG-SYNTH-0.2,B1-0.2,build_opus_synthetic_programme_v0_2.py@0.2,20260811,True,b3ee3b4165eb32bf79ae361886e0acbf54e1cbc4dde349a82c3880795d20d6e3
REF-0262,LOCKED_HOLDOUT,PROJECT,SYNTHETIC_RESEARCH_FIXTURE,OG-SYNTH-0.2,B1-0.2,build_opus_synthetic_programme_v0_2.py@0.2,20260811,True,89b2af11016e461cd1790e48c7adb09ffcbf7b9e8bd1d1ab1688e00c22766e58
REF-0263,DEVELOPMENT,PROJECT,SYNTHETIC_RESEARCH_FIXTURE,OG-SYNTH-0.2,B1-0.2,build_opus_synthetic_programme_v0_2.py@0.2,20260811,True,411234d1a00a1c6e1b9d93d5f1c02359562adde8ceb5bcc1079f19ed535f98ef
REF-0264,VALIDATION,PROJECT,SYNTHETIC_RESEARCH_FIXTURE,OG-SYNTH-0.2,B1-0.2,build_opus_synthetic_programme_v0_2.py@0.2,20260811,True,40dff0a26ac6f0015cd178ebf08f00ccf5536f0dbedff42b9b0fe31b6332fc31
REF-0265,DEVELOPMENT,PROJECT,SYNTHETIC_RESEARCH_FIXTURE,OG-SYNTH-0.2,B1-0.2,build_opus_synthetic_programme_v0_2.py@0.2,20260811,True,84218e088b2e50ab5c20b9a70fe748202641f4fb17afff64f41ca020668e8687
REF-0266,VALIDATION,PROJECT,SYNTHETIC_RESEARCH_FIXTURE,OG-SYNTH-0.2,B1-0.2,build_opus_synthetic_programme_v0_2.py@0.2,20260811,True,3acae724e3ef4c29afb719b671caecb47eb45dde0808a4d998cd298c79b624fe
REF-0267,DEVELOPMENT,PROJECT,SYNTHETIC_RESEARCH_FIXTURE,OG-SYNTH-0.2,B1-0.2,build_opus_synthetic_programme_v0_2.py@0.2,20260811,True,e730d157e8749acc1f17f7b51efdd567f36786d0d86df41725aec22e984b3f4e
REF-0268,DEVELOPMENT,PROJECT,SYNTHETIC_RESEARCH_FIXTURE,OG-SYNTH-0.2,B1-0.2,build_opus_synthetic_programme_v0_2.py@0.2,20260811,True,dde5265b7fb8be66923bad2dbae8211eebb096d48247f594c1cd234996e9e7dc
REF-0269,VALIDATION,PROJECT,SYNTHETIC_RESEARCH_FIXTURE,OG-SYNTH-0.2,B1-0.2,build_opus_synthetic_programme_v0_2.py@0.2,20260811,True,8d00d7d4750fda55b1fa2e7db1f314e028a9888ff4cd79949fc0a370ab1749bd
REF-0270,DEVELOPMENT,PROJECT,SYNTHETIC_RESEARCH_FIXTURE,OG-SYNTH-0.2,B1-0.2,build_opus_synthetic_programme_v0_2.py@0.2,20260811,True,82230c6b6d55c050c893fe751d79fad2e807d2d0d03a69b3506e63b36272756b
REF-0271,LOCKED_HOLDOUT,PROJECT,SYNTHETIC_RESEARCH_FIXTURE,OG-SYNTH-0.2,B1-0.2,build_opus_synthetic_programme_v0_2.py@0.2,20260811,True,0c76d41d98d1a1392ebe6881158acd304551f10ed7dcb6cd31377ec6e0e675d8
REF-0272,VALIDATION,PROJECT,SYNTHETIC_RESEARCH_FIXTURE,OG-SYNTH-0.2,B1-0.2,build_opus_synthetic_programme_v0_2.py@0.2,20260811,True,f50d0c64ad537deead6c0a12e919fb46b1530bedcbe0d2d1f66fa8e0db7fb5b8
REF-0273,LOCKED_HOLDOUT,PROJECT,SYNTHETIC_RESEARCH_FIXTURE,OG-SYNTH-0.2,B1-0.2,build_opus_synthetic_programme_v0_2.py@0.2,20260811,True,e33b58e829f3065c9bbf950c69d1a91f5cbd9fb8bdcc9adbb69079d4e5724387
REF-0274,VALIDATION,PROJECT,SYNTHETIC_RESEARCH_FIXTURE,OG-SYNTH-0.2,B1-0.2,build_opus_synthetic_programme_v0_2.py@0.2,20260811,True,88a83fc063a8d3e8ba1dccd4150a759d087fe961c6d9829e33b20d31c4bafc7f
REF-0275,LOCKED_HOLDOUT,PROJECT,SYNTHETIC_RESEARCH_FIXTURE,OG-SYNTH-0.2,B1-0.2,build_opus_synthetic_programme_v0_2.py@0.2,20260811,True,42cb0f4d86d85ce1baf5caa3670c827c58274b4051558e648d802d2326504a07
REF-0276,DEVELOPMENT,PROJECT,SYNTHETIC_RESEARCH_FIXTURE,OG-SYNTH-0.2,B1-0.2,build_opus_synthetic_programme_v0_2.py@0.2,20260811,True,e7327c74ac44d262e1601624db27cc98808344e46ac9fb7cd268012335f2a2ab
REF-0277,DEVELOPMENT,PROJECT,SYNTHETIC_RESEARCH_FIXTURE,OG-SYNTH-0.2,B1-0.2,build_opus_synthetic_programme_v0_2.py@0.2,20260811,True,f23fe55c19b57ffd9a2204c7549940fce4851de358e2e34dfe2b062216fe0276
REF-0278,DEVELOPMENT,PROJECT,SYNTHETIC_RESEARCH_FIXTURE,OG-SYNTH-0.2,B1-0.2,build_opus_synthetic_programme_v0_2.py@0.2,20260811,True,98531b80b3934a173f47422fe8f5993e93e5367114a94a196531b7e9293c5433
REF-0279,DEVELOPMENT,PROJECT,SYNTHETIC_RESEARCH_FIXTURE,OG-SYNTH-0.2,B1-0.2,build_opus_synthetic_programme_v0_2.py@0.2,20260811,True,c93dd016462d2007f143e696f47a863d302110aaece228675d5c5e5885745372
REF-0280,DEVELOPMENT,PROJECT,SYNTHETIC_RESEARCH_FIXTURE,OG-SYNTH-0.2,B1-0.2,build_opus_synthetic_programme_v0_2.py@0.2,20260811,True,91ea95665753f2e3a19120b5e8e66e815370f592ce84ca7ea20ad98e86e2423f
REF-0281,VALIDATION,PROJECT,SYNTHETIC_RESEARCH_FIXTURE,OG-SYNTH-0.2,B1-0.2,build_opus_synthetic_programme_v0_2.py@0.2,20260811,True,ccf5e4a2f68fc6111c6bebd6d3ede867b5207e97eb5a487011ed01627b10f0a0
REF-0282,DEVELOPMENT,PROJECT,SYNTHETIC_RESEARCH_FIXTURE,OG-SYNTH-0.2,B1-0.2,build_opus_synthetic_programme_v0_2.py@0.2,20260811,True,35b7286f08d34d953e38732a4c16aeeded5a1dc0686fe5c4ba339006e1f6b335
REF-0283,DEVELOPMENT,PROJECT,SYNTHETIC_RESEARCH_FIXTURE,OG-SYNTH-0.2,B1-0.2,build_opus_synthetic_programme_v0_2.py@0.2,20260811,True,be3244b12732bf3002efeff556b7ad157c835c6ee82cd30dccbf3c935b363fd5
REF-0284,DEVELOPMENT,PROJECT,SYNTHETIC_RESEARCH_FIXTURE,OG-SYNTH-0.2,B1-0.2,build_opus_synthetic_programme_v0_2.py@0.2,20260811,True,faf7e491e3d91f05bc5fe6f90eb6a7b3730a28e553b2da596efe6d293827fb9c
REF-0285,VALIDATION,PROJECT,SYNTHETIC_RESEARCH_FIXTURE,OG-SYNTH-0.2,B1-0.2,build_opus_synthetic_programme_v0_2.py@0.2,20260811,True,4100303d3dedc5153c1efff709ac1833518ca093a33f3c969d96871a17ad9404
REF-0286,DEVELOPMENT,PROJECT,SYNTHETIC_RESEARCH_FIXTURE,OG-SYNTH-0.2,B1-0.2,build_opus_synthetic_programme_v0_2.py@0.2,20260811,True,44b195bdb96a47a38882fdeb9bb4b7559175c4d5ebc99d164e7481d81650c3d2
REF-0287,VALIDATION,PROJECT,SYNTHETIC_RESEARCH_FIXTURE,OG-SYNTH-0.2,B1-0.2,build_opus_synthetic_programme_v0_2.py@0.2,20260811,True,640171c0cc12f54fc9cb25dd00cfc4b84c4158056e539e1b0a85af4b89bab0a8
REF-0288,DEVELOPMENT,PROJECT,SYNTHETIC_RESEARCH_FIXTURE,OG-SYNTH-0.2,B1-0.2,build_opus_synthetic_programme_v0_2.py@0.2,20260811,True,5509867e1d8bb82d7726ed4bcfe09d4ca3158afa2a5e19a89870159d1e7fa2d7
REF-0289,VALIDATION,PROJECT,SYNTHETIC_RESEARCH_FIXTURE,OG-SYNTH-0.2,B1-0.2,build_opus_synthetic_programme_v0_2.py@0.2,20260811,True,7ed267e676109dfb745ecb206b4db89dcf2b077a556dd5e1a68c41728f3aa781
REF-0290,DEVELOPMENT,PROJECT,SYNTHETIC_RESEARCH_FIXTURE,OG-SYNTH-0.2,B1-0.2,build_opus_synthetic_programme_v0_2.py@0.2,20260811,True,8b8c71bdab6f1ffb5f79e36e60abb5f69c4bdc38822097732de9529d4bb81752
REF-0291,VALIDATION,PROJECT,SYNTHETIC_RESEARCH_FIXTURE,OG-SYNTH-0.2,B1-0.2,build_opus_synthetic_programme_v0_2.py@0.2,20260811,True,7088cc90f6604b25c71311ff6bdcd255b619fbc25e245304f677f80b940ededa
REF-0292,VALIDATION,PROJECT,SYNTHETIC_RESEARCH_FIXTURE,OG-SYNTH-0.2,B1-0.2,build_opus_synthetic_programme_v0_2.py@0.2,20260811,True,07bc40c85cb5fc1e685cb6e778d3564abcb3bc50aa22a56d26d9a0dc260957d0
REF-0293,DEVELOPMENT,PROJECT,SYNTHETIC_RESEARCH_FIXTURE,OG-SYNTH-0.2,B1-0.2,build_opus_synthetic_programme_v0_2.py@0.2,20260811,True,0693bdbee87806fe437f03c8557c357bf79ab1d5b01112ff934ddc3a3b3dae35
REF-0294,DEVELOPMENT,PROJECT,SYNTHETIC_RESEARCH_FIXTURE,OG-SYNTH-0.2,B1-0.2,build_opus_synthetic_programme_v0_2.py@0.2,20260811,True,a0029e303387e9d93f3430d971580cab6b419d23c14cc8785febcbce52d58510
REF-0295,DEVELOPMENT,PROJECT,SYNTHETIC_RESEARCH_FIXTURE,OG-SYNTH-0.2,B1-0.2,build_opus_synthetic_programme_v0_2.py@0.2,20260811,True,f37508c1beb9102cad4ffb8582ed17cc557954898af2853dacd3519bfb91493f
REF-0296,VALIDATION,PROJECT,SYNTHETIC_RESEARCH_FIXTURE,OG-SYNTH-0.2,B1-0.2,build_opus_synthetic_programme_v0_2.py@0.2,20260811,True,7f8db79360dab2f5242ab872c176fb954936de5722833317b9b8888777d66cc7
REF-0297,DEVELOPMENT,PROJECT,SYNTHETIC_RESEARCH_FIXTURE,OG-SYNTH-0.2,B1-0.2,build_opus_synthetic_programme_v0_2.py@0.2,20260811,True,9577e2585e2ed6a2edae7a99b7ff8c134183ffe056176e7f7f73693364d226e3
REF-0298,DEVELOPMENT,PROJECT,SYNTHETIC_RESEARCH_FIXTURE,OG-SYNTH-0.2,B1-0.2,build_opus_synthetic_programme_v0_2.py@0.2,20260811,True,aebec21349f00d83b2d78895497fe6258afc7e68a44d25b245f9c9db019a3c5e
REF-0299,VALIDATION,PROJECT,SYNTHETIC_RESEARCH_FIXTURE,OG-SYNTH-0.2,B1-0.2,build_opus_synthetic_programme_v0_2.py@0.2,20260811,True,eca14249d18c0cc724217e25efc40f19431bb4b26f75fef92df18fe085312a6f
REF-0300,LOCKED_HOLDOUT,PROJECT,SYNTHETIC_RESEARCH_FIXTURE,OG-SYNTH-0.2,B1-0.2,build_opus_synthetic_programme_v0_2.py@0.2,20260811,True,2cf6a9ae3061d909642af81aad37036d3387b5b1be2d4711c5c0a45a7dfed97d
REF-0301,DEVELOPMENT,PROJECT,SYNTHETIC_RESEARCH_FIXTURE,OG-SYNTH-0.2,B1-0.2,build_opus_synthetic_programme_v0_2.py@0.2,20260811,True,7d3a8ba66869f74997b96d41891ca1d67ef3d088321aacaa89e6491e22796443
REF-0302,LOCKED_HOLDOUT,PROJECT,SYNTHETIC_RESEARCH_FIXTURE,OG-SYNTH-0.2,B1-0.2,build_opus_synthetic_programme_v0_2.py@0.2,20260811,True,d992d8d0837ff1acdfa7218244c230629d72954b9635d71a744430a3f68cc92f
REF-0303,DEVELOPMENT,PROJECT,SYNTHETIC_RESEARCH_FIXTURE,OG-SYNTH-0.2,B1-0.2,build_opus_synthetic_programme_v0_2.py@0.2,20260811,True,2e4878568fd45c6ea70e96cda5f0d9e0fff11e9f1f76f85affccaa9e45e56411
REF-0304,LOCKED_HOLDOUT,PROJECT,SYNTHETIC_RESEARCH_FIXTURE,OG-SYNTH-0.2,B1-0.2,build_opus_synthetic_programme_v0_2.py@0.2,20260811,True,d6ad9249a5dd7111acec94c3da6521d6a7c8e81e1b072a4804de41967b8a6d2b
REF-0305,DEVELOPMENT,PROJECT,SYNTHETIC_RESEARCH_FIXTURE,OG-SYNTH-0.2,B1-0.2,build_opus_synthetic_programme_v0_2.py@0.2,20260811,True,4fa6ee97875542d32ea810e2cdf23488acddb84ba41de169f6979130852299dc
REF-0306,DEVELOPMENT,PROJECT,SYNTHETIC_RESEARCH_FIXTURE,OG-SYNTH-0.2,B1-0.2,build_opus_synthetic_programme_v0_2.py@0.2,20260811,True,02f94f90036f6cc5f3cb9267dbef8b9a9969c8d41970a8cf2ccf6dc903ac5104
REF-0307,DEVELOPMENT,PROJECT,SYNTHETIC_RESEARCH_FIXTURE,OG-SYNTH-0.2,B1-0.2,build_opus_synthetic_programme_v0_2.py@0.2,20260811,True,f0a0d14b65ec38d6be0d25d6f3049ff3ce2b28e95f60a0eb2de14575ffb8c0d9
REF-0308,DEVELOPMENT,PROJECT,SYNTHETIC_RESEARCH_FIXTURE,OG-SYNTH-0.2,B1-0.2,build_opus_synthetic_programme_v0_2.py@0.2,20260811,True,380a7452b4cf326fa066a41cc077ba19f04a4df765e83883c7a3ab211fbf8f55
REF-0309,LOCKED_HOLDOUT,PROJECT,SYNTHETIC_RESEARCH_FIXTURE,OG-SYNTH-0.2,B1-0.2,build_opus_synthetic_programme_v0_2.py@0.2,20260811,True,c2e289f2af465819e1b165d91df7b14ab6f3030ca9f4527a321e98751a259aad
REF-0310,LOCKED_HOLDOUT,PROJECT,SYNTHETIC_RESEARCH_FIXTURE,OG-SYNTH-0.2,B1-0.2,build_opus_synthetic_programme_v0_2.py@0.2,20260811,True,59870fb6c6893ba9b4757ed5992413e93836606cdef87d7e278ace6d3dfb65d5
REF-0311,DEVELOPMENT,PROJECT,SYNTHETIC_RESEARCH_FIXTURE,OG-SYNTH-0.2,B1-0.2,build_opus_synthetic_programme_v0_2.py@0.2,20260811,True,7fe8256fa33cf3bfbd75070aa18929639175ad2d2ae255157bcd5941bf53ed99
REF-0312,DEVELOPMENT,PROJECT,SYNTHETIC_RESEARCH_FIXTURE,OG-SYNTH-0.2,B1-0.2,build_opus_synthetic_programme_v0_2.py@0.2,20260811,True,ad9f9d79ae49f335486a4a95f6d78bce22dc3524cedce10bdcacb9131d7edea8
REF-0313,LOCKED_HOLDOUT,PROJECT,SYNTHETIC_RESEARCH_FIXTURE,OG-SYNTH-0.2,B1-0.2,build_opus_synthetic_programme_v0_2.py@0.2,20260811,True,9f6aa1cb17babb2390a01f19e38c0fdbded6ab6773abd20db90d3faac5273201
REF-0314,VALIDATION,PROJECT,SYNTHETIC_RESEARCH_FIXTURE,OG-SYNTH-0.2,B1-0.2,build_opus_synthetic_programme_v0_2.py@0.2,20260811,True,aa72b5092931053fb3e0e2e325fe254f9262241d530d9b51a90d12cb3dab8cd6
REF-0315,DEVELOPMENT,PROJECT,SYNTHETIC_RESEARCH_FIXTURE,OG-SYNTH-0.2,B1-0.2,build_opus_synthetic_programme_v0_2.py@0.2,20260811,True,bf131c7b9fb24ca4ed7e94600f69c80b9effa0bc0453cfaa7133dff77840c062
REF-0316,DEVELOPMENT,PROJECT,SYNTHETIC_RESEARCH_FIXTURE,OG-SYNTH-0.2,B1-0.2,build_opus_synthetic_programme_v0_2.py@0.2,20260811,True,ace00aeef5a313cca3abca1ebb0b0ff943a0028907f1ffb4308c912c749be1f4
REF-0317,VALIDATION,PROJECT,SYNTHETIC_RESEARCH_FIXTURE,OG-SYNTH-0.2,B1-0.2,build_opus_synthetic_programme_v0_2.py@0.2,20260811,True,890eeff41ff25f79f292131e47a9b7e291a9024881fe1eed5f4c9c85df3a9ee3
REF-0318,DEVELOPMENT,PROJECT,SYNTHETIC_RESEARCH_FIXTURE,OG-SYNTH-0.2,B1-0.2,build_opus_synthetic_programme_v0_2.py@0.2,20260811,True,592113e898b8b79e97a5796ad997b794e63fb784c606e9c30ddb16c78f7a7c2c
REF-0319,DEVELOPMENT,PROJECT,SYNTHETIC_RESEARCH_FIXTURE,OG-SYNTH-0.2,B1-0.2,build_opus_synthetic_programme_v0_2.py@0.2,20260811,True,edf24d1011ec36e466df619d746e4c88bd6bbdd978d0f5291f39719c9fa01657
REF-0320,VALIDATION,PROJECT,SYNTHETIC_RESEARCH_FIXTURE,OG-SYNTH-0.2,B1-0.2,build_opus_synthetic_programme_v0_2.py@0.2,20260811,True,1fd17cfbe67e772a72bb56275cd9a750c84e6b5e4fd34171086de2179424c46d
REF-0321,VALIDATION,PROJECT,SYNTHETIC_RESEARCH_FIXTURE,OG-SYNTH-0.2,B1-0.2,build_opus_synthetic_programme_v0_2.py@0.2,20260811,True,f83ed296e8c14a728adb232e1fa6083e28694ad9d86209df2bb2dff3c001d77d
REF-0322,LOCKED_HOLDOUT,PROJECT,SYNTHETIC_RESEARCH_FIXTURE,OG-SYNTH-0.2,B1-0.2,build_opus_synthetic_programme_v0_2.py@0.2,20260811,True,2b5bdafec852d14ec12634d64fe867c25a23b4daea8c18e084a8854ea100fbfb
REF-0323,VALIDATION,PROJECT,SYNTHETIC_RESEARCH_FIXTURE,OG-SYNTH-0.2,B1-0.2,build_opus_synthetic_programme_v0_2.py@0.2,20260811,True,3288447e10bdf8179be4c108909ce90e118fc7d499be1cf67077fd864277bc69
REF-0324,LOCKED_HOLDOUT,PROJECT,SYNTHETIC_RESEARCH_FIXTURE,OG-SYNTH-0.2,B1-0.2,build_opus_synthetic_programme_v0_2.py@0.2,20260811,True,ed895f23b9f563a3aecdf4d74e2a921d7e905831ae4f652f16ddda1c25ab0d34
REF-0325,LOCKED_HOLDOUT,PROJECT,SYNTHETIC_RESEARCH_FIXTURE,OG-SYNTH-0.2,B1-0.2,build_opus_synthetic_programme_v0_2.py@0.2,20260811,True,4d1f42ade3609aa6a58cd2145d81a08c5fb73934f0426f34d6a2a4f7db3a93a9
REF-0326,DEVELOPMENT,PROJECT,SYNTHETIC_RESEARCH_FIXTURE,OG-SYNTH-0.2,B1-0.2,build_opus_synthetic_programme_v0_2.py@0.2,20260811,True,6f6e97edd529e91dc21784ebb865db11ea1b484a78f4e55b16a8c2ba22470f46
REF-0327,VALIDATION,PROJECT,SYNTHETIC_RESEARCH_FIXTURE,OG-SYNTH-0.2,B1-0.2,build_opus_synthetic_programme_v0_2.py@0.2,20260811,True,7581b01e20ab186c72f4b79e5bfb90e89c52bb78592c502ca891c02b5f1a0e0a
REF-0328,DEVELOPMENT,PROJECT,SYNTHETIC_RESEARCH_FIXTURE,OG-SYNTH-0.2,B1-0.2,build_opus_synthetic_programme_v0_2.py@0.2,20260811,True,ebf567dbfa69a2335ba21056933a655367e67e855b4468cf73c505e737ca276d
REF-0329,DEVELOPMENT,PROJECT,SYNTHETIC_RESEARCH_FIXTURE,OG-SYNTH-0.2,B1-0.2,build_opus_synthetic_programme_v0_2.py@0.2,20260811,True,b5f4300c7fa671254e30771df3a81bd859dd9b7f96a749d40860205c1a99b198
REF-0330,VALIDATION,PROJECT,SYNTHETIC_RESEARCH_FIXTURE,OG-SYNTH-0.2,B1-0.2,build_opus_synthetic_programme_v0_2.py@0.2,20260811,True,2de194124bf381accaf4ff22a70b8dc1a497ddf8a37a4a7f7ce6a53a07bd98cd
REF-0331,LOCKED_HOLDOUT,PROJECT,SYNTHETIC_RESEARCH_FIXTURE,OG-SYNTH-0.2,B1-0.2,build_opus_synthetic_programme_v0_2.py@0.2,20260811,True,d0d0f83164f81d659aa6fa2b46c75de2817c4265df9358d1da06afe5d9de7858
REF-0332,DEVELOPMENT,PROJECT,SYNTHETIC_RESEARCH_FIXTURE,OG-SYNTH-0.2,B1-0.2,build_opus_synthetic_programme_v0_2.py@0.2,20260811,True,8cf790649c3e3f4a5dc0ba971854d3ffc6b2f3b3bc902b8e6fcc49b5ef5105da
REF-0333,LOCKED_HOLDOUT,PROJECT,SYNTHETIC_RESEARCH_FIXTURE,OG-SYNTH-0.2,B1-0.2,build_opus_synthetic_programme_v0_2.py@0.2,20260811,True,80869740aeb25a489835226e1bea144b678ff56b25192ee219b8c336de53e270
REF-0334,VALIDATION,PROJECT,SYNTHETIC_RESEARCH_FIXTURE,OG-SYNTH-0.2,B1-0.2,build_opus_synthetic_programme_v0_2.py@0.2,20260811,True,f00c8c395ae36e7d1d95237cf6803ce71cc4049659b336e2baf2cde3b4f37bef
REF-0335,LOCKED_HOLDOUT,PROJECT,SYNTHETIC_RESEARCH_FIXTURE,OG-SYNTH-0.2,B1-0.2,build_opus_synthetic_programme_v0_2.py@0.2,20260811,True,ac740931750d84b9224b0f285009283464259d1dd03bd941ea1feb0544dcfee7
REF-0336,VALIDATION,PROJECT,SYNTHETIC_RESEARCH_FIXTURE,OG-SYNTH-0.2,B1-0.2,build_opus_synthetic_programme_v0_2.py@0.2,20260811,True,57ba3638184706057b09a76ffa0141441b91a2b5cba1f500ef2b1c8fb7a42e51
REF-0337,DEVELOPMENT,PROJECT,SYNTHETIC_RESEARCH_FIXTURE,OG-SYNTH-0.2,B1-0.2,build_opus_synthetic_programme_v0_2.py@0.2,20260811,True,89e4e897035d1f9c52153939e96e74f9d82e5f32927281d070d8c92e70435373
REF-0338,LOCKED_HOLDOUT,PROJECT,SYNTHETIC_RESEARCH_FIXTURE,OG-SYNTH-0.2,B1-0.2,build_opus_synthetic_programme_v0_2.py@0.2,20260811,True,aad5bc2639a471816a4541d823ef5837f233800496de7e0e53aa402f1e256226
REF-0339,DEVELOPMENT,PROJECT,SYNTHETIC_RESEARCH_FIXTURE,OG-SYNTH-0.2,B1-0.2,build_opus_synthetic_programme_v0_2.py@0.2,20260811,True,193906d11fb5cbc0294f005b062c887af9e9ffd486a4fbe532be747c129a68b2
REF-0340,DEVELOPMENT,PROJECT,SYNTHETIC_RESEARCH_FIXTURE,OG-SYNTH-0.2,B1-0.2,build_opus_synthetic_programme_v0_2.py@0.2,20260811,True,bed4a2a1653596e23293ece0b44193e716f777e74f1bd5e1819e0e50a2df3e57
REF-0341,DEVELOPMENT,PROJECT,SYNTHETIC_RESEARCH_FIXTURE,OG-SYNTH-0.2,B1-0.2,build_opus_synthetic_programme_v0_2.py@0.2,20260811,True,5e7e706e2a86795294060e8f14b01971b14655fac2f05a1c694e01abdc5ed444
REF-0342,DEVELOPMENT,PROJECT,SYNTHETIC_RESEARCH_FIXTURE,OG-SYNTH-0.2,B1-0.2,build_opus_synthetic_programme_v0_2.py@0.2,20260811,True,9b52071c471a0e3d94d73639236d007c2e8b54b0adef7008e7a9d0e57183b584
REF-0343,LOCKED_HOLDOUT,PROJECT,SYNTHETIC_RESEARCH_FIXTURE,OG-SYNTH-0.2,B1-0.2,build_opus_synthetic_programme_v0_2.py@0.2,20260811,True,442503fcceb24150f98b8b40ea7e4b8d72b52e81834ed7d9a5f6df8078ba396a
REF-0344,DEVELOPMENT,PROJECT,SYNTHETIC_RESEARCH_FIXTURE,OG-SYNTH-0.2,B1-0.2,build_opus_synthetic_programme_v0_2.py@0.2,20260811,True,6b7ed41682c5267064408acb46ff41b3817cc364f99129e99d5b18575a373a11
REF-0345,DEVELOPMENT,PROJECT,SYNTHETIC_RESEARCH_FIXTURE,OG-SYNTH-0.2,B1-0.2,build_opus_synthetic_programme_v0_2.py@0.2,20260811,True,1609619708cfebc355a8a4f5efe55bf3bd4f7d68d1c43de7354205cfeb375cd0
REF-0346,DEVELOPMENT,PROJECT,SYNTHETIC_RESEARCH_FIXTURE,OG-SYNTH-0.2,B1-0.2,build_opus_synthetic_programme_v0_2.py@0.2,20260811,True,fc9381c9f76529ab4fc07529fa4cb10b137ff96a6eb190dc7c8c0de637f349d6
REF-0347,DEVELOPMENT,PROJECT,SYNTHETIC_RESEARCH_FIXTURE,OG-SYNTH-0.2,B1-0.2,build_opus_synthetic_programme_v0_2.py@0.2,20260811,True,5e05ddd0ac2d4da87255e0f3dea6323631f8587db96101b5735357f528924778
REF-0348,DEVELOPMENT,PROJECT,SYNTHETIC_RESEARCH_FIXTURE,OG-SYNTH-0.2,B1-0.2,build_opus_synthetic_programme_v0_2.py@0.2,20260811,True,2ff02e1f1673797df37d7ce74a816c8effa63ce765b73fe796682a7657953619
REF-0349,LOCKED_HOLDOUT,PROJECT,SYNTHETIC_RESEARCH_FIXTURE,OG-SYNTH-0.2,B1-0.2,build_opus_synthetic_programme_v0_2.py@0.2,20260811,True,7009ab6c07fec7e24ab3666eda6ceb682c1bee0db20a73bb82184a029780f0d5
REF-0350,LOCKED_HOLDOUT,PROJECT,SYNTHETIC_RESEARCH_FIXTURE,OG-SYNTH-0.2,B1-0.2,build_opus_synthetic_programme_v0_2.py@0.2,20260811,True,2bff6afa8492871c0ed1db9b8fb4f464e82e10cf609879c19748bd08e10d71f3
REF-0351,VALIDATION,PROJECT,SYNTHETIC_RESEARCH_FIXTURE,OG-SYNTH-0.2,B1-0.2,build_opus_synthetic_programme_v0_2.py@0.2,20260811,True,725a5d9e623817c1e0ccd2b114b359a0972d850a08e646f4cdcec1109ea10ff7
REF-0352,DEVELOPMENT,PROJECT,SYNTHETIC_RESEARCH_FIXTURE,OG-SYNTH-0.2,B1-0.2,build_opus_synthetic_programme_v0_2.py@0.2,20260811,True,1e893b6f28d7cb6451f9cdeba5a58c7041692e17e73e808dd9f057ca79c71bd7
REF-0353,DEVELOPMENT,PROJECT,SYNTHETIC_RESEARCH_FIXTURE,OG-SYNTH-0.2,B1-0.2,build_opus_synthetic_programme_v0_2.py@0.2,20260811,True,442156cc2d7d4bc5c1ae201fd0936a096ac778d4037c74944dad640fc0002cea
REF-0354,DEVELOPMENT,PROJECT,SYNTHETIC_RESEARCH_FIXTURE,OG-SYNTH-0.2,B1-0.2,build_opus_synthetic_programme_v0_2.py@0.2,20260811,True,3f1e87c310c364e18043cd95312864c88af89c9ac5304ae6c02120be478868de
REF-0355,DEVELOPMENT,PROJECT,SYNTHETIC_RESEARCH_FIXTURE,OG-SYNTH-0.2,B1-0.2,build_opus_synthetic_programme_v0_2.py@0.2,20260811,True,ace6e271f428d65c69c0ebc0a325db5c3a8bb6d2dd2d957e1e15533c2b22a2e5
REF-0356,DEVELOPMENT,PROJECT,SYNTHETIC_RESEARCH_FIXTURE,OG-SYNTH-0.2,B1-0.2,build_opus_synthetic_programme_v0_2.py@0.2,20260811,True,eed6ca523662934ea42da064751a1493bb693e51a2fa36c16f7851518f77b5d8
REF-0357,DEVELOPMENT,PROJECT,SYNTHETIC_RESEARCH_FIXTURE,OG-SYNTH-0.2,B1-0.2,build_opus_synthetic_programme_v0_2.py@0.2,20260811,True,50e200eeca71962278d18b7b850358ee5f63cb03b9c399be736c63856aa318cc
REF-0358,VALIDATION,PROJECT,SYNTHETIC_RESEARCH_FIXTURE,OG-SYNTH-0.2,B1-0.2,build_opus_synthetic_programme_v0_2.py@0.2,20260811,True,d1845e6e7337654e239ed8403f44b64850edca1a0e0a87c9ad2e342b77e8624c
REF-0359,LOCKED_HOLDOUT,PROJECT,SYNTHETIC_RESEARCH_FIXTURE,OG-SYNTH-0.2,B1-0.2,build_opus_synthetic_programme_v0_2.py@0.2,20260811,True,6a8b0d2f49069d273f74b0a233bc4d210e42a9a7cdbb43f4f12b14bceeaf1fa3
REF-0360,DEVELOPMENT,PROJECT,SYNTHETIC_RESEARCH_FIXTURE,OG-SYNTH-0.2,B1-0.2,build_opus_synthetic_programme_v0_2.py@0.2,20260811,True,c767595719d3bb7dd2215c745981f5473c54fbaceb4f0ed0d3f699938a050cd7
