source_id,scenario_id,mass_green,mass_amber,mass_red,mass_theta,mass_sum,data_origin,programme_version,package_version,generator_version,random_seed,not_for_empirical_validation,record_hash
EXP-01,ESC-01,0.703471,0.0,0.0,0.296529,1.0,SYNTHETIC_RESEARCH_FIXTURE,OG-SYNTH-0.2,B2-0.2,build_opus_synthetic_programme_v0_2.py@0.2,20260811,True,4901eabb90c52194cbdef6953c1575858e41bdd6ccc4f9b122ab9e253a8f67b4
EXP-01,ESC-02,0.568904,0.068163,0.0,0.362933,1.0,SYNTHETIC_RESEARCH_FIXTURE,OG-SYNTH-0.2,B2-0.2,build_opus_synthetic_programme_v0_2.py@0.2,20260811,True,4f52b1c32924c7380f49c3572c8b4a5a65d73fe01fbca572525355a0859936b6
EXP-01,ESC-03,0.685122,0.0,0.0,0.314878,1.0,SYNTHETIC_RESEARCH_FIXTURE,OG-SYNTH-0.2,B2-0.2,build_opus_synthetic_programme_v0_2.py@0.2,20260811,True,f7aa9c680f7e2900cbc69120c4f30b1bf82804dfc10c41a6e46f2264bc767c0c
EXP-01,ESC-04,0.647387,0.05632,0.0,0.296293,1.0,SYNTHETIC_RESEARCH_FIXTURE,OG-SYNTH-0.2,B2-0.2,build_opus_synthetic_programme_v0_2.py@0.2,20260811,True,0dbe5c1219ffeb49c13e99bed0872a85ebae5e7e8f29d2d5095043597d590919
EXP-01,ESC-05,0.362198,0.283975,0.0,0.353827,1.0,SYNTHETIC_RESEARCH_FIXTURE,OG-SYNTH-0.2,B2-0.2,build_opus_synthetic_programme_v0_2.py@0.2,20260811,True,23af49b393eff6d25c30c5a6f8905d112a839ea2db1a9f554308115bdc51cc63
EXP-01,ESC-06,0.496856,0.162284,0.0,0.34086,1.0,SYNTHETIC_RESEARCH_FIXTURE,OG-SYNTH-0.2,B2-0.2,build_opus_synthetic_programme_v0_2.py@0.2,20260811,True,ec852cb724af9a4270b6efc126fd632b86a8b3c99204cb5c31a7900226b0b0e9
EXP-01,ESC-07,0.490026,0.164343,0.0,0.345631,1.0,SYNTHETIC_RESEARCH_FIXTURE,OG-SYNTH-0.2,B2-0.2,build_opus_synthetic_programme_v0_2.py@0.2,20260811,True,15cce25398a6fbd22dfa7eb6f209735aa097f550c69ea46132eaf7679d3b87ae
EXP-01,ESC-08,0.383815,0.295481,0.0,0.320704,1.0,SYNTHETIC_RESEARCH_FIXTURE,OG-SYNTH-0.2,B2-0.2,build_opus_synthetic_programme_v0_2.py@0.2,20260811,True,727a54df80a1139deba747c99c4b8868dc848e5985d1ce8ac43168fa409f794e
EXP-01,ESC-09,0.452215,0.250541,0.0,0.297244,1.0,SYNTHETIC_RESEARCH_FIXTURE,OG-SYNTH-0.2,B2-0.2,build_opus_synthetic_programme_v0_2.py@0.2,20260811,True,2f228640b3395152830b0702b312f73811e872381bd447a265d43ec8bc9b4f67
EXP-01,ESC-10,0.439573,0.217753,0.0,0.342674,1.0,SYNTHETIC_RESEARCH_FIXTURE,OG-SYNTH-0.2,B2-0.2,build_opus_synthetic_programme_v0_2.py@0.2,20260811,True,1e05f3159bee8a71490e71f83755b0c80b54d26bc3c68ccf95fcf84612056a2e
EXP-01,ESC-11,0.493556,0.24426,0.0,0.262184,1.0,SYNTHETIC_RESEARCH_FIXTURE,OG-SYNTH-0.2,B2-0.2,build_opus_synthetic_programme_v0_2.py@0.2,20260811,True,6642fff9a52d8f39945f9b44288935beba13476811bb2cf1039ec2651f6668e1
EXP-01,ESC-12,0.162234,0.433101,0.126499,0.278166,1.0,SYNTHETIC_RESEARCH_FIXTURE,OG-SYNTH-0.2,B2-0.2,build_opus_synthetic_programme_v0_2.py@0.2,20260811,True,0a193e7ab4b38be8281c8ead78c90adc502feb99811fae59fe1a969415b8c989
EXP-01,ESC-13,0.290971,0.372727,0.0,0.336302,1.0,SYNTHETIC_RESEARCH_FIXTURE,OG-SYNTH-0.2,B2-0.2,build_opus_synthetic_programme_v0_2.py@0.2,20260811,True,26d5ad42fa4b81e6214f01a1fdf8371a92052b8f151f0ca00412b01ef647b5f3
EXP-01,ESC-14,0.170904,0.429094,0.115159,0.284843,1.0,SYNTHETIC_RESEARCH_FIXTURE,OG-SYNTH-0.2,B2-0.2,build_opus_synthetic_programme_v0_2.py@0.2,20260811,True,e6daccee0295495e13cd126a47ca35c5de8e9fef3d1689b6d80e3ef28fe20582
EXP-01,ESC-15,0.123298,0.430629,0.163788,0.282285,1.0,SYNTHETIC_RESEARCH_FIXTURE,OG-SYNTH-0.2,B2-0.2,build_opus_synthetic_programme_v0_2.py@0.2,20260811,True,22b956b592770d9f93598356f81e0281f116603e1914dd52c2fab06fbf0a9e72
EXP-01,ESC-16,0.174291,0.425363,0.109285,0.291061,1.0,SYNTHETIC_RESEARCH_FIXTURE,OG-SYNTH-0.2,B2-0.2,build_opus_synthetic_programme_v0_2.py@0.2,20260811,True,c871e8c167e95cdee9010d4280a06be2ccc91383d332612c8f87728ea7c7b59b
EXP-01,ESC-17,0.0,0.296436,0.375186,0.328378,1.0,SYNTHETIC_RESEARCH_FIXTURE,OG-SYNTH-0.2,B2-0.2,build_opus_synthetic_programme_v0_2.py@0.2,20260811,True,6267907aff018ea1512b4e30682fe3bf2e65318d3358b50c0bdb42308826a238
EXP-01,ESC-18,0.104503,0.447235,0.193654,0.254609,1.0,SYNTHETIC_RESEARCH_FIXTURE,OG-SYNTH-0.2,B2-0.2,build_opus_synthetic_programme_v0_2.py@0.2,20260811,True,a05c63dcd796b2c84ed75d09fa0b4d74765b67263e67aaa322feedad785e5788
EXP-01,ESC-19,0.0,0.230721,0.439903,0.329376,1.0,SYNTHETIC_RESEARCH_FIXTURE,OG-SYNTH-0.2,B2-0.2,build_opus_synthetic_programme_v0_2.py@0.2,20260811,True,7127b14387a8f3e20907646a42504175639ec1650aabc95ba4ff846db46fab21
EXP-01,ESC-20,0.075165,0.434383,0.214424,0.276029,1.0,SYNTHETIC_RESEARCH_FIXTURE,OG-SYNTH-0.2,B2-0.2,build_opus_synthetic_programme_v0_2.py@0.2,20260811,True,cbe5ca169576efad45815adb90b03b90abc72df661564b56e8c54bd6447e896c
EXP-01,ESC-21,0.0,0.180608,0.510564,0.308828,1.0,SYNTHETIC_RESEARCH_FIXTURE,OG-SYNTH-0.2,B2-0.2,build_opus_synthetic_programme_v0_2.py@0.2,20260811,True,deec091c7fdc2146dd89b28ec522526f4d40af1869b33b1247c96aa7aed2baf5
EXP-01,ESC-22,0.0,0.270706,0.41079,0.318504,1.0,SYNTHETIC_RESEARCH_FIXTURE,OG-SYNTH-0.2,B2-0.2,build_opus_synthetic_programme_v0_2.py@0.2,20260811,True,4904e75ad143f02d39d4a9cce2ad7d70218a5c1389f6707898633885292a6a53
EXP-01,ESC-23,0.0,0.237337,0.498329,0.264333,1.0,SYNTHETIC_RESEARCH_FIXTURE,OG-SYNTH-0.2,B2-0.2,build_opus_synthetic_programme_v0_2.py@0.2,20260811,True,33d342583758718668f769850ad954cc5eac9e3aaa2d133f945a0027f6933c79
EXP-01,ESC-24,0.070389,0.38839,0.188537,0.352684,1.0,SYNTHETIC_RESEARCH_FIXTURE,OG-SYNTH-0.2,B2-0.2,build_opus_synthetic_programme_v0_2.py@0.2,20260811,True,ae2da8aebbaae1c2cb2b8393e8571706999818e19e22a9245fef9467f452bc10
EXP-02,ESC-01,0.711993,0.0,0.0,0.288007,1.0,SYNTHETIC_RESEARCH_FIXTURE,OG-SYNTH-0.2,B2-0.2,build_opus_synthetic_programme_v0_2.py@0.2,20260811,True,138022f05d2d6e7aaf8a09bbf57e262892de272281d477da540fb56902db3d81
EXP-02,ESC-02,0.642245,0.0,0.0,0.357755,1.0,SYNTHETIC_RESEARCH_FIXTURE,OG-SYNTH-0.2,B2-0.2,build_opus_synthetic_programme_v0_2.py@0.2,20260811,True,28ab2539fafe171f2a643e7dacc663d621b301a4559f453653ce6c26dd9f1921
EXP-02,ESC-03,0.639583,0.053082,0.0,0.307335,1.0,SYNTHETIC_RESEARCH_FIXTURE,OG-SYNTH-0.2,B2-0.2,build_opus_synthetic_programme_v0_2.py@0.2,20260811,True,21da2630d7a14802ad1a0df33e33481c05d610e24cf001be2858e1eb72401c4b
EXP-02,ESC-04,0.4986,0.213641,0.0,0.287759,1.0,SYNTHETIC_RESEARCH_FIXTURE,OG-SYNTH-0.2,B2-0.2,build_opus_synthetic_programme_v0_2.py@0.2,20260811,True,27f9f9696aac6bb4c97cb8a7c5d6fab3e2b97eab9e81536d6ee9d1f508da995a
EXP-02,ESC-05,0.500772,0.151004,0.0,0.348223,1.0,SYNTHETIC_RESEARCH_FIXTURE,OG-SYNTH-0.2,B2-0.2,build_opus_synthetic_programme_v0_2.py@0.2,20260811,True,7cf2a766450407738eb7a6af7445878a63388f8209d237377ad75995b150c638
EXP-02,ESC-06,0.624269,0.0411,0.0,0.334631,1.0,SYNTHETIC_RESEARCH_FIXTURE,OG-SYNTH-0.2,B2-0.2,build_opus_synthetic_programme_v0_2.py@0.2,20260811,True,fed48cb1b4fb66bb44b6a981319ed5d0b112f1218932254243aca0bf7bf6411e
EXP-02,ESC-07,0.262948,0.396219,0.001198,0.339635,1.0,SYNTHETIC_RESEARCH_FIXTURE,OG-SYNTH-0.2,B2-0.2,build_opus_synthetic_programme_v0_2.py@0.2,20260811,True,5475d3590084ed22a6aaddb54213b088e8c3d256271d700ebdb7aeefac32d92e
EXP-02,ESC-08,0.548768,0.137769,0.0,0.313463,1.0,SYNTHETIC_RESEARCH_FIXTURE,OG-SYNTH-0.2,B2-0.2,build_opus_synthetic_programme_v0_2.py@0.2,20260811,True,4f714f76ee44a2702e6a5a61a60e89dab7101212ac921d57c6f4b9ae83e628f1
EXP-02,ESC-09,0.506127,0.205112,0.0,0.288761,1.0,SYNTHETIC_RESEARCH_FIXTURE,OG-SYNTH-0.2,B2-0.2,build_opus_synthetic_programme_v0_2.py@0.2,20260811,True,281049e114e6f9a50b98fa08d5269f08fc4e34f3a54993851f0fb798cbbc2071
EXP-02,ESC-10,0.409346,0.254121,0.0,0.336533,1.0,SYNTHETIC_RESEARCH_FIXTURE,OG-SYNTH-0.2,B2-0.2,build_opus_synthetic_programme_v0_2.py@0.2,20260811,True,805dfde6c4cb4a3ff0bd2f87a9f0dc43711ed3f2c072f3143c29ef2435ec6ca7
EXP-02,ESC-11,0.573194,0.17509,0.0,0.251716,1.0,SYNTHETIC_RESEARCH_FIXTURE,OG-SYNTH-0.2,B2-0.2,build_opus_synthetic_programme_v0_2.py@0.2,20260811,True,36a6fe5f6e9e8e14dda5ee5eec5cebd922fd90866392eaf472f5bb1c16d4adcf
EXP-02,ESC-12,0.188314,0.438827,0.104237,0.268622,1.0,SYNTHETIC_RESEARCH_FIXTURE,OG-SYNTH-0.2,B2-0.2,build_opus_synthetic_programme_v0_2.py@0.2,20260811,True,df3993d2b479e14954db8b7e61a60a972b7690ad846401687485dc81c8d75191
EXP-02,ESC-13,0.09704,0.40209,0.171021,0.329849,1.0,SYNTHETIC_RESEARCH_FIXTURE,OG-SYNTH-0.2,B2-0.2,build_opus_synthetic_programme_v0_2.py@0.2,20260811,True,0070378a59b49e5a1a0442a7bbbf2e288e3d3becc2d40c4eb2a7b1437d210e17
EXP-02,ESC-14,0.123777,0.434594,0.165952,0.275676,1.0,SYNTHETIC_RESEARCH_FIXTURE,OG-SYNTH-0.2,B2-0.2,build_opus_synthetic_programme_v0_2.py@0.2,20260811,True,cb84c20e49e52e9e63fbdf2ec9f2f0b504ecded0acf7011bda234ebeaf76922b
EXP-02,ESC-15,0.186561,0.436216,0.104249,0.272974,1.0,SYNTHETIC_RESEARCH_FIXTURE,OG-SYNTH-0.2,B2-0.2,build_opus_synthetic_programme_v0_2.py@0.2,20260811,True,f4d39c8fdfca1c376a133c4ea63fc4586ba0064751fff339f2496ed7630f73e0
EXP-02,ESC-16,0.261948,0.430656,0.025156,0.28224,1.0,SYNTHETIC_RESEARCH_FIXTURE,OG-SYNTH-0.2,B2-0.2,build_opus_synthetic_programme_v0_2.py@0.2,20260811,True,3a654dc7e028cb74bcaaf6f3540149e20be4fa4be1343a37ebee6a09e01d0a3e
EXP-02,ESC-17,0.0,0.171416,0.507056,0.321528,1.0,SYNTHETIC_RESEARCH_FIXTURE,OG-SYNTH-0.2,B2-0.2,build_opus_synthetic_programme_v0_2.py@0.2,20260811,True,89d70be6fa9dffc190ab22833e3bdc2efe7194e5c0e123039734d413cea81a89
EXP-02,ESC-18,0.0,0.321542,0.434766,0.243692,1.0,SYNTHETIC_RESEARCH_FIXTURE,OG-SYNTH-0.2,B2-0.2,build_opus_synthetic_programme_v0_2.py@0.2,20260811,True,2c67498c29968b318ef6562eedb2abcbf9910a26cdbdecb88713fee4c8444578
EXP-02,ESC-19,0.0,0.400268,0.277155,0.322577,1.0,SYNTHETIC_RESEARCH_FIXTURE,OG-SYNTH-0.2,B2-0.2,build_opus_synthetic_programme_v0_2.py@0.2,20260811,True,33b6e9b26d13a923a72df54446ba45669e54bd8dbc65a91efcd92400ce59175c
EXP-02,ESC-20,0.023992,0.440182,0.269463,0.266363,1.0,SYNTHETIC_RESEARCH_FIXTURE,OG-SYNTH-0.2,B2-0.2,build_opus_synthetic_programme_v0_2.py@0.2,20260811,True,b695c5a7591cf5b34d798fd6ac77ee49ae06251db9404ae539423366ab4a5252
EXP-02,ESC-21,0.0,0.229569,0.469463,0.300967,1.0,SYNTHETIC_RESEARCH_FIXTURE,OG-SYNTH-0.2,B2-0.2,build_opus_synthetic_programme_v0_2.py@0.2,20260811,True,05bf97c658278639cd447e063495fe0aba118031e640c9b6869e147b740a007c
EXP-02,ESC-22,0.0,0.214231,0.474619,0.31115,1.0,SYNTHETIC_RESEARCH_FIXTURE,OG-SYNTH-0.2,B2-0.2,build_opus_synthetic_programme_v0_2.py@0.2,20260811,True,aea6ed410e6b7eee63245c288e0fc9f1ea48928d27b0b5e5052f278c819bc8fc
EXP-02,ESC-23,0.0,0.207968,0.538041,0.253991,1.0,SYNTHETIC_RESEARCH_FIXTURE,OG-SYNTH-0.2,B2-0.2,build_opus_synthetic_programme_v0_2.py@0.2,20260811,True,57ba06cdd044557c2ea5fc42e7e8394eafe780d68ef87a6acd66e4c34b1b2e1f
EXP-02,ESC-24,0.0,0.075974,0.577001,0.347025,1.0,SYNTHETIC_RESEARCH_FIXTURE,OG-SYNTH-0.2,B2-0.2,build_opus_synthetic_programme_v0_2.py@0.2,20260811,True,976b2b57eb8db32f263390762977470c93e74f8f8aaee4f48f534de2cf1c3bc6
EXP-03,ESC-01,0.690726,0.029997,0.0,0.279276,1.0,SYNTHETIC_RESEARCH_FIXTURE,OG-SYNTH-0.2,B2-0.2,build_opus_synthetic_programme_v0_2.py@0.2,20260811,True,0284f54389dd86b8770750a46575bc491b903b6e0b2c29486bd6040199a50afc
EXP-03,ESC-02,0.647508,0.0,0.0,0.352492,1.0,SYNTHETIC_RESEARCH_FIXTURE,OG-SYNTH-0.2,B2-0.2,build_opus_synthetic_programme_v0_2.py@0.2,20260811,True,297356a24ac7a98fcd08fe7b3754601dcbe572cb2c7a59e4823831887fe5531f
EXP-03,ESC-03,0.498425,0.201951,0.0,0.299624,1.0,SYNTHETIC_RESEARCH_FIXTURE,OG-SYNTH-0.2,B2-0.2,build_opus_synthetic_programme_v0_2.py@0.2,20260811,True,3d01dd2af47496a261b56f73ae73bd660308e35741a8d03a8429f20a83c892de
EXP-03,ESC-04,0.489347,0.231639,0.0,0.279015,1.0,SYNTHETIC_RESEARCH_FIXTURE,OG-SYNTH-0.2,B2-0.2,build_opus_synthetic_programme_v0_2.py@0.2,20260811,True,22a3f052aab44a704d4a663a573dd11b5bc1dc80784ac02563e3f59254353f13
EXP-03,ESC-05,0.473485,0.183994,0.0,0.342521,1.0,SYNTHETIC_RESEARCH_FIXTURE,OG-SYNTH-0.2,B2-0.2,build_opus_synthetic_programme_v0_2.py@0.2,20260811,True,275abfcb947aa2d4089c5b66e4e184064249c45518d37e48ae09420f6b710a90
EXP-03,ESC-06,0.197063,0.40303,0.071624,0.328283,1.0,SYNTHETIC_RESEARCH_FIXTURE,OG-SYNTH-0.2,B2-0.2,build_opus_synthetic_programme_v0_2.py@0.2,20260811,True,e2efa53fcf291ba7fc0b2450d1e0ca5ce2f7c63ce2e3b4de6fcaeff158b5da28
EXP-03,ESC-07,0.532884,0.133588,0.0,0.333528,1.0,SYNTHETIC_RESEARCH_FIXTURE,OG-SYNTH-0.2,B2-0.2,build_opus_synthetic_programme_v0_2.py@0.2,20260811,True,c56f068d02e5e2b5c67a41e8c34a1eca73dcbc9eaf43f5463620a957092f8f69
EXP-03,ESC-08,0.411035,0.282898,0.0,0.306067,1.0,SYNTHETIC_RESEARCH_FIXTURE,OG-SYNTH-0.2,B2-0.2,build_opus_synthetic_programme_v0_2.py@0.2,20260811,True,0ddf73db392e69e40d6209bbb68fa96efb409b916a182dce48e7785a3d638f77
EXP-03,ESC-09,0.296019,0.42391,0.0,0.280071,1.0,SYNTHETIC_RESEARCH_FIXTURE,OG-SYNTH-0.2,B2-0.2,build_opus_synthetic_programme_v0_2.py@0.2,20260811,True,9953496e33440f47d129880354df0bc7768e8e5765a81818ca98f24fd3cc2efb
EXP-03,ESC-10,0.300731,0.368992,0.0,0.330278,1.0,SYNTHETIC_RESEARCH_FIXTURE,OG-SYNTH-0.2,B2-0.2,build_opus_synthetic_programme_v0_2.py@0.2,20260811,True,b8be300e9ea8d8f158ad811fd22a76f44d9dd8fff525c7c67c906c0186b6b36e
EXP-03,ESC-11,0.367175,0.391878,0.0,0.240947,1.0,SYNTHETIC_RESEARCH_FIXTURE,OG-SYNTH-0.2,B2-0.2,build_opus_synthetic_programme_v0_2.py@0.2,20260811,True,07afe5b5d2956ad83d3042dd4c02566e88c4770ccb56a6e962c82e4c1905733e
EXP-03,ESC-12,0.384189,0.356988,0.0,0.258822,1.0,SYNTHETIC_RESEARCH_FIXTURE,OG-SYNTH-0.2,B2-0.2,build_opus_synthetic_programme_v0_2.py@0.2,20260811,True,ff1d89c59c9f0243f2204e93d477259ce5fff145df5778e051006b9814df84e9
EXP-03,ESC-13,0.0,0.359381,0.317349,0.32327,1.0,SYNTHETIC_RESEARCH_FIXTURE,OG-SYNTH-0.2,B2-0.2,build_opus_synthetic_programme_v0_2.py@0.2,20260811,True,fc86203432b817d8abc7654da3632382b12eb9d1b9cff8b71760e729dcb5ebe6
EXP-03,ESC-14,0.072419,0.440237,0.221072,0.266271,1.0,SYNTHETIC_RESEARCH_FIXTURE,OG-SYNTH-0.2,B2-0.2,build_opus_synthetic_programme_v0_2.py@0.2,20260811,True,1d1a5128eb74b7323a524a00f4d5c193595d8c9ea4f00a0a564afa7454b4b1d2
EXP-03,ESC-15,0.021339,0.441949,0.273294,0.263418,1.0,SYNTHETIC_RESEARCH_FIXTURE,OG-SYNTH-0.2,B2-0.2,build_opus_synthetic_programme_v0_2.py@0.2,20260811,True,805bac6e45f87e4f2f9967a252595bf2170bd020fdbd3e99d46639fc5de158b3
EXP-03,ESC-16,0.202517,0.436083,0.088205,0.273196,1.0,SYNTHETIC_RESEARCH_FIXTURE,OG-SYNTH-0.2,B2-0.2,build_opus_synthetic_programme_v0_2.py@0.2,20260811,True,f090a19a50f8bcd6ff0c0da58b251f9e834f4e2e086af4ed2221e35cf782729c
EXP-03,ESC-17,0.018684,0.411278,0.255501,0.314537,1.0,SYNTHETIC_RESEARCH_FIXTURE,OG-SYNTH-0.2,B2-0.2,build_opus_synthetic_programme_v0_2.py@0.2,20260811,True,b151119b6e56a6e8a9e2e570a162978378c3b1441d792d51774bffde7be6ea3c
EXP-03,ESC-18,0.0,0.402963,0.364587,0.23245,1.0,SYNTHETIC_RESEARCH_FIXTURE,OG-SYNTH-0.2,B2-0.2,build_opus_synthetic_programme_v0_2.py@0.2,20260811,True,b0556c10c243c6e84b91a7a68e0153c02f2b8976e25bdbae3600cb307e5489e1
EXP-03,ESC-19,0.063091,0.410617,0.210654,0.315638,1.0,SYNTHETIC_RESEARCH_FIXTURE,OG-SYNTH-0.2,B2-0.2,build_opus_synthetic_programme_v0_2.py@0.2,20260811,True,fb244c81c4ee6542a75db0a9de880f6ae27a95fb6d5856aaf2d12d581e90a27e
EXP-03,ESC-20,0.0,0.42836,0.315204,0.256436,1.0,SYNTHETIC_RESEARCH_FIXTURE,OG-SYNTH-0.2,B2-0.2,build_opus_synthetic_programme_v0_2.py@0.2,20260811,True,54023d629686b3c4331074a8862f06c96bdb51fc04145144967fd686547035d3
EXP-03,ESC-21,0.0,0.324837,0.382237,0.292926,1.0,SYNTHETIC_RESEARCH_FIXTURE,OG-SYNTH-0.2,B2-0.2,build_opus_synthetic_programme_v0_2.py@0.2,20260811,True,2575124ac4db9d2ec313dd13ceb9380b8aaa064bea28d12e2455b036c9574389
EXP-03,ESC-22,0.0,0.395026,0.301339,0.303635,1.0,SYNTHETIC_RESEARCH_FIXTURE,OG-SYNTH-0.2,B2-0.2,build_opus_synthetic_programme_v0_2.py@0.2,20260811,True,184acc7e357dc856b64cc0518e99f06694758fdf520e7153583055c7c0bb874d
EXP-03,ESC-23,0.0,0.268396,0.48825,0.243355,1.0,SYNTHETIC_RESEARCH_FIXTURE,OG-SYNTH-0.2,B2-0.2,build_opus_synthetic_programme_v0_2.py@0.2,20260811,True,004eb1a35f42db0d102dd5c601d67659c0ecd34fc4e716f06d2c158ab8d9ca7a
EXP-03,ESC-24,0.0,0.328122,0.330611,0.341267,1.0,SYNTHETIC_RESEARCH_FIXTURE,OG-SYNTH-0.2,B2-0.2,build_opus_synthetic_programme_v0_2.py@0.2,20260811,True,a08b0ff667bc828624914b4bac3a712c3bf1fbc49bbfae3c0425f20a69d6cb0a
EXP-04,ESC-01,0.729671,0.0,0.0,0.270329,1.0,SYNTHETIC_RESEARCH_FIXTURE,OG-SYNTH-0.2,B2-0.2,build_opus_synthetic_programme_v0_2.py@0.2,20260811,True,bca39cc2de47db648b79b02390c546220d88ebdc8e60c8462d7569372c6d25fc
EXP-04,ESC-02,0.611329,0.04153,0.0,0.347142,1.0,SYNTHETIC_RESEARCH_FIXTURE,OG-SYNTH-0.2,B2-0.2,build_opus_synthetic_programme_v0_2.py@0.2,20260811,True,4726e69b51ce1bc72beee1767af4c5491e16d46147c97759678ce93a528c6a7b
EXP-04,ESC-03,0.611942,0.096318,0.0,0.29174,1.0,SYNTHETIC_RESEARCH_FIXTURE,OG-SYNTH-0.2,B2-0.2,build_opus_synthetic_programme_v0_2.py@0.2,20260811,True,4b5ae7a0d4bffff6f8776f696bc65af0b08487a6e8f2ffa19a4db0a234b43ac4
EXP-04,ESC-04,0.590621,0.139326,0.0,0.270053,1.0,SYNTHETIC_RESEARCH_FIXTURE,OG-SYNTH-0.2,B2-0.2,build_opus_synthetic_programme_v0_2.py@0.2,20260811,True,a4f52b75d05ab63e484b6506dddc2581eee3779b3116dc7d35bdc45c2d1bda6a
EXP-04,ESC-05,0.651399,0.011883,0.0,0.336718,1.0,SYNTHETIC_RESEARCH_FIXTURE,OG-SYNTH-0.2,B2-0.2,build_opus_synthetic_programme_v0_2.py@0.2,20260811,True,76e3f968d8f9007a38f2e37938c06a2e7014496956f70e53a4f6557d3626dcab
EXP-04,ESC-06,0.296096,0.38209,0.0,0.321814,1.0,SYNTHETIC_RESEARCH_FIXTURE,OG-SYNTH-0.2,B2-0.2,build_opus_synthetic_programme_v0_2.py@0.2,20260811,True,c0fd81c774827d37d5e0c3bf39249545af1689d783b1ea8e9aa038e23edf7c57
EXP-04,ESC-07,0.108373,0.403616,0.160705,0.327306,1.0,SYNTHETIC_RESEARCH_FIXTURE,OG-SYNTH-0.2,B2-0.2,build_opus_synthetic_programme_v0_2.py@0.2,20260811,True,1d9c9e83c144c4da2e799522d25fcd1c33ac21584c5bff17f9cf8fcf410a66c7
EXP-04,ESC-08,0.516321,0.18517,0.0,0.298509,1.0,SYNTHETIC_RESEARCH_FIXTURE,OG-SYNTH-0.2,B2-0.2,build_opus_synthetic_programme_v0_2.py@0.2,20260811,True,dcd7134fe854c12cc4697d71f75c21b19af12738792589860df9687f5fa6428f
EXP-04,ESC-09,0.370807,0.358027,0.0,0.271166,1.0,SYNTHETIC_RESEARCH_FIXTURE,OG-SYNTH-0.2,B2-0.2,build_opus_synthetic_programme_v0_2.py@0.2,20260811,True,a8b7b66852da343e4195eb5b3dffd74496076340f48a9f8dddf66623cec799dd
EXP-04,ESC-10,0.504246,0.171851,0.0,0.323903,1.0,SYNTHETIC_RESEARCH_FIXTURE,OG-SYNTH-0.2,B2-0.2,build_opus_synthetic_programme_v0_2.py@0.2,20260811,True,0ba7ed2451d096424f1d364c1b9df7687a8e5973684c40b01cf44f66f18f24ad
EXP-04,ESC-11,0.387923,0.382214,0.0,0.229863,1.0,SYNTHETIC_RESEARCH_FIXTURE,OG-SYNTH-0.2,B2-0.2,build_opus_synthetic_programme_v0_2.py@0.2,20260811,True,8102f16c7dc5ecdb76ba810431c69220b21071b07c90fd5607a22a0f706877af
EXP-04,ESC-12,0.199086,0.450746,0.101411,0.248757,1.0,SYNTHETIC_RESEARCH_FIXTURE,OG-SYNTH-0.2,B2-0.2,build_opus_synthetic_programme_v0_2.py@0.2,20260811,True,9965cc610bf8f990f0be69294da5f282a396293a07a144e685af29ef0d86b51f
EXP-04,ESC-13,0.214601,0.410064,0.058776,0.316559,1.0,SYNTHETIC_RESEARCH_FIXTURE,OG-SYNTH-0.2,B2-0.2,build_opus_synthetic_programme_v0_2.py@0.2,20260811,True,4ae9f1e7b41ea3f2fcd0756b53618ddf3a11aa36a4886d5f897d6ede614004bd
EXP-04,ESC-14,0.083481,0.446029,0.213872,0.256618,1.0,SYNTHETIC_RESEARCH_FIXTURE,OG-SYNTH-0.2,B2-0.2,build_opus_synthetic_programme_v0_2.py@0.2,20260811,True,59e1cad09f5b87b6116ca671884d29a751cb92d75ca10a9cd976496382f694f9
EXP-04,ESC-15,0.066351,0.447835,0.232206,0.253608,1.0,SYNTHETIC_RESEARCH_FIXTURE,OG-SYNTH-0.2,B2-0.2,build_opus_synthetic_programme_v0_2.py@0.2,20260811,True,1665f3e80dba2bd7708e43fb88b92c72a08e8d2804ff8af3451067ba77df8b20
EXP-04,ESC-16,0.196769,0.441648,0.097663,0.263921,1.0,SYNTHETIC_RESEARCH_FIXTURE,OG-SYNTH-0.2,B2-0.2,build_opus_synthetic_programme_v0_2.py@0.2,20260811,True,079d4df38088a8c01babe97150c3bfcde63b0cdf628006972e790ff3a5dcd0c5
EXP-04,ESC-17,0.0,0.240186,0.452413,0.307401,1.0,SYNTHETIC_RESEARCH_FIXTURE,OG-SYNTH-0.2,B2-0.2,build_opus_synthetic_programme_v0_2.py@0.2,20260811,True,16221144db7e382ab9dc0d30b08ca3a2d48b3e5287ef72c40e849f6f4f32b3f8
EXP-04,ESC-18,0.148032,0.467478,0.16362,0.220869,1.0,SYNTHETIC_RESEARCH_FIXTURE,OG-SYNTH-0.2,B2-0.2,build_opus_synthetic_programme_v0_2.py@0.2,20260811,True,b18d76a18fc7677dad218161b3faf5bd1e32aa8aea11cb41a04142b8aa0168db
EXP-04,ESC-19,0.0,0.266829,0.424615,0.308556,1.0,SYNTHETIC_RESEARCH_FIXTURE,OG-SYNTH-0.2,B2-0.2,build_opus_synthetic_programme_v0_2.py@0.2,20260811,True,1c5cf343c57ae18d31fcc980d37b4e8b55b723c454c6a3d3d2866f12244b89c1
EXP-04,ESC-20,0.003734,0.452258,0.297771,0.246237,1.0,SYNTHETIC_RESEARCH_FIXTURE,OG-SYNTH-0.2,B2-0.2,build_opus_synthetic_programme_v0_2.py@0.2,20260811,True,c7d1791cd0600546db559cc752962bb351cb850e12d27125e22458ea7d1a5191
EXP-04,ESC-21,0.0,0.251891,0.463413,0.284697,1.0,SYNTHETIC_RESEARCH_FIXTURE,OG-SYNTH-0.2,B2-0.2,build_opus_synthetic_programme_v0_2.py@0.2,20260811,True,e3f1da9cfdcb651f9d67181fba5c1c7ce62090ae52a9070bf42a411e917a9c57
EXP-04,ESC-22,0.0,0.318468,0.385577,0.295955,1.0,SYNTHETIC_RESEARCH_FIXTURE,OG-SYNTH-0.2,B2-0.2,build_opus_synthetic_programme_v0_2.py@0.2,20260811,True,f89f3dfd4d36030214aca8d4bd099642af733f83e8c27314b440333812a4266a
EXP-04,ESC-23,0.0,0.389559,0.378031,0.23241,1.0,SYNTHETIC_RESEARCH_FIXTURE,OG-SYNTH-0.2,B2-0.2,build_opus_synthetic_programme_v0_2.py@0.2,20260811,True,aab3ce680295c8d1e7642d709854b07dad36376c249c000f69bec44a0c9c3bbf
EXP-04,ESC-24,0.0,0.309781,0.354812,0.335406,1.0,SYNTHETIC_RESEARCH_FIXTURE,OG-SYNTH-0.2,B2-0.2,build_opus_synthetic_programme_v0_2.py@0.2,20260811,True,3c9336757933d50d32740a91b38d54238e070f2408e18eafee04d4ba2cb36db9
EXP-05,ESC-01,0.721699,0.017145,0.0,0.261156,1.0,SYNTHETIC_RESEARCH_FIXTURE,OG-SYNTH-0.2,B2-0.2,build_opus_synthetic_programme_v0_2.py@0.2,20260811,True,32d25856dcace068b36326892e6b71f2e1e86e91a5c1d33cdfed9db311562468
EXP-05,ESC-02,0.489244,0.169054,0.0,0.341702,1.0,SYNTHETIC_RESEARCH_FIXTURE,OG-SYNTH-0.2,B2-0.2,build_opus_synthetic_programme_v0_2.py@0.2,20260811,True,0869032eaac5f897643dcdf5ac5cf788bb4b12844e3049fb6bba9ff007df0e4b
EXP-05,ESC-03,0.668127,0.048197,0.0,0.283676,1.0,SYNTHETIC_RESEARCH_FIXTURE,OG-SYNTH-0.2,B2-0.2,build_opus_synthetic_programme_v0_2.py@0.2,20260811,True,81e4e4a81916ff5288848ddf1771114caa701869bc5be2392488b68ec9f28b1d
EXP-05,ESC-04,0.541587,0.197547,0.0,0.260866,1.0,SYNTHETIC_RESEARCH_FIXTURE,OG-SYNTH-0.2,B2-0.2,build_opus_synthetic_programme_v0_2.py@0.2,20260811,True,be5fc1602c08d6ea0f1ba499bd10f2293f4f85fa5bd0010a529e1595d2a99b8d
EXP-05,ESC-05,0.378664,0.290524,0.0,0.330812,1.0,SYNTHETIC_RESEARCH_FIXTURE,OG-SYNTH-0.2,B2-0.2,build_opus_synthetic_programme_v0_2.py@0.2,20260811,True,e8897b9b110e05cddbd740c66729fe15a89604a80e45fb8bffc854461b4e810b
EXP-05,ESC-06,0.411918,0.272864,0.0,0.315218,1.0,SYNTHETIC_RESEARCH_FIXTURE,OG-SYNTH-0.2,B2-0.2,build_opus_synthetic_programme_v0_2.py@0.2,20260811,True,63c9509a2f7c77faa925991fdd742501c0a7fc58a51c4db218742d0538e2c014
EXP-05,ESC-07,0.382553,0.296479,0.0,0.320968,1.0,SYNTHETIC_RESEARCH_FIXTURE,OG-SYNTH-0.2,B2-0.2,build_opus_synthetic_programme_v0_2.py@0.2,20260811,True,fa911930ba3a6d8b26fa7bf312e70864e42bf0f156ae0f707cc67fd42f0f931a
EXP-05,ESC-08,0.312813,0.396403,0.0,0.290784,1.0,SYNTHETIC_RESEARCH_FIXTURE,OG-SYNTH-0.2,B2-0.2,build_opus_synthetic_programme_v0_2.py@0.2,20260811,True,349bc30d3f8e03d9ec041ed6608e5869dfb7642f4ed0bfaa6ac2925ae819ec6a
EXP-05,ESC-09,0.488197,0.249765,0.0,0.262038,1.0,SYNTHETIC_RESEARCH_FIXTURE,OG-SYNTH-0.2,B2-0.2,build_opus_synthetic_programme_v0_2.py@0.2,20260811,True,fefb1c9d6a97b1c88e57f78c174529af989ebddde9c9d19412ed2bfbaf50e84d
EXP-05,ESC-10,0.174391,0.409557,0.098647,0.317405,1.0,SYNTHETIC_RESEARCH_FIXTURE,OG-SYNTH-0.2,B2-0.2,build_opus_synthetic_programme_v0_2.py@0.2,20260811,True,f7dd0958dd36a219b5d5402e627f129d19f113afaa54b71e9db0077d1a98c89f
EXP-05,ESC-11,0.355212,0.426338,0.0,0.218451,1.0,SYNTHETIC_RESEARCH_FIXTURE,OG-SYNTH-0.2,B2-0.2,build_opus_synthetic_programme_v0_2.py@0.2,20260811,True,1237fa18e22df9e4496251f0588d9fff364887dc3472f98ee82330f83db5644f
EXP-05,ESC-12,0.139344,0.456952,0.16529,0.238414,1.0,SYNTHETIC_RESEARCH_FIXTURE,OG-SYNTH-0.2,B2-0.2,build_opus_synthetic_programme_v0_2.py@0.2,20260811,True,5d5e48d0540c7a77b71b79b7d3ac82fead9b2ad9f489020e6e14011207163e95
EXP-05,ESC-13,0.266344,0.414171,0.00977,0.309715,1.0,SYNTHETIC_RESEARCH_FIXTURE,OG-SYNTH-0.2,B2-0.2,build_opus_synthetic_programme_v0_2.py@0.2,20260811,True,274726ff1caadb54884080bd32bdb8408fbe7254beb6859eb88e1a8cb9c7ea42
EXP-05,ESC-14,0.284118,0.451975,0.017199,0.246708,1.0,SYNTHETIC_RESEARCH_FIXTURE,OG-SYNTH-0.2,B2-0.2,build_opus_synthetic_programme_v0_2.py@0.2,20260811,True,ff2286698f806fda8f63e854f77e29a222ab875c0092b9c542bb42efd945630c
EXP-05,ESC-15,0.177274,0.45388,0.125312,0.243533,1.0,SYNTHETIC_RESEARCH_FIXTURE,OG-SYNTH-0.2,B2-0.2,build_opus_synthetic_programme_v0_2.py@0.2,20260811,True,115fe409f28279a1ad30ad730a46b1f54ec7106959a29e660dc074d76975107e
EXP-05,ESC-16,0.234087,0.447356,0.064151,0.254406,1.0,SYNTHETIC_RESEARCH_FIXTURE,OG-SYNTH-0.2,B2-0.2,build_opus_synthetic_programme_v0_2.py@0.2,20260811,True,7b709607ba6426353af7b1a4dae17dcb5a0b30201ad90f360a73f29b6f50796c
EXP-05,ESC-17,0.0,0.264787,0.435098,0.300115,1.0,SYNTHETIC_RESEARCH_FIXTURE,OG-SYNTH-0.2,B2-0.2,build_opus_synthetic_programme_v0_2.py@0.2,20260811,True,5578cff7b9475c6d395369059d8cdd424b5d03d399080275978cb1bb1c755f6b
EXP-05,ESC-18,0.036312,0.47464,0.280115,0.208934,1.0,SYNTHETIC_RESEARCH_FIXTURE,OG-SYNTH-0.2,B2-0.2,build_opus_synthetic_programme_v0_2.py@0.2,20260811,True,6b912c5aebbd905b6fc7e1cb5f0f4e1083266038409f1871f1cdc7febc49f401
EXP-05,ESC-19,0.121514,0.419204,0.157955,0.301326,1.0,SYNTHETIC_RESEARCH_FIXTURE,OG-SYNTH-0.2,B2-0.2,build_opus_synthetic_programme_v0_2.py@0.2,20260811,True,9f103b793c828749b53e30a0d809e83932c18b815aba2006efcf43ba994c387f
EXP-05,ESC-20,0.0,0.454895,0.309351,0.235754,1.0,SYNTHETIC_RESEARCH_FIXTURE,OG-SYNTH-0.2,B2-0.2,build_opus_synthetic_programme_v0_2.py@0.2,20260811,True,cb717dd08ec1d305e38d89a1ee4408ac3e53b76f0c997225e5acc65d420e5231
EXP-05,ESC-21,0.0,0.081466,0.64226,0.276274,1.0,SYNTHETIC_RESEARCH_FIXTURE,OG-SYNTH-0.2,B2-0.2,build_opus_synthetic_programme_v0_2.py@0.2,20260811,True,621d78a30b9bcee79af0dc00c8c08707d66244fb500219d8a32716c2e0636195
EXP-05,ESC-22,0.0,0.299741,0.412156,0.288103,1.0,SYNTHETIC_RESEARCH_FIXTURE,OG-SYNTH-0.2,B2-0.2,build_opus_synthetic_programme_v0_2.py@0.2,20260811,True,d9aca3a5ae69e09b50a665b8b1f00fd95393fc4bfcc00df4304bd4381b6a6933
EXP-05,ESC-23,0.0,0.285903,0.492952,0.221145,1.0,SYNTHETIC_RESEARCH_FIXTURE,OG-SYNTH-0.2,B2-0.2,build_opus_synthetic_programme_v0_2.py@0.2,20260811,True,ed3b497082efa430a3b81cd718c569c243e2ff8a579f393744693fceb9419552
EXP-05,ESC-24,0.0,0.067056,0.603504,0.32944,1.0,SYNTHETIC_RESEARCH_FIXTURE,OG-SYNTH-0.2,B2-0.2,build_opus_synthetic_programme_v0_2.py@0.2,20260811,True,db3d3bb628999256707d8c3ea78680bfdb65c7edbbb635fa0ea1106d0cb41ab5
EXP-06,ESC-01,0.7124,0.035849,0.0,0.25175,1.0,SYNTHETIC_RESEARCH_FIXTURE,OG-SYNTH-0.2,B2-0.2,build_opus_synthetic_programme_v0_2.py@0.2,20260811,True,cb882935f72e9a3f7207f29a90497246bb3c4799ccdf49430f21da51621a9c48
EXP-06,ESC-02,0.52655,0.137278,0.0,0.336172,1.0,SYNTHETIC_RESEARCH_FIXTURE,OG-SYNTH-0.2,B2-0.2,build_opus_synthetic_programme_v0_2.py@0.2,20260811,True,e5051128dab7ec2a8f649fc0252c0d629159b67ff2d801a98ad0b716714f898a
EXP-06,ESC-03,0.576473,0.1481,0.0,0.275427,1.0,SYNTHETIC_RESEARCH_FIXTURE,OG-SYNTH-0.2,B2-0.2,build_opus_synthetic_programme_v0_2.py@0.2,20260811,True,e23d61ee17e667c8cd0e323069b28d3b0ae41349c6be1887fecce11e3769605f
EXP-06,ESC-04,0.472497,0.276058,0.0,0.251445,1.0,SYNTHETIC_RESEARCH_FIXTURE,OG-SYNTH-0.2,B2-0.2,build_opus_synthetic_programme_v0_2.py@0.2,20260811,True,1641d5b33fa23f18fdc930717198745c92903b2b2a378cb84e826b4f1f27e3cc
EXP-06,ESC-05,0.565399,0.109801,0.0,0.324799,1.0,SYNTHETIC_RESEARCH_FIXTURE,OG-SYNTH-0.2,B2-0.2,build_opus_synthetic_programme_v0_2.py@0.2,20260811,True,dad4f9e098591060f0c4534084569009dfdad7f9c6dc8c607849813847e69245
EXP-06,ESC-06,0.530138,0.16137,0.0,0.308493,1.0,SYNTHETIC_RESEARCH_FIXTURE,OG-SYNTH-0.2,B2-0.2,build_opus_synthetic_programme_v0_2.py@0.2,20260811,True,d2c4a8903c5f9e8cf762c4d465a6267e604c4640efa9f08395c0347d341039c7
EXP-06,ESC-07,0.36299,0.322502,0.0,0.314508,1.0,SYNTHETIC_RESEARCH_FIXTURE,OG-SYNTH-0.2,B2-0.2,build_opus_synthetic_programme_v0_2.py@0.2,20260811,True,d8d3209aac7ca50c943b53204e2ad2f86e6d207e362cd8a3ae2e07d1e602711b
EXP-06,ESC-08,0.415618,0.301494,0.0,0.282888,1.0,SYNTHETIC_RESEARCH_FIXTURE,OG-SYNTH-0.2,B2-0.2,build_opus_synthetic_programme_v0_2.py@0.2,20260811,True,7e9319c17e3a60dc08c005bc7b53133da3433769016ebd6e6381858f6420f593
EXP-06,ESC-09,0.343562,0.40376,0.0,0.252678,1.0,SYNTHETIC_RESEARCH_FIXTURE,OG-SYNTH-0.2,B2-0.2,build_opus_synthetic_programme_v0_2.py@0.2,20260811,True,f83ec3e31d837e8404111d613f378d7d39d2a55f7ecf9cec97585b8649ec816a
EXP-06,ESC-10,0.371167,0.318051,0.0,0.310782,1.0,SYNTHETIC_RESEARCH_FIXTURE,OG-SYNTH-0.2,B2-0.2,build_opus_synthetic_programme_v0_2.py@0.2,20260811,True,b2cc6c8eaeff59df097dfb64f2155eb7630822f377243b78a3a5fba90973d4f6
EXP-06,ESC-11,0.272105,0.475983,0.045217,0.206695,1.0,SYNTHETIC_RESEARCH_FIXTURE,OG-SYNTH-0.2,B2-0.2,build_opus_synthetic_programme_v0_2.py@0.2,20260811,True,9a051513a8a9e084d97b05bdebd4ad50c8734bd19fd020f89077237fed1f602d
EXP-06,ESC-12,0.301657,0.463331,0.00723,0.227782,1.0,SYNTHETIC_RESEARCH_FIXTURE,OG-SYNTH-0.2,B2-0.2,build_opus_synthetic_programme_v0_2.py@0.2,20260811,True,9680c912836e4dc11f4f4938dd6e7373a2ac35b314e469a47da429695481c049
EXP-06,ESC-13,0.354444,0.342825,0.0,0.302731,1.0,SYNTHETIC_RESEARCH_FIXTURE,OG-SYNTH-0.2,B2-0.2,build_opus_synthetic_programme_v0_2.py@0.2,20260811,True,63979a1de3de8475d47bdd6e8636ab0faef6e6468dd8c482f30d37fefdf32b08
EXP-06,ESC-14,0.048595,0.458082,0.256793,0.23653,1.0,SYNTHETIC_RESEARCH_FIXTURE,OG-SYNTH-0.2,B2-0.2,build_opus_synthetic_programme_v0_2.py@0.2,20260811,True,174d71387921e31152e5b62ec0c09e575836c0f4d4e8d549b1e324e0af11cb6a
EXP-06,ESC-15,0.188662,0.460091,0.118065,0.233182,1.0,SYNTHETIC_RESEARCH_FIXTURE,OG-SYNTH-0.2,B2-0.2,build_opus_synthetic_programme_v0_2.py@0.2,20260811,True,12cbf462105d285276daf3e7919c294058e37bd1c4e477ae405bfcbb8b156839
EXP-06,ESC-16,0.087156,0.453214,0.214987,0.244643,1.0,SYNTHETIC_RESEARCH_FIXTURE,OG-SYNTH-0.2,B2-0.2,build_opus_synthetic_programme_v0_2.py@0.2,20260811,True,d0010c57beef7368c02750e678ab1e74b6a1497ca15a6bb47e268532371798e4
EXP-06,ESC-17,0.0,0.337327,0.37,0.292674,1.0,SYNTHETIC_RESEARCH_FIXTURE,OG-SYNTH-0.2,B2-0.2,build_opus_synthetic_programme_v0_2.py@0.2,20260811,True,8a5f49a50aee299fed1dc1ec5016afc33430a71b58ed20ef564695f0ef949c32
EXP-06,ESC-18,0.0,0.397485,0.405888,0.196626,1.0,SYNTHETIC_RESEARCH_FIXTURE,OG-SYNTH-0.2,B2-0.2,build_opus_synthetic_programme_v0_2.py@0.2,20260811,True,d39584d21a3af69d1aabbca62c8a88809ea4bcbde976e8f94821a1673cb76419
EXP-06,ESC-19,0.0,0.192248,0.513809,0.293943,1.0,SYNTHETIC_RESEARCH_FIXTURE,OG-SYNTH-0.2,B2-0.2,build_opus_synthetic_programme_v0_2.py@0.2,20260811,True,a96a6dac570ed19ce11cf59657046afede49f36c1ca1bc6cd9108efdf0852123
EXP-06,ESC-20,0.0,0.434212,0.340813,0.224975,1.0,SYNTHETIC_RESEARCH_FIXTURE,OG-SYNTH-0.2,B2-0.2,build_opus_synthetic_programme_v0_2.py@0.2,20260811,True,f99478664c7926934ac8d642ffce69de8fc1fffb7fee004860b7367127bd5162
EXP-06,ESC-21,0.0,0.196146,0.536203,0.267651,1.0,SYNTHETIC_RESEARCH_FIXTURE,OG-SYNTH-0.2,B2-0.2,build_opus_synthetic_programme_v0_2.py@0.2,20260811,True,55a6497a0c09e46302134c592f3b06c9c1faf0d7876e0b53f05fa140df5706e9
EXP-06,ESC-22,0.0,0.22484,0.495086,0.280074,1.0,SYNTHETIC_RESEARCH_FIXTURE,OG-SYNTH-0.2,B2-0.2,build_opus_synthetic_programme_v0_2.py@0.2,20260811,True,3da4d0c7d7213ff07f768fb031624b3e792c77a662aa6d2f9e2b7a1dee250327
EXP-06,ESC-23,0.0,0.233148,0.557309,0.209544,1.0,SYNTHETIC_RESEARCH_FIXTURE,OG-SYNTH-0.2,B2-0.2,build_opus_synthetic_programme_v0_2.py@0.2,20260811,True,29c11a6346041f0d39aa8c8e955b65c314f05afd0ed052f5141771deb83f6039
EXP-06,ESC-24,0.0,0.282511,0.394122,0.323366,1.0,SYNTHETIC_RESEARCH_FIXTURE,OG-SYNTH-0.2,B2-0.2,build_opus_synthetic_programme_v0_2.py@0.2,20260811,True,a91e1229325f70c36675f106f0d452e4232f6a8f5825a73456aa4c5a2e857edc
EXP-07,ESC-01,0.617045,0.140854,0.0,0.242102,1.0,SYNTHETIC_RESEARCH_FIXTURE,OG-SYNTH-0.2,B2-0.2,build_opus_synthetic_programme_v0_2.py@0.2,20260811,True,4771c1766e7070c01c152790fc43f5d145cf6067e92ea4775104e3564366dce5
EXP-07,ESC-02,0.61534,0.054112,0.0,0.330547,1.0,SYNTHETIC_RESEARCH_FIXTURE,OG-SYNTH-0.2,B2-0.2,build_opus_synthetic_programme_v0_2.py@0.2,20260811,True,1b71f35e96c899afcbbf03b4d693dd4517ef444c59ca17fdf720d434c0cc8db6
EXP-07,ESC-03,0.733015,0.0,0.0,0.266985,1.0,SYNTHETIC_RESEARCH_FIXTURE,OG-SYNTH-0.2,B2-0.2,build_opus_synthetic_programme_v0_2.py@0.2,20260811,True,9ba2325f2159c9863baa6e10d372009f439875d938b20eb8f21e6dbdd5ca6119
EXP-07,ESC-04,0.533734,0.224486,0.0,0.24178,1.0,SYNTHETIC_RESEARCH_FIXTURE,OG-SYNTH-0.2,B2-0.2,build_opus_synthetic_programme_v0_2.py@0.2,20260811,True,20afdbf8bf2bdb50ab2b0596d146eedc9c6ac56f6639a01fab0deb9fd6041c9a
EXP-07,ESC-05,0.357461,0.323861,0.0,0.318678,1.0,SYNTHETIC_RESEARCH_FIXTURE,OG-SYNTH-0.2,B2-0.2,build_opus_synthetic_programme_v0_2.py@0.2,20260811,True,e19034d2f1d98197945a423d1acdc6733acd6b6bb50a69e396e1e1814ec4ecb0
EXP-07,ESC-06,0.528616,0.16975,0.0,0.301634,1.0,SYNTHETIC_RESEARCH_FIXTURE,OG-SYNTH-0.2,B2-0.2,build_opus_synthetic_programme_v0_2.py@0.2,20260811,True,f434f0c17b6c7a46e55bcaaa8ebeccf88c0ae88d0f16dfbf3e708a410bb71d77
EXP-07,ESC-07,0.374038,0.318037,0.0,0.307925,1.0,SYNTHETIC_RESEARCH_FIXTURE,OG-SYNTH-0.2,B2-0.2,build_opus_synthetic_programme_v0_2.py@0.2,20260811,True,3222c68cebd4e9232919916dc22547ead1ca080f006c52bdebfb52841b6cb864
EXP-07,ESC-08,0.459472,0.265714,0.0,0.274814,1.0,SYNTHETIC_RESEARCH_FIXTURE,OG-SYNTH-0.2,B2-0.2,build_opus_synthetic_programme_v0_2.py@0.2,20260811,True,bbcf292cf203553a532161044b406bc0fba061b090c9aa1563ec795cc066fbac
EXP-07,ESC-09,0.267335,0.454153,0.035434,0.243078,1.0,SYNTHETIC_RESEARCH_FIXTURE,OG-SYNTH-0.2,B2-0.2,build_opus_synthetic_programme_v0_2.py@0.2,20260811,True,609c5299eaf0dc24ce2a0a87434b3156d964df6f27410f99eb94e64f692686f0
EXP-07,ESC-10,0.205308,0.417583,0.07308,0.304028,1.0,SYNTHETIC_RESEARCH_FIXTURE,OG-SYNTH-0.2,B2-0.2,build_opus_synthetic_programme_v0_2.py@0.2,20260811,True,fd448a758994e220b890ff5cc41e480640efbd6e8fa12391e777113fa975dc81
EXP-07,ESC-11,0.329104,0.476316,0.0,0.194581,1.0,SYNTHETIC_RESEARCH_FIXTURE,OG-SYNTH-0.2,B2-0.2,build_opus_synthetic_programme_v0_2.py@0.2,20260811,True,95e1ce3e7f6d78db7e25a5d2bcac5398cab0304dcbd4195c572e5d649b06a130
EXP-07,ESC-12,0.22682,0.46989,0.086441,0.216849,1.0,SYNTHETIC_RESEARCH_FIXTURE,OG-SYNTH-0.2,B2-0.2,build_opus_synthetic_programme_v0_2.py@0.2,20260811,True,599c99faa20f45e86c162b734a2902c68c242e232d172d03e42166b835965efe
EXP-07,ESC-13,0.155557,0.422637,0.1262,0.295606,1.0,SYNTHETIC_RESEARCH_FIXTURE,OG-SYNTH-0.2,B2-0.2,build_opus_synthetic_programme_v0_2.py@0.2,20260811,True,088f4ed777f6699325a8191a5b9225a9478f68edff74bc3f2c943a7d89e579dc
EXP-07,ESC-14,0.099144,0.464356,0.210426,0.226073,1.0,SYNTHETIC_RESEARCH_FIXTURE,OG-SYNTH-0.2,B2-0.2,build_opus_synthetic_programme_v0_2.py@0.2,20260811,True,ee30d37c21797289e74c5e6debf0eabac0f51aaf4ea1fa1d301312cbb819c7ac
EXP-07,ESC-15,0.091707,0.466473,0.219275,0.222544,1.0,SYNTHETIC_RESEARCH_FIXTURE,OG-SYNTH-0.2,B2-0.2,build_opus_synthetic_programme_v0_2.py@0.2,20260811,True,03107777b9ba53f1e495bf8bf888c87c856b5e6b2095716647772e603d1e7e58
EXP-07,ESC-16,0.235801,0.459228,0.070352,0.23462,1.0,SYNTHETIC_RESEARCH_FIXTURE,OG-SYNTH-0.2,B2-0.2,build_opus_synthetic_programme_v0_2.py@0.2,20260811,True,287d0f8f5db1b4ff5d98ea0aabb90db3d4d34a5ef302311164e853736e824edd
EXP-07,ESC-17,0.0,0.386561,0.328367,0.285072,1.0,SYNTHETIC_RESEARCH_FIXTURE,OG-SYNTH-0.2,B2-0.2,build_opus_synthetic_programme_v0_2.py@0.2,20260811,True,471bc74127b7de297d4be27c7eacc687fe1e170614bb4bed915e20e743a10370
EXP-07,ESC-18,0.0,0.439386,0.376684,0.18393,1.0,SYNTHETIC_RESEARCH_FIXTURE,OG-SYNTH-0.2,B2-0.2,build_opus_synthetic_programme_v0_2.py@0.2,20260811,True,cfa544bf14969379b302281957cee6d55c381f8c21c69d0c711ff920f0830250
EXP-07,ESC-19,0.0,0.314164,0.399433,0.286403,1.0,SYNTHETIC_RESEARCH_FIXTURE,OG-SYNTH-0.2,B2-0.2,build_opus_synthetic_programme_v0_2.py@0.2,20260811,True,708a033236177899491fb65391d077173ff100077c488a62373386be1ff0b425
EXP-07,ESC-20,0.0,0.366871,0.419241,0.213888,1.0,SYNTHETIC_RESEARCH_FIXTURE,OG-SYNTH-0.2,B2-0.2,build_opus_synthetic_programme_v0_2.py@0.2,20260811,True,46a34fbf7c69cc71a4652b5fef62d2a91944f18f3bab19856a17c0cda017125a
EXP-07,ESC-21,0.0,0.209114,0.532067,0.258819,1.0,SYNTHETIC_RESEARCH_FIXTURE,OG-SYNTH-0.2,B2-0.2,build_opus_synthetic_programme_v0_2.py@0.2,20260811,True,15eba6870278382ee0bdf0fa786a3f4424ed1d4b9dfe17dca39f499f721c382a
EXP-07,ESC-22,0.0,0.15528,0.572859,0.271862,1.0,SYNTHETIC_RESEARCH_FIXTURE,OG-SYNTH-0.2,B2-0.2,build_opus_synthetic_programme_v0_2.py@0.2,20260811,True,3faa20d8fbeede7b1f8e8331e36ff7aaaf4e12bd097e710839c657f05c9a3622
EXP-07,ESC-23,0.0,0.20316,0.599249,0.197591,1.0,SYNTHETIC_RESEARCH_FIXTURE,OG-SYNTH-0.2,B2-0.2,build_opus_synthetic_programme_v0_2.py@0.2,20260811,True,d3ef858ee0e954d5766473c402f5fad941549f405e7052ed6eaa2f1fcc6f37b6
EXP-07,ESC-24,0.0,0.068282,0.614537,0.317181,1.0,SYNTHETIC_RESEARCH_FIXTURE,OG-SYNTH-0.2,B2-0.2,build_opus_synthetic_programme_v0_2.py@0.2,20260811,True,30baf05dbee81629b9ba9afa291e88fabbc3bcc5332eaa341f6bb8dc4269a8dd
EXP-08,ESC-01,0.712849,0.054949,0.0,0.232201,1.0,SYNTHETIC_RESEARCH_FIXTURE,OG-SYNTH-0.2,B2-0.2,build_opus_synthetic_programme_v0_2.py@0.2,20260811,True,aeb40998a3ca378357ff951306e3479b3331e4634e3b4e0e148a8a229759255c
EXP-08,ESC-02,0.47289,0.202283,0.0,0.324827,1.0,SYNTHETIC_RESEARCH_FIXTURE,OG-SYNTH-0.2,B2-0.2,build_opus_synthetic_programme_v0_2.py@0.2,20260811,True,9361f514cf5558dcfe1ddedd6509c9f0a7197adc2a5c0d0200a8247ec7b70075
EXP-08,ESC-03,0.517247,0.224409,0.0,0.258344,1.0,SYNTHETIC_RESEARCH_FIXTURE,OG-SYNTH-0.2,B2-0.2,build_opus_synthetic_programme_v0_2.py@0.2,20260811,True,c5551f457f074c3125b35120e872884306d8068c6184785b55e6f5ad55fa1896
EXP-08,ESC-04,0.554899,0.213238,0.0,0.231863,1.0,SYNTHETIC_RESEARCH_FIXTURE,OG-SYNTH-0.2,B2-0.2,build_opus_synthetic_programme_v0_2.py@0.2,20260811,True,4a59786257d4dd73d2862139cbf50cb978a558b2998895931e8382221d91aef4
EXP-08,ESC-05,0.40289,0.284666,0.0,0.312444,1.0,SYNTHETIC_RESEARCH_FIXTURE,OG-SYNTH-0.2,B2-0.2,build_opus_synthetic_programme_v0_2.py@0.2,20260811,True,425138f7276ff3716eaa4d477c692664c1155f703dc8ac1c7432649837d18c30
EXP-08,ESC-06,0.357956,0.347406,0.0,0.294638,1.0,SYNTHETIC_RESEARCH_FIXTURE,OG-SYNTH-0.2,B2-0.2,build_opus_synthetic_programme_v0_2.py@0.2,20260811,True,5dce804a55aadb8f748ceba1afba8f146a845cf6905dd30241cbee1ab97a8e35
EXP-08,ESC-07,0.359955,0.338831,0.0,0.301214,1.0,SYNTHETIC_RESEARCH_FIXTURE,OG-SYNTH-0.2,B2-0.2,build_opus_synthetic_programme_v0_2.py@0.2,20260811,True,0416887cad5b4ecfef89fdde0fdd71d8c75be13113a61ceb5585d59408195be2
EXP-08,ESC-08,0.426278,0.307166,0.0,0.266556,1.0,SYNTHETIC_RESEARCH_FIXTURE,OG-SYNTH-0.2,B2-0.2,build_opus_synthetic_programme_v0_2.py@0.2,20260811,True,de8ec45db8bb3e361cb714b4a2391cc02fe138c881d693c60b72880aad86515a
EXP-08,ESC-09,0.388015,0.378757,0.0,0.233228,1.0,SYNTHETIC_RESEARCH_FIXTURE,OG-SYNTH-0.2,B2-0.2,build_opus_synthetic_programme_v0_2.py@0.2,20260811,True,90f86751ce09d25a7556dfd3551d6d0e8c85741ac7a5d9e1d95dd63889847c08
EXP-08,ESC-10,0.295391,0.407467,0.0,0.297141,1.0,SYNTHETIC_RESEARCH_FIXTURE,OG-SYNTH-0.2,B2-0.2,build_opus_synthetic_programme_v0_2.py@0.2,20260811,True,e5e274b922219600261e85ebfc1cea4357be4c905162bd460201c42fb9ac6436
EXP-08,ESC-11,0.258048,0.490746,0.069116,0.182091,1.0,SYNTHETIC_RESEARCH_FIXTURE,OG-SYNTH-0.2,B2-0.2,build_opus_synthetic_programme_v0_2.py@0.2,20260811,True,19ee85d47e85fdab97170eedd81290dee0211bdd78f12edb0cc2bfbe753e04dd
EXP-08,ESC-12,0.272557,0.476638,0.045202,0.205603,1.0,SYNTHETIC_RESEARCH_FIXTURE,OG-SYNTH-0.2,B2-0.2,build_opus_synthetic_programme_v0_2.py@0.2,20260811,True,58a23225b91b4f20488fcc6521f19c24c2ec6e04ce0181fe71d05fb1ecd6f104
EXP-08,ESC-13,0.173671,0.427,0.110995,0.288333,1.0,SYNTHETIC_RESEARCH_FIXTURE,OG-SYNTH-0.2,B2-0.2,build_opus_synthetic_programme_v0_2.py@0.2,20260811,True,3d8beb7a3e185515e1ef1f500cf6bf52d71853d36f247a4ced6d4170a3675599
EXP-08,ESC-14,0.053501,0.470804,0.260368,0.215326,1.0,SYNTHETIC_RESEARCH_FIXTURE,OG-SYNTH-0.2,B2-0.2,build_opus_synthetic_programme_v0_2.py@0.2,20260811,True,716a6a17bc02430242ba124dcc8071961bf5293b623f5906c838a55c2fa652c5
EXP-08,ESC-15,0.134637,0.473036,0.180721,0.211607,1.0,SYNTHETIC_RESEARCH_FIXTURE,OG-SYNTH-0.2,B2-0.2,build_opus_synthetic_programme_v0_2.py@0.2,20260811,True,c9adb664f5deca109074442188731acca862334dfabd7a25c671fd1afc40effc
EXP-08,ESC-16,0.0922,0.465404,0.218069,0.224327,1.0,SYNTHETIC_RESEARCH_FIXTURE,OG-SYNTH-0.2,B2-0.2,build_opus_synthetic_programme_v0_2.py@0.2,20260811,True,9107b46a2f84a2e2838489846db7d4f7ee94215d39f106166412a0cfb79bff0c
EXP-08,ESC-17,0.0,0.305548,0.417146,0.277306,1.0,SYNTHETIC_RESEARCH_FIXTURE,OG-SYNTH-0.2,B2-0.2,build_opus_synthetic_programme_v0_2.py@0.2,20260811,True,5748aa3094f6151b4be68307339ab92244eab6b786e5ed6cf133203dfb1473ab
EXP-08,ESC-18,0.0,0.311939,0.517234,0.170827,1.0,SYNTHETIC_RESEARCH_FIXTURE,OG-SYNTH-0.2,B2-0.2,build_opus_synthetic_programme_v0_2.py@0.2,20260811,True,a98a255384d9ecffde36cc5fc27f3502229fecbb415018c5e58c07cda2ba69af
EXP-08,ESC-19,0.0,0.401826,0.319475,0.278699,1.0,SYNTHETIC_RESEARCH_FIXTURE,OG-SYNTH-0.2,B2-0.2,build_opus_synthetic_programme_v0_2.py@0.2,20260811,True,fa04884963e4dc548cf6a17663a39f58511e9c97b20002229c4d1baf36272199
EXP-08,ESC-20,0.0,0.404728,0.392793,0.202479,1.0,SYNTHETIC_RESEARCH_FIXTURE,OG-SYNTH-0.2,B2-0.2,build_opus_synthetic_programme_v0_2.py@0.2,20260811,True,536a10ea951cd9ab4934a42deb2cd9086f75868be0ce15b61ba1694b94b208fd
EXP-08,ESC-21,0.0,0.255928,0.4943,0.249772,1.0,SYNTHETIC_RESEARCH_FIXTURE,OG-SYNTH-0.2,B2-0.2,build_opus_synthetic_programme_v0_2.py@0.2,20260811,True,dfe4dbb86c0737b9cd6b074532306974b0612689fb7bfc16a6de35269cd893df
EXP-08,ESC-22,0.0,0.228299,0.508241,0.26346,1.0,SYNTHETIC_RESEARCH_FIXTURE,OG-SYNTH-0.2,B2-0.2,build_opus_synthetic_programme_v0_2.py@0.2,20260811,True,46806e67a3d4663058bfa89181e7e18457ea5c8b0ea95c894ef1f8b617eab928
EXP-08,ESC-23,0.0,0.173507,0.64122,0.185272,1.0,SYNTHETIC_RESEARCH_FIXTURE,OG-SYNTH-0.2,B2-0.2,build_opus_synthetic_programme_v0_2.py@0.2,20260811,True,09ac848a006fbc29350865f76deaf430fe6eccac3f2ebfdf26f2319e584a34fe
EXP-08,ESC-24,0.0,0.138314,0.550804,0.310882,1.0,SYNTHETIC_RESEARCH_FIXTURE,OG-SYNTH-0.2,B2-0.2,build_opus_synthetic_programme_v0_2.py@0.2,20260811,True,76f1a7985493ba1b24c3ea363029bb9e3c98c7a3cd73638037939d722685cf55
EXP-09,ESC-01,0.777962,0.0,0.0,0.222038,1.0,SYNTHETIC_RESEARCH_FIXTURE,OG-SYNTH-0.2,B2-0.2,build_opus_synthetic_programme_v0_2.py@0.2,20260811,True,51edd9b0b8eb2e8355f9765adcdcef4a789bd432d8e68bed26a2ab4bf07a59b3
EXP-09,ESC-02,0.639707,0.041285,0.0,0.319008,1.0,SYNTHETIC_RESEARCH_FIXTURE,OG-SYNTH-0.2,B2-0.2,build_opus_synthetic_programme_v0_2.py@0.2,20260811,True,4c3c0e878636e2e727e4d2e09c2db3d3b92d1099d672de94b3e23202076bdb14
EXP-09,ESC-03,0.533275,0.217228,0.0,0.249497,1.0,SYNTHETIC_RESEARCH_FIXTURE,OG-SYNTH-0.2,B2-0.2,build_opus_synthetic_programme_v0_2.py@0.2,20260811,True,ac9f2a815baf150cb89343931bcb27f796402e10f7adda00f96fc5ca6bead888
EXP-09,ESC-04,0.533997,0.244321,0.0,0.221682,1.0,SYNTHETIC_RESEARCH_FIXTURE,OG-SYNTH-0.2,B2-0.2,build_opus_synthetic_programme_v0_2.py@0.2,20260811,True,f07cb9d576f41d876e2dabbaeff9785acbad50a20b8f166c236c99a7b0809b95
EXP-09,ESC-05,0.312345,0.381559,0.0,0.306096,1.0,SYNTHETIC_RESEARCH_FIXTURE,OG-SYNTH-0.2,B2-0.2,build_opus_synthetic_programme_v0_2.py@0.2,20260811,True,1eb079875a251e27ca274aeb2f04ed8239ab379fa6718546287be2ed1b0140af
EXP-09,ESC-06,0.293387,0.419112,0.0,0.287501,1.0,SYNTHETIC_RESEARCH_FIXTURE,OG-SYNTH-0.2,B2-0.2,build_opus_synthetic_programme_v0_2.py@0.2,20260811,True,fd0b3abb763d9f9bb259ea791a637ae5ff006af966d2629c658bfc0de9bd7a86
EXP-09,ESC-07,0.396519,0.309109,0.0,0.294372,1.0,SYNTHETIC_RESEARCH_FIXTURE,OG-SYNTH-0.2,B2-0.2,build_opus_synthetic_programme_v0_2.py@0.2,20260811,True,0364811a001fcdac88afba218759f81f787c7b99386d6205441c133536ac49ce
EXP-09,ESC-08,0.267626,0.445136,0.029131,0.258107,1.0,SYNTHETIC_RESEARCH_FIXTURE,OG-SYNTH-0.2,B2-0.2,build_opus_synthetic_programme_v0_2.py@0.2,20260811,True,6d36c81225df24a20a9149cd1389420f709065bb7d194e94d4e2c560a70f8487
EXP-09,ESC-09,0.395907,0.380975,0.0,0.223118,1.0,SYNTHETIC_RESEARCH_FIXTURE,OG-SYNTH-0.2,B2-0.2,build_opus_synthetic_programme_v0_2.py@0.2,20260811,True,7bd0dd3fe231f2d8b4c6a1d671d6b9443ddec514d2047805dcb791029186eb9a
EXP-09,ESC-10,0.232186,0.42593,0.051767,0.290117,1.0,SYNTHETIC_RESEARCH_FIXTURE,OG-SYNTH-0.2,B2-0.2,build_opus_synthetic_programme_v0_2.py@0.2,20260811,True,d3a4d465586bf4af061a2c6cf0a48bcc0a6d20d7241e996a32d5c8bd4b2a225e
EXP-09,ESC-11,0.238668,0.498476,0.093649,0.169207,1.0,SYNTHETIC_RESEARCH_FIXTURE,OG-SYNTH-0.2,B2-0.2,build_opus_synthetic_programme_v0_2.py@0.2,20260811,True,f0a3e281844d3775aba00d8ba0fc4ca85bbec5ef37e4ce50cd6b6c0c2f67e466
EXP-09,ESC-12,0.260424,0.483583,0.061964,0.194028,1.0,SYNTHETIC_RESEARCH_FIXTURE,OG-SYNTH-0.2,B2-0.2,build_opus_synthetic_programme_v0_2.py@0.2,20260811,True,a6b56532e55c11f1fa1fb8fd15ecb57aa49011f14c31749dcd7f26e884cf6ee1
EXP-09,ESC-13,0.117778,0.431455,0.169859,0.280908,1.0,SYNTHETIC_RESEARCH_FIXTURE,OG-SYNTH-0.2,B2-0.2,build_opus_synthetic_programme_v0_2.py@0.2,20260811,True,9f2e7b8dfbdb1fbf33299da8a0358403a150618d421abc7d17ac78323e683ce1
EXP-09,ESC-14,0.225532,0.477434,0.092757,0.204276,1.0,SYNTHETIC_RESEARCH_FIXTURE,OG-SYNTH-0.2,B2-0.2,build_opus_synthetic_programme_v0_2.py@0.2,20260811,True,405d3a6f5b895a9103e5a658e1e30c94ea0809533928aff2ede599d381c9af8c
EXP-09,ESC-15,0.114431,0.479785,0.205426,0.200358,1.0,SYNTHETIC_RESEARCH_FIXTURE,OG-SYNTH-0.2,B2-0.2,build_opus_synthetic_programme_v0_2.py@0.2,20260811,True,afbeb79fe0d0651d7f0953508aa2aa203ae873cc93f9dac8de815a0fda264db0
EXP-09,ESC-16,0.02767,0.471747,0.286828,0.213754,1.0,SYNTHETIC_RESEARCH_FIXTURE,OG-SYNTH-0.2,B2-0.2,build_opus_synthetic_programme_v0_2.py@0.2,20260811,True,30f6f2669e1557e1059578f719fa8689ac11f8c25246f552f70d205b0ec99c36
EXP-09,ESC-17,0.0,0.327086,0.403545,0.269369,1.0,SYNTHETIC_RESEARCH_FIXTURE,OG-SYNTH-0.2,B2-0.2,build_opus_synthetic_programme_v0_2.py@0.2,20260811,True,173a9e5b1cbc1a071a9a5624114962541ccd2129e2a300b8f240a3f37a1d80d3
EXP-09,ESC-18,0.037746,0.505623,0.299336,0.157295,1.0,SYNTHETIC_RESEARCH_FIXTURE,OG-SYNTH-0.2,B2-0.2,build_opus_synthetic_programme_v0_2.py@0.2,20260811,True,e4f094bf4490a632de7118710769552c5296c3acbe1fc371d03d8af97b9f2562
EXP-09,ESC-19,0.0,0.287748,0.441424,0.270828,1.0,SYNTHETIC_RESEARCH_FIXTURE,OG-SYNTH-0.2,B2-0.2,build_opus_synthetic_programme_v0_2.py@0.2,20260811,True,dacf36f8963edd9d4eeb0ddcd686b4141140501b337978443e468de431934365
EXP-09,ESC-20,0.085373,0.48556,0.238333,0.190734,1.0,SYNTHETIC_RESEARCH_FIXTURE,OG-SYNTH-0.2,B2-0.2,build_opus_synthetic_programme_v0_2.py@0.2,20260811,True,df5c70552bba537ad3f5f3c52eb0a3dada572cd79f5e841dbeee14e8785df0eb
EXP-09,ESC-21,0.0,0.348851,0.410647,0.240502,1.0,SYNTHETIC_RESEARCH_FIXTURE,OG-SYNTH-0.2,B2-0.2,build_opus_synthetic_programme_v0_2.py@0.2,20260811,True,87ddbc7503b643af4a2ed4d7ff6090c43b6dffcf28d35e7d960ea43321f1bb41
EXP-09,ESC-22,0.0,0.332169,0.412969,0.254862,1.0,SYNTHETIC_RESEARCH_FIXTURE,OG-SYNTH-0.2,B2-0.2,build_opus_synthetic_programme_v0_2.py@0.2,20260811,True,66f7bd80aad3bbe11052935e1d09f0c6f3097b01dd5ed487b4e005d71f75ff41
EXP-09,ESC-23,0.0,0.300987,0.526443,0.172569,1.0,SYNTHETIC_RESEARCH_FIXTURE,OG-SYNTH-0.2,B2-0.2,build_opus_synthetic_programme_v0_2.py@0.2,20260811,True,a88b835ad6c64d8724c81500931142e3bd39b9a77abe5b5f13df6c8a814910e0
EXP-09,ESC-24,0.0,0.251488,0.444046,0.304466,1.0,SYNTHETIC_RESEARCH_FIXTURE,OG-SYNTH-0.2,B2-0.2,build_opus_synthetic_programme_v0_2.py@0.2,20260811,True,353f8c7fbdbf36946fcfe90f1492be02b1dbaa2c3c8f5197b63bbe3afe7ffeeb
EXP-10,ESC-01,0.653443,0.134954,0.0,0.211603,1.0,SYNTHETIC_RESEARCH_FIXTURE,OG-SYNTH-0.2,B2-0.2,build_opus_synthetic_programme_v0_2.py@0.2,20260811,True,2fa072b28b72b65c401eac853aacb0f6b0ace3cdda991509a6d78163673af5c7
EXP-10,ESC-02,0.676447,0.010466,0.0,0.313087,1.0,SYNTHETIC_RESEARCH_FIXTURE,OG-SYNTH-0.2,B2-0.2,build_opus_synthetic_programme_v0_2.py@0.2,20260811,True,a952f4a8b3ba25167a301ffdabf5d4fdba66e3eaa5985429a0e047ff5c23a943
EXP-10,ESC-03,0.492182,0.267382,0.0,0.240436,1.0,SYNTHETIC_RESEARCH_FIXTURE,OG-SYNTH-0.2,B2-0.2,build_opus_synthetic_programme_v0_2.py@0.2,20260811,True,175e10bca295b6787ee159feb5c5741337db14ed217b6e983b54f6f7fd514595
EXP-10,ESC-04,0.488043,0.300728,0.0,0.211228,1.0,SYNTHETIC_RESEARCH_FIXTURE,OG-SYNTH-0.2,B2-0.2,build_opus_synthetic_programme_v0_2.py@0.2,20260811,True,c194156026b46483dbb179fd53c6770146651d450d126a317e31be92e5f30bcc
EXP-10,ESC-05,0.450615,0.249756,0.0,0.299629,1.0,SYNTHETIC_RESEARCH_FIXTURE,OG-SYNTH-0.2,B2-0.2,build_opus_synthetic_programme_v0_2.py@0.2,20260811,True,9ee7f3b3c7cde948d488579662830c8fc33f3b7831c0c5d6ffd87b812800ae45
EXP-10,ESC-06,0.370015,0.349768,0.0,0.280217,1.0,SYNTHETIC_RESEARCH_FIXTURE,OG-SYNTH-0.2,B2-0.2,build_opus_synthetic_programme_v0_2.py@0.2,20260811,True,2eae3cabcd64475c54794b471d0fa2cc5720efc37b6f822fa1c40c24faf6ec03
EXP-10,ESC-07,0.414468,0.298138,0.0,0.287394,1.0,SYNTHETIC_RESEARCH_FIXTURE,OG-SYNTH-0.2,B2-0.2,build_opus_synthetic_programme_v0_2.py@0.2,20260811,True,5c148ad63196a35d09b456617e02b1e38450066b024b7109de25e1097cd087cd
EXP-10,ESC-08,0.329987,0.420551,0.0,0.249462,1.0,SYNTHETIC_RESEARCH_FIXTURE,OG-SYNTH-0.2,B2-0.2,build_opus_synthetic_programme_v0_2.py@0.2,20260811,True,eb071ce062c3d36aa6e6c65319c046456e8f89cf02042a14ab667844a3d7882b
EXP-10,ESC-09,0.310263,0.472357,0.004642,0.212738,1.0,SYNTHETIC_RESEARCH_FIXTURE,OG-SYNTH-0.2,B2-0.2,build_opus_synthetic_programme_v0_2.py@0.2,20260811,True,4405a6880c41dc1f91d92cd1cd7f63e6fdfa9a4496204e939547d575119f1a54
EXP-10,ESC-10,0.098611,0.43023,0.188209,0.28295,1.0,SYNTHETIC_RESEARCH_FIXTURE,OG-SYNTH-0.2,B2-0.2,build_opus_synthetic_programme_v0_2.py@0.2,20260811,True,b90cec30cc3638572acea64e1487f7675883ea2728d0a935c739d48a62d82b31
EXP-10,ESC-11,0.348422,0.495668,0.0,0.155911,1.0,SYNTHETIC_RESEARCH_FIXTURE,OG-SYNTH-0.2,B2-0.2,build_opus_synthetic_programme_v0_2.py@0.2,20260811,True,dd7dd6d5d8adebbd0910d7fae5b12839ca805883b60e20812063e41cc8a8086d
EXP-10,ESC-12,0.234218,0.490733,0.092938,0.182112,1.0,SYNTHETIC_RESEARCH_FIXTURE,OG-SYNTH-0.2,B2-0.2,build_opus_synthetic_programme_v0_2.py@0.2,20260811,True,2a62d818be09ce641ff5c716ae48ffaa532817afe5f4f70013e408d634a58d08
EXP-10,ESC-13,0.110453,0.436004,0.180216,0.273326,1.0,SYNTHETIC_RESEARCH_FIXTURE,OG-SYNTH-0.2,B2-0.2,build_opus_synthetic_programme_v0_2.py@0.2,20260811,True,90324c4408016f35695efe665da54e2b2c4d722348fb6e378cda0e5a43a91c83
EXP-10,ESC-14,0.082255,0.484254,0.240581,0.192911,1.0,SYNTHETIC_RESEARCH_FIXTURE,OG-SYNTH-0.2,B2-0.2,build_opus_synthetic_programme_v0_2.py@0.2,20260811,True,71e6a33ff92a7388cfc95e4207f2cec7132a27c7a186a0889f97a8fe2e875363
EXP-10,ESC-15,0.044158,0.48673,0.280329,0.188783,1.0,SYNTHETIC_RESEARCH_FIXTURE,OG-SYNTH-0.2,B2-0.2,build_opus_synthetic_programme_v0_2.py@0.2,20260811,True,b6e6be4a233efee136d3513f52a29ffd13f584976f8a27ccaabe087ac3a1d798
EXP-10,ESC-16,0.130521,0.478267,0.188323,0.202889,1.0,SYNTHETIC_RESEARCH_FIXTURE,OG-SYNTH-0.2,B2-0.2,build_opus_synthetic_programme_v0_2.py@0.2,20260811,True,eb4cdc32f10e2e1e25c6775bf5b29cdd636c65117ac46bbd4eb33d4de4f8a586
EXP-10,ESC-17,0.0,0.409931,0.328813,0.261256,1.0,SYNTHETIC_RESEARCH_FIXTURE,OG-SYNTH-0.2,B2-0.2,build_opus_synthetic_programme_v0_2.py@0.2,20260811,True,5e2c6df483cbb46257e2cf18ff9925b509e18722c80417bbd6ceee12f3010a58
EXP-10,ESC-18,0.0,0.404802,0.451884,0.143315,1.0,SYNTHETIC_RESEARCH_FIXTURE,OG-SYNTH-0.2,B2-0.2,build_opus_synthetic_programme_v0_2.py@0.2,20260811,True,8873533f46a4da24639fdcf4c06d5909ac8fec7ec880b3b4c85b18d1d7f00a7f
EXP-10,ESC-19,0.0,0.425553,0.311664,0.262782,1.0,SYNTHETIC_RESEARCH_FIXTURE,OG-SYNTH-0.2,B2-0.2,build_opus_synthetic_programme_v0_2.py@0.2,20260811,True,f834511ce1369f3310f24fbba47c3c0d7adba52ded793f8c82c78cd94f68b066
EXP-10,ESC-20,0.0,0.291692,0.529671,0.178638,1.0,SYNTHETIC_RESEARCH_FIXTURE,OG-SYNTH-0.2,B2-0.2,build_opus_synthetic_programme_v0_2.py@0.2,20260811,True,af7deb45c0f33bc159f0acf3986d636578f5716e3c71b3bf2e1f36030d42c3a8
EXP-10,ESC-21,0.0,0.247055,0.521946,0.230999,1.0,SYNTHETIC_RESEARCH_FIXTURE,OG-SYNTH-0.2,B2-0.2,build_opus_synthetic_programme_v0_2.py@0.2,20260811,True,f3ef89a1129ce0747d371c15f94935a404e829f8f69e1e086653804b8ece9dd8
EXP-10,ESC-22,0.0,0.251784,0.502154,0.246061,1.0,SYNTHETIC_RESEARCH_FIXTURE,OG-SYNTH-0.2,B2-0.2,build_opus_synthetic_programme_v0_2.py@0.2,20260811,True,5bf20c35d6b651923b90f3161793d3f408e5aff0fe97e8b24a3880fe455e76fd
EXP-10,ESC-23,0.0,0.20457,0.635966,0.159464,1.0,SYNTHETIC_RESEARCH_FIXTURE,OG-SYNTH-0.2,B2-0.2,build_opus_synthetic_programme_v0_2.py@0.2,20260811,True,353f4838427cbccc0d2c580c11267656a5952fb1d33a9bf574bc74c64a7d4f73
EXP-10,ESC-24,0.0,0.133158,0.568914,0.297929,1.0,SYNTHETIC_RESEARCH_FIXTURE,OG-SYNTH-0.2,B2-0.2,build_opus_synthetic_programme_v0_2.py@0.2,20260811,True,2783190b79e7115a296e9bc00817583ccfa85b1912a0f13731afd76a8893b61e
EXP-11,ESC-01,0.546394,0.157077,0.0,0.296529,1.0,SYNTHETIC_RESEARCH_FIXTURE,OG-SYNTH-0.2,B2-0.2,build_opus_synthetic_programme_v0_2.py@0.2,20260811,True,2c9dcd421418e5f14b069ea47c3504a3df545681eabfaa1d2f19578285df489e
EXP-11,ESC-02,0.454951,0.182116,0.0,0.362933,1.0,SYNTHETIC_RESEARCH_FIXTURE,OG-SYNTH-0.2,B2-0.2,build_opus_synthetic_programme_v0_2.py@0.2,20260811,True,026451a6e291b71ac7bd02d9101eb53f80bffea3c2d59b3b6204e932e3bcafcd
EXP-11,ESC-03,0.54395,0.141172,0.0,0.314878,1.0,SYNTHETIC_RESEARCH_FIXTURE,OG-SYNTH-0.2,B2-0.2,build_opus_synthetic_programme_v0_2.py@0.2,20260811,True,884a0afe3ee00acc5a679cb1406e54e30deab3f55a941542f5b80d8215a64ab6
EXP-11,ESC-04,0.538864,0.164843,0.0,0.296293,1.0,SYNTHETIC_RESEARCH_FIXTURE,OG-SYNTH-0.2,B2-0.2,build_opus_synthetic_programme_v0_2.py@0.2,20260811,True,88fa006a032d2a6f2cc05d43dacef30f232281398b89a57731751fb9e690ebb4
EXP-11,ESC-05,0.37117,0.275003,0.0,0.353827,1.0,SYNTHETIC_RESEARCH_FIXTURE,OG-SYNTH-0.2,B2-0.2,build_opus_synthetic_programme_v0_2.py@0.2,20260811,True,9a237ac17c3f997a51f82d5dfdc888fd99f2c7f82f33df5764f9b4af42b15f01
EXP-11,ESC-06,0.400637,0.258503,0.0,0.34086,1.0,SYNTHETIC_RESEARCH_FIXTURE,OG-SYNTH-0.2,B2-0.2,build_opus_synthetic_programme_v0_2.py@0.2,20260811,True,64dca256389451278f7dc00e5128be8a5ebd90955305ebf55022d508caad311f
EXP-11,ESC-07,0.409495,0.244874,0.0,0.345631,1.0,SYNTHETIC_RESEARCH_FIXTURE,OG-SYNTH-0.2,B2-0.2,build_opus_synthetic_programme_v0_2.py@0.2,20260811,True,cd48f9601bee11cb254f2736640f574e8990ad0af957a99417e1ee0f07a89d3b
EXP-11,ESC-08,0.246098,0.407578,0.02562,0.320704,1.0,SYNTHETIC_RESEARCH_FIXTURE,OG-SYNTH-0.2,B2-0.2,build_opus_synthetic_programme_v0_2.py@0.2,20260811,True,f3e5ce7cd99c408142f85d751adbda8b1383dfdbbf45a8dd568d73039979e4ca
EXP-11,ESC-09,0.396597,0.306159,0.0,0.297244,1.0,SYNTHETIC_RESEARCH_FIXTURE,OG-SYNTH-0.2,B2-0.2,build_opus_synthetic_programme_v0_2.py@0.2,20260811,True,46a12ec005a2d7187ec0dbff4164e6358a8a6cee18cd0cf64acddd7a7a625fab
EXP-11,ESC-10,0.398088,0.259239,0.0,0.342674,1.0,SYNTHETIC_RESEARCH_FIXTURE,OG-SYNTH-0.2,B2-0.2,build_opus_synthetic_programme_v0_2.py@0.2,20260811,True,0b6eb61dfb69fb69e5437a3c85a1513b6bc47fe6d3ef3fee26b7713fd57d0ce2
EXP-11,ESC-11,0.21036,0.44269,0.084766,0.262184,1.0,SYNTHETIC_RESEARCH_FIXTURE,OG-SYNTH-0.2,B2-0.2,build_opus_synthetic_programme_v0_2.py@0.2,20260811,True,fac238d137b9dc5e5f2e6974ad90bda2dc26ba82cefc1e35c3f63593c8ecd93a
EXP-11,ESC-12,0.039342,0.433101,0.249391,0.278166,1.0,SYNTHETIC_RESEARCH_FIXTURE,OG-SYNTH-0.2,B2-0.2,build_opus_synthetic_programme_v0_2.py@0.2,20260811,True,794a284546a303367ce6bf7e6a31c7363e238a11ca6c5755f63070359cf07d24
EXP-11,ESC-13,0.230126,0.398219,0.035353,0.336302,1.0,SYNTHETIC_RESEARCH_FIXTURE,OG-SYNTH-0.2,B2-0.2,build_opus_synthetic_programme_v0_2.py@0.2,20260811,True,0b1d110cdcab8226d27436f4ff0de69a1180e7cc9be0ab8cf6f3e015797d7ab7
EXP-11,ESC-14,0.0,0.324026,0.39113,0.284843,1.0,SYNTHETIC_RESEARCH_FIXTURE,OG-SYNTH-0.2,B2-0.2,build_opus_synthetic_programme_v0_2.py@0.2,20260811,True,0199778abea672e632c88926bbff0cf9a87a31a0ff6f77ecf94f5e156dc33769
EXP-11,ESC-15,0.0,0.301203,0.416513,0.282285,1.0,SYNTHETIC_RESEARCH_FIXTURE,OG-SYNTH-0.2,B2-0.2,build_opus_synthetic_programme_v0_2.py@0.2,20260811,True,b60ab6bc97099fd36c4d68b84b9cebe3b8596f7297c9fdf81d7c8074592aba0d
EXP-11,ESC-16,0.0,0.41644,0.292498,0.291061,1.0,SYNTHETIC_RESEARCH_FIXTURE,OG-SYNTH-0.2,B2-0.2,build_opus_synthetic_programme_v0_2.py@0.2,20260811,True,22cc3748430d20d70a1eb15b041f53316f00ef3d60fc945c4f1b7d6241face5d
EXP-11,ESC-17,0.0,0.275705,0.395918,0.328378,1.0,SYNTHETIC_RESEARCH_FIXTURE,OG-SYNTH-0.2,B2-0.2,build_opus_synthetic_programme_v0_2.py@0.2,20260811,True,3c62a5df075045a4e2c3ee7b03bf74180a6ba002d7fed267b9366f9ccc6f52d8
EXP-11,ESC-18,0.0,0.39344,0.351951,0.254609,1.0,SYNTHETIC_RESEARCH_FIXTURE,OG-SYNTH-0.2,B2-0.2,build_opus_synthetic_programme_v0_2.py@0.2,20260811,True,641595d6c1e91c02bd764af011a46b9cc8ad4838eac0b3fcf47f13cd52e317cb
EXP-11,ESC-19,0.0,0.223786,0.446838,0.329376,1.0,SYNTHETIC_RESEARCH_FIXTURE,OG-SYNTH-0.2,B2-0.2,build_opus_synthetic_programme_v0_2.py@0.2,20260811,True,20001b29066aa5e542a71fe421b532125fb829e6639af6b4dc6b0d79ab558173
EXP-11,ESC-20,0.0,0.313285,0.410686,0.276029,1.0,SYNTHETIC_RESEARCH_FIXTURE,OG-SYNTH-0.2,B2-0.2,build_opus_synthetic_programme_v0_2.py@0.2,20260811,True,b30c45c1ba1921a1b646d726e93e4c98525e14d418e2acd1988ca332f572c8d5
EXP-11,ESC-21,0.0,0.098975,0.592197,0.308828,1.0,SYNTHETIC_RESEARCH_FIXTURE,OG-SYNTH-0.2,B2-0.2,build_opus_synthetic_programme_v0_2.py@0.2,20260811,True,76acc7178c12dad8426e6b0752d199183904bfb615bc0779f152441e0d294333
EXP-11,ESC-22,0.0,0.168915,0.51258,0.318504,1.0,SYNTHETIC_RESEARCH_FIXTURE,OG-SYNTH-0.2,B2-0.2,build_opus_synthetic_programme_v0_2.py@0.2,20260811,True,4062e8a3b61fb08421c272213944fd774d91e874ae666b804f16a20713e4b52e
EXP-11,ESC-23,0.0,0.12105,0.614617,0.264333,1.0,SYNTHETIC_RESEARCH_FIXTURE,OG-SYNTH-0.2,B2-0.2,build_opus_synthetic_programme_v0_2.py@0.2,20260811,True,5eb9ba95d2951fbc1b87280fddc0eeac72180dcc4991bb1ce208b9f758e40339
EXP-11,ESC-24,0.0,0.234817,0.412499,0.352684,1.0,SYNTHETIC_RESEARCH_FIXTURE,OG-SYNTH-0.2,B2-0.2,build_opus_synthetic_programme_v0_2.py@0.2,20260811,True,0b467bb52fb8ed9c791c7374c526aeea4dd1f188a4f9c0aef5f316d49699d240
EXP-12,ESC-01,0.618822,0.093171,0.0,0.288007,1.0,SYNTHETIC_RESEARCH_FIXTURE,OG-SYNTH-0.2,B2-0.2,build_opus_synthetic_programme_v0_2.py@0.2,20260811,True,412d28af8d80bc75a2ffc47131e637f6b81b6b223cc018f68e3dd09b7d84b76b
EXP-12,ESC-02,0.505475,0.13677,0.0,0.357755,1.0,SYNTHETIC_RESEARCH_FIXTURE,OG-SYNTH-0.2,B2-0.2,build_opus_synthetic_programme_v0_2.py@0.2,20260811,True,fd8cc70ccb2c5e2d569fa9d2c92db78375131242f05f43bf017a13a45f94bc1f
EXP-12,ESC-03,0.562521,0.130144,0.0,0.307335,1.0,SYNTHETIC_RESEARCH_FIXTURE,OG-SYNTH-0.2,B2-0.2,build_opus_synthetic_programme_v0_2.py@0.2,20260811,True,374ddffbbef4f53b205d576db4bbc0fe266b5719109c133912b69046a9c4e469
EXP-12,ESC-04,0.440481,0.271761,0.0,0.287759,1.0,SYNTHETIC_RESEARCH_FIXTURE,OG-SYNTH-0.2,B2-0.2,build_opus_synthetic_programme_v0_2.py@0.2,20260811,True,f4063fda90c1df52b1d3258ee16093775a6190d0c53a8c8fe07376d16a858e1c
EXP-12,ESC-05,0.301118,0.350658,0.0,0.348223,1.0,SYNTHETIC_RESEARCH_FIXTURE,OG-SYNTH-0.2,B2-0.2,build_opus_synthetic_programme_v0_2.py@0.2,20260811,True,afbd470110d544ca0228535ddb566b32d63c36bb10f4951176710c3d5cfa92d4
EXP-12,ESC-06,0.545949,0.11942,0.0,0.334631,1.0,SYNTHETIC_RESEARCH_FIXTURE,OG-SYNTH-0.2,B2-0.2,build_opus_synthetic_programme_v0_2.py@0.2,20260811,True,54a993792da7c696755db99bcfc9222d99bc452db852ba1297f646e76e90120b
EXP-12,ESC-07,0.380783,0.279582,0.0,0.339635,1.0,SYNTHETIC_RESEARCH_FIXTURE,OG-SYNTH-0.2,B2-0.2,build_opus_synthetic_programme_v0_2.py@0.2,20260811,True,dd80abfb5f16372fc18ea10c08de1f9c21f8c88ee8eebf147f3e212822cd4562
EXP-12,ESC-08,0.344116,0.34242,0.0,0.313463,1.0,SYNTHETIC_RESEARCH_FIXTURE,OG-SYNTH-0.2,B2-0.2,build_opus_synthetic_programme_v0_2.py@0.2,20260811,True,34fcaab82d2e6e48446778cee6aaa458ae3f1bbf3db7e0764fa771e1ce412ed9
EXP-12,ESC-09,0.1003,0.426743,0.184195,0.288761,1.0,SYNTHETIC_RESEARCH_FIXTURE,OG-SYNTH-0.2,B2-0.2,build_opus_synthetic_programme_v0_2.py@0.2,20260811,True,06c977344effd13c5ecf32f03cdc578b28c00ca52ed09f2e4e4e5905702ecb60
EXP-12,ESC-10,0.516288,0.147178,0.0,0.336533,1.0,SYNTHETIC_RESEARCH_FIXTURE,OG-SYNTH-0.2,B2-0.2,build_opus_synthetic_programme_v0_2.py@0.2,20260811,True,7ed76e63cfbaaa6462394236a865cd53ff3191eb0e6cb75ac9f5fb3d0e8a0260
EXP-12,ESC-11,0.20976,0.44897,0.089553,0.251716,1.0,SYNTHETIC_RESEARCH_FIXTURE,OG-SYNTH-0.2,B2-0.2,build_opus_synthetic_programme_v0_2.py@0.2,20260811,True,5cd0e603ca619e508a21c26ca2a66bcc6ffac288e2650e3811de83e2dbcb817c
EXP-12,ESC-12,0.207263,0.438827,0.085289,0.268622,1.0,SYNTHETIC_RESEARCH_FIXTURE,OG-SYNTH-0.2,B2-0.2,build_opus_synthetic_programme_v0_2.py@0.2,20260811,True,a952287c3151f758f37f4487c9a792a49d54635102deb4d20d4095c7619e190d
EXP-12,ESC-13,0.073245,0.40209,0.194816,0.329849,1.0,SYNTHETIC_RESEARCH_FIXTURE,OG-SYNTH-0.2,B2-0.2,build_opus_synthetic_programme_v0_2.py@0.2,20260811,True,a5654c4622a5744e4d16ea4051dc92e8acd987bc3e1eefcc5212c7ee4c468a6b
EXP-12,ESC-14,0.063174,0.434594,0.226555,0.275676,1.0,SYNTHETIC_RESEARCH_FIXTURE,OG-SYNTH-0.2,B2-0.2,build_opus_synthetic_programme_v0_2.py@0.2,20260811,True,4d97e0b00ad09270572526e74f5f23e6990ff1ea4b497f940f1bfb7733b26ccb
EXP-12,ESC-15,0.026818,0.436216,0.263993,0.272974,1.0,SYNTHETIC_RESEARCH_FIXTURE,OG-SYNTH-0.2,B2-0.2,build_opus_synthetic_programme_v0_2.py@0.2,20260811,True,a93ef547c4829f6f2e302ca91939d3359091fe9aa160650c77529470d73a401c
EXP-12,ESC-16,0.152502,0.430656,0.134602,0.28224,1.0,SYNTHETIC_RESEARCH_FIXTURE,OG-SYNTH-0.2,B2-0.2,build_opus_synthetic_programme_v0_2.py@0.2,20260811,True,53a64ebbbd3721323539cb31b1cf0ec7569437c3989c0cfc395dfdfe3db92c28
EXP-12,ESC-17,0.0,0.067847,0.610625,0.321528,1.0,SYNTHETIC_RESEARCH_FIXTURE,OG-SYNTH-0.2,B2-0.2,build_opus_synthetic_programme_v0_2.py@0.2,20260811,True,e0fc831b921243fed42d15774236fe82f52d1fe10fc47b0c7e6ad33ad7a42d80
EXP-12,ESC-18,0.0,0.361738,0.39457,0.243692,1.0,SYNTHETIC_RESEARCH_FIXTURE,OG-SYNTH-0.2,B2-0.2,build_opus_synthetic_programme_v0_2.py@0.2,20260811,True,2b67e727e23d549fd24fc318a6ace69bfada55e7cce19e64f6bcc0f7be20d3bc
EXP-12,ESC-19,0.041899,0.406454,0.229071,0.322577,1.0,SYNTHETIC_RESEARCH_FIXTURE,OG-SYNTH-0.2,B2-0.2,build_opus_synthetic_programme_v0_2.py@0.2,20260811,True,8519b73a94ef33f1f8eeb072b14972398285444325c79ec2c4fbc7657c35b47e
EXP-12,ESC-20,0.0,0.283114,0.450523,0.266363,1.0,SYNTHETIC_RESEARCH_FIXTURE,OG-SYNTH-0.2,B2-0.2,build_opus_synthetic_programme_v0_2.py@0.2,20260811,True,007b7acb134dfff71e3d76420dd8a895509cd80fe5a13804e83aa56505a68736
EXP-12,ESC-21,0.0,0.214106,0.484926,0.300967,1.0,SYNTHETIC_RESEARCH_FIXTURE,OG-SYNTH-0.2,B2-0.2,build_opus_synthetic_programme_v0_2.py@0.2,20260811,True,07dc6b957fd6767da46a8e171f45348ffafb49b31299355f6f31591bcf2ad3b2
EXP-12,ESC-22,0.0,0.268134,0.420716,0.31115,1.0,SYNTHETIC_RESEARCH_FIXTURE,OG-SYNTH-0.2,B2-0.2,build_opus_synthetic_programme_v0_2.py@0.2,20260811,True,3c03195fbdbca92c3a05341baec2186075ce80718628261a9dd1b4c49321d1dc
EXP-12,ESC-23,0.0,0.097922,0.648086,0.253991,1.0,SYNTHETIC_RESEARCH_FIXTURE,OG-SYNTH-0.2,B2-0.2,build_opus_synthetic_programme_v0_2.py@0.2,20260811,True,491ba24fce71473686117cdc894668ae372274233b0a3e4bb6692a5897f7f151
EXP-12,ESC-24,0.0,0.065297,0.587677,0.347025,1.0,SYNTHETIC_RESEARCH_FIXTURE,OG-SYNTH-0.2,B2-0.2,build_opus_synthetic_programme_v0_2.py@0.2,20260811,True,8672c79c345d840e2374a60c2df120ec02785716e9eed9c0ddfd2c532bb6fda1
EXP-13,ESC-01,0.720724,0.0,0.0,0.279276,1.0,SYNTHETIC_RESEARCH_FIXTURE,OG-SYNTH-0.2,B2-0.2,build_opus_synthetic_programme_v0_2.py@0.2,20260811,True,f695fed04bc2e03ae1b3fd6db4dea8645b4daf99e5b1070d5f09e8778ee4a2f9
EXP-13,ESC-02,0.647508,0.0,0.0,0.352492,1.0,SYNTHETIC_RESEARCH_FIXTURE,OG-SYNTH-0.2,B2-0.2,build_opus_synthetic_programme_v0_2.py@0.2,20260811,True,dddc3daef91595bb63474ab491d3466adc0ac1175a4e1a5fde2858ca97acb516
EXP-13,ESC-03,0.546007,0.154369,0.0,0.299624,1.0,SYNTHETIC_RESEARCH_FIXTURE,OG-SYNTH-0.2,B2-0.2,build_opus_synthetic_programme_v0_2.py@0.2,20260811,True,003a7556d760456675f31fa6334b4c92ac5b21cff7ddd55af178d6c81982dd17
EXP-13,ESC-04,0.490699,0.230286,0.0,0.279015,1.0,SYNTHETIC_RESEARCH_FIXTURE,OG-SYNTH-0.2,B2-0.2,build_opus_synthetic_programme_v0_2.py@0.2,20260811,True,ef5d2a75f9035132018129e7792878d451fb8a829b113ea5717366e5670b028e
EXP-13,ESC-05,0.369652,0.287827,0.0,0.342521,1.0,SYNTHETIC_RESEARCH_FIXTURE,OG-SYNTH-0.2,B2-0.2,build_opus_synthetic_programme_v0_2.py@0.2,20260811,True,a676fde9403586adef614f4bd3c81f9101f61a092e7a9c869638f83bdcc56d7f
EXP-13,ESC-06,0.500986,0.170731,0.0,0.328283,1.0,SYNTHETIC_RESEARCH_FIXTURE,OG-SYNTH-0.2,B2-0.2,build_opus_synthetic_programme_v0_2.py@0.2,20260811,True,fb7985aa64dd6bac3a11066af4570c1324f364089a8d9957905f7b98c1d06b64
EXP-13,ESC-07,0.409323,0.25715,0.0,0.333528,1.0,SYNTHETIC_RESEARCH_FIXTURE,OG-SYNTH-0.2,B2-0.2,build_opus_synthetic_programme_v0_2.py@0.2,20260811,True,6e64438546dfc3bc7b0cdb80d151fb3519ac34d2dccb26eef7ea6f1db1e608cc
EXP-13,ESC-08,0.301749,0.392184,0.0,0.306067,1.0,SYNTHETIC_RESEARCH_FIXTURE,OG-SYNTH-0.2,B2-0.2,build_opus_synthetic_programme_v0_2.py@0.2,20260811,True,fea575011dbeec7416c04b82dfd51c83af457be2157e5ba0693109119ea47e13
EXP-13,ESC-09,0.176932,0.431957,0.111039,0.280071,1.0,SYNTHETIC_RESEARCH_FIXTURE,OG-SYNTH-0.2,B2-0.2,build_opus_synthetic_programme_v0_2.py@0.2,20260811,True,0db75199258b85b8d8e1df4fc3625e12437007b2a8a3ca4eed0177e42e0f1f5c
EXP-13,ESC-10,0.154902,0.401833,0.112987,0.330278,1.0,SYNTHETIC_RESEARCH_FIXTURE,OG-SYNTH-0.2,B2-0.2,build_opus_synthetic_programme_v0_2.py@0.2,20260811,True,50196461e870ab49746fbb962f081db7333254ca5da16986071fb272017f06b2
EXP-13,ESC-11,0.272956,0.455432,0.030665,0.240947,1.0,SYNTHETIC_RESEARCH_FIXTURE,OG-SYNTH-0.2,B2-0.2,build_opus_synthetic_programme_v0_2.py@0.2,20260811,True,150de1c60efe7c7de2c4ff9e989f119f8c71cc6f6fc379111cfb93f262ff10cf
EXP-13,ESC-12,0.17386,0.444707,0.122611,0.258822,1.0,SYNTHETIC_RESEARCH_FIXTURE,OG-SYNTH-0.2,B2-0.2,build_opus_synthetic_programme_v0_2.py@0.2,20260811,True,bd8f4ad060b823242696b4d5a7f139fd3ab67f9d7a76d862bec37e14c79a7024
EXP-13,ESC-13,0.14152,0.406038,0.129172,0.32327,1.0,SYNTHETIC_RESEARCH_FIXTURE,OG-SYNTH-0.2,B2-0.2,build_opus_synthetic_programme_v0_2.py@0.2,20260811,True,eee49b6801a62f5e3ed6f14e9b5b245fd073f97badff3c559511035b2c069b2a
EXP-13,ESC-14,0.0,0.320084,0.413645,0.266271,1.0,SYNTHETIC_RESEARCH_FIXTURE,OG-SYNTH-0.2,B2-0.2,build_opus_synthetic_programme_v0_2.py@0.2,20260811,True,a7241edd3b611a728c0c8ccf38f9fca782da753f208bb8eaeb3432c37f6635fb
EXP-13,ESC-15,0.010543,0.441949,0.28409,0.263418,1.0,SYNTHETIC_RESEARCH_FIXTURE,OG-SYNTH-0.2,B2-0.2,build_opus_synthetic_programme_v0_2.py@0.2,20260811,True,7792d96741c97e953060ad8ee600b65b2c8c41de5ddb839c06c521ccf23e2229
EXP-13,ESC-16,0.0,0.398426,0.328378,0.273196,1.0,SYNTHETIC_RESEARCH_FIXTURE,OG-SYNTH-0.2,B2-0.2,build_opus_synthetic_programme_v0_2.py@0.2,20260811,True,eb689b81af6cba8add832424c677b1dfb70f8d08710d3156f0e2641d6ddf0232
EXP-13,ESC-17,0.0,0.21086,0.474602,0.314537,1.0,SYNTHETIC_RESEARCH_FIXTURE,OG-SYNTH-0.2,B2-0.2,build_opus_synthetic_programme_v0_2.py@0.2,20260811,True,90cca9ff1738a539c9e5525ec52fc8ced8c323473fc884643e529f06a7b4862c
EXP-13,ESC-18,0.053054,0.46053,0.253966,0.23245,1.0,SYNTHETIC_RESEARCH_FIXTURE,OG-SYNTH-0.2,B2-0.2,build_opus_synthetic_programme_v0_2.py@0.2,20260811,True,e5015f71070e3a77ebbc977c20165e5a962eb32fa32a3c9e261dd4c82f28cf04
EXP-13,ESC-19,0.040625,0.410617,0.233119,0.315638,1.0,SYNTHETIC_RESEARCH_FIXTURE,OG-SYNTH-0.2,B2-0.2,build_opus_synthetic_programme_v0_2.py@0.2,20260811,True,0130ef6fd594de9c62f1b059658d4ea84bc4ff7cfd58e2d531b4a80bf324bd3c
EXP-13,ESC-20,0.034177,0.446138,0.263249,0.256436,1.0,SYNTHETIC_RESEARCH_FIXTURE,OG-SYNTH-0.2,B2-0.2,build_opus_synthetic_programme_v0_2.py@0.2,20260811,True,fba9a30b8a88c0365bd1c6e31228110f3469227b5ae8eda59ea160ee7d516c31
EXP-13,ESC-21,0.0,0.136534,0.57054,0.292926,1.0,SYNTHETIC_RESEARCH_FIXTURE,OG-SYNTH-0.2,B2-0.2,build_opus_synthetic_programme_v0_2.py@0.2,20260811,True,ddd70d96a9680b49fab9c85985525bc9f480a097cc04deb7a5387a14654330e8
EXP-13,ESC-22,0.0,0.230033,0.466332,0.303635,1.0,SYNTHETIC_RESEARCH_FIXTURE,OG-SYNTH-0.2,B2-0.2,build_opus_synthetic_programme_v0_2.py@0.2,20260811,True,61e67b30f39f26da8a2f14e77c6e5a1eb036ed692c0c3ea0716c77c8e749f7a8
EXP-13,ESC-23,0.0,0.14963,0.607015,0.243355,1.0,SYNTHETIC_RESEARCH_FIXTURE,OG-SYNTH-0.2,B2-0.2,build_opus_synthetic_programme_v0_2.py@0.2,20260811,True,6a16b3c2dd95db85a128888d01a8f674e014be245e1a33858099b0ea8790e888
EXP-13,ESC-24,0.0,0.068424,0.590308,0.341267,1.0,SYNTHETIC_RESEARCH_FIXTURE,OG-SYNTH-0.2,B2-0.2,build_opus_synthetic_programme_v0_2.py@0.2,20260811,True,e469587fb3af72c06a70116fe8ac6a5e7fd38c56770db580f3aa73aae95b3d74
EXP-14,ESC-01,0.404922,0.324749,0.0,0.270329,1.0,SYNTHETIC_RESEARCH_FIXTURE,OG-SYNTH-0.2,B2-0.2,build_opus_synthetic_programme_v0_2.py@0.2,20260811,True,dfd98a92909e62b9a3a1f67d517850e58084bd399b655ae828198ef758904cef
EXP-14,ESC-02,0.297318,0.35554,0.0,0.347142,1.0,SYNTHETIC_RESEARCH_FIXTURE,OG-SYNTH-0.2,B2-0.2,build_opus_synthetic_programme_v0_2.py@0.2,20260811,True,b527cc1335b807c946c2ef13380ea027d555a0741dd4bbe2dd4c6d22929603bd
EXP-14,ESC-03,0.321024,0.387236,0.0,0.29174,1.0,SYNTHETIC_RESEARCH_FIXTURE,OG-SYNTH-0.2,B2-0.2,build_opus_synthetic_programme_v0_2.py@0.2,20260811,True,6dd1956144e4414777214aa5f725d064fa57c1bad735a71dfaa66c9216654632
EXP-14,ESC-04,0.394419,0.335528,0.0,0.270053,1.0,SYNTHETIC_RESEARCH_FIXTURE,OG-SYNTH-0.2,B2-0.2,build_opus_synthetic_programme_v0_2.py@0.2,20260811,True,8be2bad03b58473b44ea204cf7566fd0809e529677b697d2adc5a4cb03507438
EXP-14,ESC-05,0.224634,0.397969,0.040679,0.336718,1.0,SYNTHETIC_RESEARCH_FIXTURE,OG-SYNTH-0.2,B2-0.2,build_opus_synthetic_programme_v0_2.py@0.2,20260811,True,34b727a99659e032d3771b96f02c19b5532e43e9ebaf415bd6513e90e99b4d16
EXP-14,ESC-06,0.223346,0.406912,0.047929,0.321814,1.0,SYNTHETIC_RESEARCH_FIXTURE,OG-SYNTH-0.2,B2-0.2,build_opus_synthetic_programme_v0_2.py@0.2,20260811,True,cb149122186848dddd4f0a4c22edcdb34cd3356906e087f1eb9dcce844b27f8f
EXP-14,ESC-07,0.412577,0.260117,0.0,0.327306,1.0,SYNTHETIC_RESEARCH_FIXTURE,OG-SYNTH-0.2,B2-0.2,build_opus_synthetic_programme_v0_2.py@0.2,20260811,True,9ced4dd779a2069f3b184cb4c2a29b26bc009423e4bb1e4839693e375ab36677
EXP-14,ESC-08,0.33866,0.362832,0.0,0.298509,1.0,SYNTHETIC_RESEARCH_FIXTURE,OG-SYNTH-0.2,B2-0.2,build_opus_synthetic_programme_v0_2.py@0.2,20260811,True,2f6e34869f8b8a591ed28f318fc1b928c279f06b2e0f72603e1e9ed9742df2f2
EXP-14,ESC-09,0.295491,0.433343,0.0,0.271166,1.0,SYNTHETIC_RESEARCH_FIXTURE,OG-SYNTH-0.2,B2-0.2,build_opus_synthetic_programme_v0_2.py@0.2,20260811,True,d0890cf940cce33cafea1d9c46bd9ba205e6e57f72193a77e3c0fb8f0f2310be
EXP-14,ESC-10,0.446871,0.229226,0.0,0.323903,1.0,SYNTHETIC_RESEARCH_FIXTURE,OG-SYNTH-0.2,B2-0.2,build_opus_synthetic_programme_v0_2.py@0.2,20260811,True,853bb255e4795fc7012f6eb257c39ec38ae58a0293970ce7dbf931baa9b57dbe
EXP-14,ESC-11,0.178867,0.462082,0.129188,0.229863,1.0,SYNTHETIC_RESEARCH_FIXTURE,OG-SYNTH-0.2,B2-0.2,build_opus_synthetic_programme_v0_2.py@0.2,20260811,True,0f4ec234fae5eda6e6480bdb25a30b0bb692dd7d4a31310a3d6f3f3a0ad232b0
EXP-14,ESC-12,0.091887,0.450746,0.20861,0.248757,1.0,SYNTHETIC_RESEARCH_FIXTURE,OG-SYNTH-0.2,B2-0.2,build_opus_synthetic_programme_v0_2.py@0.2,20260811,True,6541d00d33e47efc0934b938da657e5a81cd67dd6ed8bd6c243f57b75bc93a5c
EXP-14,ESC-13,0.175288,0.410064,0.098088,0.316559,1.0,SYNTHETIC_RESEARCH_FIXTURE,OG-SYNTH-0.2,B2-0.2,build_opus_synthetic_programme_v0_2.py@0.2,20260811,True,b4a28b4499f8ce47f4600d4a9329771eb60806a0cff7534aecfa2a80d537c846
EXP-14,ESC-14,0.0,0.434161,0.309221,0.256618,1.0,SYNTHETIC_RESEARCH_FIXTURE,OG-SYNTH-0.2,B2-0.2,build_opus_synthetic_programme_v0_2.py@0.2,20260811,True,404750599eb851f71c005e4f6fe1fb021215d2146e9f38c9b350a87a89f1edf2
EXP-14,ESC-15,0.0,0.347753,0.398639,0.253608,1.0,SYNTHETIC_RESEARCH_FIXTURE,OG-SYNTH-0.2,B2-0.2,build_opus_synthetic_programme_v0_2.py@0.2,20260811,True,4ba36de5f08741c11e8094627023b43d86d28f8db4bbde18501a66f11b76d630
EXP-14,ESC-16,0.179992,0.441648,0.11444,0.263921,1.0,SYNTHETIC_RESEARCH_FIXTURE,OG-SYNTH-0.2,B2-0.2,build_opus_synthetic_programme_v0_2.py@0.2,20260811,True,865f6e61aa079590a8a70747a2eb9dd31a9f650ff8d06fa98998c3ade7e84b02
EXP-14,ESC-17,0.0,0.331447,0.361152,0.307401,1.0,SYNTHETIC_RESEARCH_FIXTURE,OG-SYNTH-0.2,B2-0.2,build_opus_synthetic_programme_v0_2.py@0.2,20260811,True,5a4765141572d5c6aa43d9744801baffb8e3e22132eb50e1575482ad95b7c9a9
EXP-14,ESC-18,0.0,0.439417,0.339713,0.220869,1.0,SYNTHETIC_RESEARCH_FIXTURE,OG-SYNTH-0.2,B2-0.2,build_opus_synthetic_programme_v0_2.py@0.2,20260811,True,308cc7f8d4dd8771cfd7aecb17473c7c01881a76bdd22cbcf477d8f883b30c0e
EXP-14,ESC-19,0.0,0.285057,0.406387,0.308556,1.0,SYNTHETIC_RESEARCH_FIXTURE,OG-SYNTH-0.2,B2-0.2,build_opus_synthetic_programme_v0_2.py@0.2,20260811,True,f4b507a9971c5d663f787830e032fabb9294724b155d3303c9ee0807d0b33e71
EXP-14,ESC-20,0.0,0.287131,0.466632,0.246237,1.0,SYNTHETIC_RESEARCH_FIXTURE,OG-SYNTH-0.2,B2-0.2,build_opus_synthetic_programme_v0_2.py@0.2,20260811,True,cd0c2d0bc1c342fcf661953628972d3ec1ec3a89fbad57699d596210d575aff4
EXP-14,ESC-21,0.0,0.347857,0.367446,0.284697,1.0,SYNTHETIC_RESEARCH_FIXTURE,OG-SYNTH-0.2,B2-0.2,build_opus_synthetic_programme_v0_2.py@0.2,20260811,True,a3a3b0a0425a7f30e8c8a1a0deb043a6d6b577ce14db3bd15e2540c967baff18
EXP-14,ESC-22,0.0,0.070405,0.633641,0.295955,1.0,SYNTHETIC_RESEARCH_FIXTURE,OG-SYNTH-0.2,B2-0.2,build_opus_synthetic_programme_v0_2.py@0.2,20260811,True,d73ad0461adac703c9bcb01fa8a7fc5613c9573f5a5690cdc3e80712881a4f66
EXP-14,ESC-23,0.0,0.175998,0.591591,0.23241,1.0,SYNTHETIC_RESEARCH_FIXTURE,OG-SYNTH-0.2,B2-0.2,build_opus_synthetic_programme_v0_2.py@0.2,20260811,True,8eec66c65abd0f2b1d6970a4dddd18fb5df19f36380d558e6db7230672682281
EXP-14,ESC-24,0.0,0.252473,0.41212,0.335406,1.0,SYNTHETIC_RESEARCH_FIXTURE,OG-SYNTH-0.2,B2-0.2,build_opus_synthetic_programme_v0_2.py@0.2,20260811,True,07190b535bf3156c768406ab33535fc8468bb45af4b09c9e57192f6524489047
EXP-15,ESC-01,0.609896,0.128947,0.0,0.261156,1.0,SYNTHETIC_RESEARCH_FIXTURE,OG-SYNTH-0.2,B2-0.2,build_opus_synthetic_programme_v0_2.py@0.2,20260811,True,07cfb22abee3febdbdf638d852d47225792a6f9ae2f0378ebc76fd6fd8adaab8
EXP-15,ESC-02,0.495781,0.162517,0.0,0.341702,1.0,SYNTHETIC_RESEARCH_FIXTURE,OG-SYNTH-0.2,B2-0.2,build_opus_synthetic_programme_v0_2.py@0.2,20260811,True,e05afeb29b9e34a783c7c59c8ed1e0ee2ae0a67ed8eea401e79ee60da42d5441
EXP-15,ESC-03,0.382224,0.3341,0.0,0.283676,1.0,SYNTHETIC_RESEARCH_FIXTURE,OG-SYNTH-0.2,B2-0.2,build_opus_synthetic_programme_v0_2.py@0.2,20260811,True,d5bdb4efcdb9c74191b61de82b2e963aa4ced17228a74b505e8d0142c2399b10
EXP-15,ESC-04,0.477693,0.261441,0.0,0.260866,1.0,SYNTHETIC_RESEARCH_FIXTURE,OG-SYNTH-0.2,B2-0.2,build_opus_synthetic_programme_v0_2.py@0.2,20260811,True,5e43c460e1c6c106c5a57e7c4386adefaf0e30a9754b484ab3c0bf096d009914
EXP-15,ESC-05,0.240297,0.401513,0.027378,0.330812,1.0,SYNTHETIC_RESEARCH_FIXTURE,OG-SYNTH-0.2,B2-0.2,build_opus_synthetic_programme_v0_2.py@0.2,20260811,True,4c6b8129bf91cf18ff291765923a6c1b2b6d4024de45a140800859f19047537f
EXP-15,ESC-06,0.237358,0.410869,0.036555,0.315218,1.0,SYNTHETIC_RESEARCH_FIXTURE,OG-SYNTH-0.2,B2-0.2,build_opus_synthetic_programme_v0_2.py@0.2,20260811,True,88a6b522d727af51014dec8130087ac5107e92b35cd5a2eb3e9dea9f9f11befa
EXP-15,ESC-07,0.270213,0.407419,0.0014,0.320968,1.0,SYNTHETIC_RESEARCH_FIXTURE,OG-SYNTH-0.2,B2-0.2,build_opus_synthetic_programme_v0_2.py@0.2,20260811,True,d8c437bbcc3e6235ab494122eb363e765bac7187951b8a790899c56d6ef3b3a4
EXP-15,ESC-08,0.330288,0.378928,0.0,0.290784,1.0,SYNTHETIC_RESEARCH_FIXTURE,OG-SYNTH-0.2,B2-0.2,build_opus_synthetic_programme_v0_2.py@0.2,20260811,True,5c0aec234b1a11dfb7a8589323412f2196f5db72c37ccf3f036bb27325dd09b1
EXP-15,ESC-09,0.251312,0.442777,0.043873,0.262038,1.0,SYNTHETIC_RESEARCH_FIXTURE,OG-SYNTH-0.2,B2-0.2,build_opus_synthetic_programme_v0_2.py@0.2,20260811,True,63bd30bcc91b87a836986093cd2a721271d8999daede6f7d7dda37585d77623f
EXP-15,ESC-10,0.15066,0.409557,0.122378,0.317405,1.0,SYNTHETIC_RESEARCH_FIXTURE,OG-SYNTH-0.2,B2-0.2,build_opus_synthetic_programme_v0_2.py@0.2,20260811,True,26ebd053beb6733df473ce0ca1696ea656af09dff17e4bad9aa0265b78a76d4b
EXP-15,ESC-11,0.301044,0.468929,0.011575,0.218451,1.0,SYNTHETIC_RESEARCH_FIXTURE,OG-SYNTH-0.2,B2-0.2,build_opus_synthetic_programme_v0_2.py@0.2,20260811,True,f9765413b36c409dc10c44a51faa3480d76c671b9b1c28f8b922c4592e8f5d21
EXP-15,ESC-12,0.132639,0.456952,0.171995,0.238414,1.0,SYNTHETIC_RESEARCH_FIXTURE,OG-SYNTH-0.2,B2-0.2,build_opus_synthetic_programme_v0_2.py@0.2,20260811,True,fc9675be99754dad03c69fdbfb264383c7ae7d466a518bc42decbb0ea0604062
EXP-15,ESC-13,0.062944,0.414171,0.21317,0.309715,1.0,SYNTHETIC_RESEARCH_FIXTURE,OG-SYNTH-0.2,B2-0.2,build_opus_synthetic_programme_v0_2.py@0.2,20260811,True,c10b13d518414f9a250665f9111fe3a4de6e7c8b8aad8f36d3fe45600e4cef05
EXP-15,ESC-14,0.0,0.414931,0.338361,0.246708,1.0,SYNTHETIC_RESEARCH_FIXTURE,OG-SYNTH-0.2,B2-0.2,build_opus_synthetic_programme_v0_2.py@0.2,20260811,True,d45eef17aef8e97c4323858779c07e82ebd8feb383ec83892a0de3bc4b0d73a8
EXP-15,ESC-15,0.0,0.293153,0.463314,0.243533,1.0,SYNTHETIC_RESEARCH_FIXTURE,OG-SYNTH-0.2,B2-0.2,build_opus_synthetic_programme_v0_2.py@0.2,20260811,True,feaa8abf34ee9fd55753044336a632b0876ad4e1a8174d6f3091e1d2539ac561
EXP-15,ESC-16,0.0,0.440909,0.304685,0.254406,1.0,SYNTHETIC_RESEARCH_FIXTURE,OG-SYNTH-0.2,B2-0.2,build_opus_synthetic_programme_v0_2.py@0.2,20260811,True,2d0aad6a06a39b8324549945ab80921cc927c531e357ac829100cafba76ab2d8
EXP-15,ESC-17,0.003771,0.419931,0.276183,0.300115,1.0,SYNTHETIC_RESEARCH_FIXTURE,OG-SYNTH-0.2,B2-0.2,build_opus_synthetic_programme_v0_2.py@0.2,20260811,True,b36af9e4fd592688020a423cdc726be0a1c417599991a953b4cb823adf27f595
EXP-15,ESC-18,0.0,0.404405,0.386662,0.208934,1.0,SYNTHETIC_RESEARCH_FIXTURE,OG-SYNTH-0.2,B2-0.2,build_opus_synthetic_programme_v0_2.py@0.2,20260811,True,04615cd429b56974f2e8446cee69883c2d95843ed91115b27b0690283bd27b52
EXP-15,ESC-19,0.0,0.359045,0.339629,0.301326,1.0,SYNTHETIC_RESEARCH_FIXTURE,OG-SYNTH-0.2,B2-0.2,build_opus_synthetic_programme_v0_2.py@0.2,20260811,True,d0b173774f4970f9467de80e4b0f33bd99787de91e788e95ef1de17f5dd38b52
EXP-15,ESC-20,0.0,0.257635,0.506611,0.235754,1.0,SYNTHETIC_RESEARCH_FIXTURE,OG-SYNTH-0.2,B2-0.2,build_opus_synthetic_programme_v0_2.py@0.2,20260811,True,8630d2e3c226f66ce08e3ee7c0c559d2bdd00b16b4cdc0c144dd0eb61fb7c09a
EXP-15,ESC-21,0.0,0.221741,0.501985,0.276274,1.0,SYNTHETIC_RESEARCH_FIXTURE,OG-SYNTH-0.2,B2-0.2,build_opus_synthetic_programme_v0_2.py@0.2,20260811,True,668e404e502eab2c15507a6e6922e8abfccfc4af3e982a2bc00a25c15c70b73f
EXP-15,ESC-22,0.0,0.219,0.492897,0.288103,1.0,SYNTHETIC_RESEARCH_FIXTURE,OG-SYNTH-0.2,B2-0.2,build_opus_synthetic_programme_v0_2.py@0.2,20260811,True,5553843350dce40dbbe08b7555f5b81404dd2d1a92eaf477ee6d18a519fd3fda
EXP-15,ESC-23,0.0,0.132665,0.64619,0.221145,1.0,SYNTHETIC_RESEARCH_FIXTURE,OG-SYNTH-0.2,B2-0.2,build_opus_synthetic_programme_v0_2.py@0.2,20260811,True,d4e8a9803b8d7339eee81fd925fd11404695db5b90ce7eed7cde37cff6e24b74
EXP-15,ESC-24,0.0,0.379931,0.290628,0.32944,1.0,SYNTHETIC_RESEARCH_FIXTURE,OG-SYNTH-0.2,B2-0.2,build_opus_synthetic_programme_v0_2.py@0.2,20260811,True,5e451f008d114994da5946389d3e2650e83de80c1de1bc49a201199f47bcbd58
