scenario_id,scenario_name,ground_truth_severity,evidence_completeness,ground_truth_status,data_origin,programme_version,package_version,generator_version,random_seed,not_for_empirical_validation,record_hash
ESC-01,Epistemic Scenario 1,0.040955,0.850702,GREEN,SYNTHETIC_RESEARCH_FIXTURE,OG-SYNTH-0.3,B2-0.3,build_opus_synthetic_programme_v0_3.py@0.3,20260812,True,fc83a4c7debf7230f676cf06af0ee3ecfe6d71431e3068b3ebe9c09fae8169be
ESC-02,Epistemic Scenario 2,0.1134,0.632803,GREEN,SYNTHETIC_RESEARCH_FIXTURE,OG-SYNTH-0.3,B2-0.3,build_opus_synthetic_programme_v0_3.py@0.3,20260812,True,8520dadb8db3a843b0f88fa5745bff9ed3ebe667c71324cb42f599914887272f
ESC-03,Epistemic Scenario 3,0.116161,0.794715,GREEN,SYNTHETIC_RESEARCH_FIXTURE,OG-SYNTH-0.3,B2-0.3,build_opus_synthetic_programme_v0_3.py@0.3,20260812,True,40b8c02d2c1efe447bbcc4872f19806731bdc5b5eec139228dd0aa7fe74ce4e6
ESC-04,Epistemic Scenario 4,0.200414,0.851402,GREEN,SYNTHETIC_RESEARCH_FIXTURE,OG-SYNTH-0.3,B2-0.3,build_opus_synthetic_programme_v0_3.py@0.3,20260812,True,fd35ef430bbbce9cecef07ffd3f56ac98d4708fbeb0ba240acbc964d3feae0b0
ESC-05,Epistemic Scenario 5,0.267711,0.665332,YELLOW,SYNTHETIC_RESEARCH_FIXTURE,OG-SYNTH-0.3,B2-0.3,build_opus_synthetic_programme_v0_3.py@0.3,20260812,True,7a0f63f3411b1e500de62e78ac80082b57772c7f9465ef9ff7b03c867da5baa6
ESC-06,Epistemic Scenario 6,0.268497,0.710107,YELLOW,SYNTHETIC_RESEARCH_FIXTURE,OG-SYNTH-0.3,B2-0.3,build_opus_synthetic_programme_v0_3.py@0.3,20260812,True,013def82dff9ae8cf7b6dbe9e74339c2517f1ec4c1a92078bb79b973df9134f6
ESC-07,Epistemic Scenario 7,0.268881,0.693837,YELLOW,SYNTHETIC_RESEARCH_FIXTURE,OG-SYNTH-0.3,B2-0.3,build_opus_synthetic_programme_v0_3.py@0.3,20260812,True,396e789b3bbc3c3d5d9f95f0eb3843005413c0722f5ae4f2b35cb27178c377ef
ESC-08,Epistemic Scenario 8,0.342899,0.776305,YELLOW,SYNTHETIC_RESEARCH_FIXTURE,OG-SYNTH-0.3,B2-0.3,build_opus_synthetic_programme_v0_3.py@0.3,20260812,True,7cc49c5f0a2320f4d5e4720723f2d41e9e82f9282d627f3f130b5bafe18ebca7
ESC-09,Epistemic Scenario 9,0.356965,0.848575,YELLOW,SYNTHETIC_RESEARCH_FIXTURE,OG-SYNTH-0.3,B2-0.3,build_opus_synthetic_programme_v0_3.py@0.3,20260812,True,6fee123879f2ba334eae74c468b70d048f0e99ec515dac6ef3ce9e684f8c0349
ESC-10,Epistemic Scenario 10,0.381283,0.70395,YELLOW,SYNTHETIC_RESEARCH_FIXTURE,OG-SYNTH-0.3,B2-0.3,build_opus_synthetic_programme_v0_3.py@0.3,20260812,True,71ec9af53b9b3c04334d38ddf52aa6dd2253c114a0fe423f1a56e29b06cb8b75
ESC-11,Epistemic Scenario 11,0.415622,0.948013,YELLOW,SYNTHETIC_RESEARCH_FIXTURE,OG-SYNTH-0.3,B2-0.3,build_opus_synthetic_programme_v0_3.py@0.3,20260812,True,cbe8d7b8dc28518fa14149bbe8390ccb4f18e199161d5b5e0a6f20410688b643
ESC-12,Epistemic Scenario 12,0.478242,0.903883,YELLOW,SYNTHETIC_RESEARCH_FIXTURE,OG-SYNTH-0.3,B2-0.3,build_opus_synthetic_programme_v0_3.py@0.3,20260812,True,689ed35c242a4f7adcb0a2abb88d720fe061421958e295dd93867ddcf0e85b79
ESC-13,Epistemic Scenario 13,0.461621,0.725426,YELLOW,SYNTHETIC_RESEARCH_FIXTURE,OG-SYNTH-0.3,B2-0.3,build_opus_synthetic_programme_v0_3.py@0.3,20260812,True,f34b61d389887666b6918088c2af8837f0ca80924be7992e72d2b66e12e1fe37
ESC-14,Epistemic Scenario 14,0.578799,0.88486,AMBER,SYNTHETIC_RESEARCH_FIXTURE,OG-SYNTH-0.3,B2-0.3,build_opus_synthetic_programme_v0_3.py@0.3,20260812,True,74c29e3bdd9eb6075142b5e91e0b40d73b062773890b9b4828c9f196c2b1b3ef
ESC-15,Epistemic Scenario 15,0.605053,0.892191,AMBER,SYNTHETIC_RESEARCH_FIXTURE,OG-SYNTH-0.3,B2-0.3,build_opus_synthetic_programme_v0_3.py@0.3,20260812,True,22124479eb48def77c75ee410068939bbe723c277ae2b8e7a247b9e43f33cfb6
ESC-16,Epistemic Scenario 16,0.570398,0.866825,AMBER,SYNTHETIC_RESEARCH_FIXTURE,OG-SYNTH-0.3,B2-0.3,build_opus_synthetic_programme_v0_3.py@0.3,20260812,True,042d249cae8d77429a66c89d64a80f0882517a6071ead493aa47b4552d991af0
ESC-17,Epistemic Scenario 17,0.72959,0.751571,AMBER,SYNTHETIC_RESEARCH_FIXTURE,OG-SYNTH-0.3,B2-0.3,build_opus_synthetic_programme_v0_3.py@0.3,20260812,True,6529dc4ebc07c08bfcb6814ba5bedd021b14645407f5dfd0718554b6d7189ba4
ESC-18,Epistemic Scenario 18,0.706247,0.968268,AMBER,SYNTHETIC_RESEARCH_FIXTURE,OG-SYNTH-0.3,B2-0.3,build_opus_synthetic_programme_v0_3.py@0.3,20260812,True,81a8a5475b02ea933e6b9bc9f823385e53b0d2daed3360fbbbe5fcbd4c5c0644
ESC-19,Epistemic Scenario 19,0.731358,0.748312,AMBER,SYNTHETIC_RESEARCH_FIXTURE,OG-SYNTH-0.3,B2-0.3,build_opus_synthetic_programme_v0_3.py@0.3,20260812,True,a25bed8001b20320c82e354433d40a53a3820a7466530987e482ace92ef34496
ESC-20,Epistemic Scenario 20,0.714168,0.909896,AMBER,SYNTHETIC_RESEARCH_FIXTURE,OG-SYNTH-0.3,B2-0.3,build_opus_synthetic_programme_v0_3.py@0.3,20260812,True,345341262b299ac7cf9833ecc3baff24ff1bcd57b445edd4315a30a7c6aee356
ESC-21,Epistemic Scenario 21,0.863703,0.813502,RED,SYNTHETIC_RESEARCH_FIXTURE,OG-SYNTH-0.3,B2-0.3,build_opus_synthetic_programme_v0_3.py@0.3,20260812,True,8476c06b62260884866ad87549e053452873ff995991a64160a29e81ab5d98cf
ESC-22,Epistemic Scenario 22,0.84591,0.783293,RED,SYNTHETIC_RESEARCH_FIXTURE,OG-SYNTH-0.3,B2-0.3,build_opus_synthetic_programme_v0_3.py@0.3,20260812,True,f9ed034e546cc72840ccc0363c44b2883de4989e2cd46928e4ece843cf57c8c8
ESC-23,Epistemic Scenario 23,0.87232,0.94219,RED,SYNTHETIC_RESEARCH_FIXTURE,OG-SYNTH-0.3,B2-0.3,build_opus_synthetic_programme_v0_3.py@0.3,20260812,True,6002af07d36f634a5cdf1c68e375d190d8071c28642cc9083104a8d5a909a52d
ESC-24,Epistemic Scenario 24,0.908833,0.669353,RED,SYNTHETIC_RESEARCH_FIXTURE,OG-SYNTH-0.3,B2-0.3,build_opus_synthetic_programme_v0_3.py@0.3,20260812,True,ae5a61c3f1ce67ab214b5ea203188e1c42df1abfe65fc87072f09a19e4ab56a5
