expert_id,scenario_id,poss_green,poss_yellow,poss_amber,poss_red,max_possibility,data_origin,programme_version,package_version,generator_version,random_seed,not_for_empirical_validation,record_hash
EXP-01,ESC-01,1.0,0.194296,0.006114,3.1e-05,1.0,SYNTHETIC_RESEARCH_FIXTURE,OG-SYNTH-0.3,B2-0.3,build_opus_synthetic_programme_v0_3.py@0.3,20260812,True,5bd0b42274018b52ec2407d552aa2e6873844f364bdbc391ab77e42600e61b99
EXP-01,ESC-02,1.0,0.361007,0.024841,0.000326,1.0,SYNTHETIC_RESEARCH_FIXTURE,OG-SYNTH-0.3,B2-0.3,build_opus_synthetic_programme_v0_3.py@0.3,20260812,True,b5b44cb54723c0d4b2380a9a89410eaee04d22331b77d41196b4ff6093415f00
EXP-01,ESC-03,1.0,0.202157,0.006917,4e-05,1.0,SYNTHETIC_RESEARCH_FIXTURE,OG-SYNTH-0.3,B2-0.3,build_opus_synthetic_programme_v0_3.py@0.3,20260812,True,ff6af3c7188ba2974aa94e18e4b7c5a577d7a785b1fb9958c5f0c06841ea8c07
EXP-01,ESC-04,1.0,0.286436,0.013281,0.0001,1.0,SYNTHETIC_RESEARCH_FIXTURE,OG-SYNTH-0.3,B2-0.3,build_opus_synthetic_programme_v0_3.py@0.3,20260812,True,946f40b7691f3b9c1b19d28fb22c453bf2790f5718ed70dd1ba47cead18a5143
EXP-01,ESC-05,0.633211,1.0,0.294205,0.016125,1.0,SYNTHETIC_RESEARCH_FIXTURE,OG-SYNTH-0.3,B2-0.3,build_opus_synthetic_programme_v0_3.py@0.3,20260812,True,6e580a020f3b488c0c5043aba822ff3c8af296b52947854e938010e9525c81e2
EXP-01,ESC-06,1.0,0.659045,0.078343,0.00168,1.0,SYNTHETIC_RESEARCH_FIXTURE,OG-SYNTH-0.3,B2-0.3,build_opus_synthetic_programme_v0_3.py@0.3,20260812,True,be695b21b8cef181678cd0e6812b2fd13b7c4d22924c97550b97fc3f43a12d49
EXP-01,ESC-07,1.0,0.675927,0.08339,0.001878,1.0,SYNTHETIC_RESEARCH_FIXTURE,OG-SYNTH-0.3,B2-0.3,build_opus_synthetic_programme_v0_3.py@0.3,20260812,True,2de02580f95a7572b36c1dbe9c86000e71b0c7dc2f27734dbf76fdfbfe74f4a0
EXP-01,ESC-08,0.632494,1.0,0.271412,0.012646,1.0,SYNTHETIC_RESEARCH_FIXTURE,OG-SYNTH-0.3,B2-0.3,build_opus_synthetic_programme_v0_3.py@0.3,20260812,True,1a750ca17cdfad17b45f284772872eaa8927884ebd844ce044d96ef710146eaa
EXP-01,ESC-09,0.911916,1.0,0.177906,0.005135,1.0,SYNTHETIC_RESEARCH_FIXTURE,OG-SYNTH-0.3,B2-0.3,build_opus_synthetic_programme_v0_3.py@0.3,20260812,True,a73c5465ec28c81d66b491a693fdb0c82b3fd5be33ddbc65e5cef44ccbc827c5
EXP-01,ESC-10,1.0,0.972024,0.171191,0.005463,1.0,SYNTHETIC_RESEARCH_FIXTURE,OG-SYNTH-0.3,B2-0.3,build_opus_synthetic_programme_v0_3.py@0.3,20260812,True,ea0261fe7186f097b776880809e43d28d53f84fe975a368ec716fb78bc279324
EXP-01,ESC-11,1.0,0.967873,0.139972,0.003025,1.0,SYNTHETIC_RESEARCH_FIXTURE,OG-SYNTH-0.3,B2-0.3,build_opus_synthetic_programme_v0_3.py@0.3,20260812,True,bfbdb57674d5ddfa7f7a9b9ec2480d1acc3e7942b2e8e218b1cccf34feac9777
EXP-01,ESC-12,0.083115,0.732082,1.0,0.211836,1.0,SYNTHETIC_RESEARCH_FIXTURE,OG-SYNTH-0.3,B2-0.3,build_opus_synthetic_programme_v0_3.py@0.3,20260812,True,64d3dd3403a59c44327e77b0e7345b66e39d20ae15a13b2e45e17c216c8f9401
EXP-01,ESC-13,0.35693,1.0,0.499688,0.044533,1.0,SYNTHETIC_RESEARCH_FIXTURE,OG-SYNTH-0.3,B2-0.3,build_opus_synthetic_programme_v0_3.py@0.3,20260812,True,8e614d835b555708240fe23c1b3b527f23c0ebf932d6df61afef4238b239e90b
EXP-01,ESC-14,0.097646,0.787298,1.0,0.200096,1.0,SYNTHETIC_RESEARCH_FIXTURE,OG-SYNTH-0.3,B2-0.3,build_opus_synthetic_programme_v0_3.py@0.3,20260812,True,0844bc238ea3039f93f096620506f8622803f5d120bd17e40416ed0b19e6b447
EXP-01,ESC-15,0.04987,0.56434,1.0,0.277472,1.0,SYNTHETIC_RESEARCH_FIXTURE,OG-SYNTH-0.3,B2-0.3,build_opus_synthetic_programme_v0_3.py@0.3,20260812,True,ac8aa2a67970cca02a6bc8abe2b2e02594302d46753b3b329835b7850a0d66b6
EXP-01,ESC-16,0.106384,0.815752,1.0,0.195976,1.0,SYNTHETIC_RESEARCH_FIXTURE,OG-SYNTH-0.3,B2-0.3,build_opus_synthetic_programme_v0_3.py@0.3,20260812,True,609463687ab3aad16cd30db9ac9af2244a0d443aae2569f81bbb952e5afa7cb8
EXP-01,ESC-17,0.001984,0.09028,0.718431,1.0,1.0,SYNTHETIC_RESEARCH_FIXTURE,OG-SYNTH-0.3,B2-0.3,build_opus_synthetic_programme_v0_3.py@0.3,20260812,True,ea3bf46b33bca337e0165b3d4019799d4530054100e6094bffc50dbdf841d551
EXP-01,ESC-18,0.03253,0.470681,1.0,0.311961,1.0,SYNTHETIC_RESEARCH_FIXTURE,OG-SYNTH-0.3,B2-0.3,build_opus_synthetic_programme_v0_3.py@0.3,20260812,True,848a61975730b0b7777fc2df29ff80eb24b629f77994d45a143a271d8d7740a7
EXP-01,ESC-19,0.000516,0.03669,0.457436,1.0,1.0,SYNTHETIC_RESEARCH_FIXTURE,OG-SYNTH-0.3,B2-0.3,build_opus_synthetic_programme_v0_3.py@0.3,20260812,True,5579414ddbec2b767a3fccf45df6baf74abc85f9ce21ec7c10dcf72b50ba17e4
EXP-01,ESC-20,0.024735,0.400375,1.0,0.385406,1.0,SYNTHETIC_RESEARCH_FIXTURE,OG-SYNTH-0.3,B2-0.3,build_opus_synthetic_programme_v0_3.py@0.3,20260812,True,cb463013b7a6ab3ae40e7bd3779a4f032eb2d4dd67475a1132aebf1035199b14
EXP-01,ESC-21,0.000127,0.015142,0.301295,1.0,1.0,SYNTHETIC_RESEARCH_FIXTURE,OG-SYNTH-0.3,B2-0.3,build_opus_synthetic_programme_v0_3.py@0.3,20260812,True,c50cf06fae268b173bebe7f9e24d1341947db24913e28916ba81c7b75515f7f3
EXP-01,ESC-22,0.000975,0.057599,0.580798,1.0,1.0,SYNTHETIC_RESEARCH_FIXTURE,OG-SYNTH-0.3,B2-0.3,build_opus_synthetic_programme_v0_3.py@0.3,20260812,True,374396386e37ae53814778b6f302051f0627a97b26c4135f27b44caf71585881
EXP-01,ESC-23,0.00019,0.022012,0.382864,1.0,1.0,SYNTHETIC_RESEARCH_FIXTURE,OG-SYNTH-0.3,B2-0.3,build_opus_synthetic_programme_v0_3.py@0.3,20260812,True,0a230a766bdeaac26fde89f36e5dd76b74834ac5e26e3bc722801896b2d1e303
EXP-01,ESC-24,0.037324,0.448245,1.0,0.414419,1.0,SYNTHETIC_RESEARCH_FIXTURE,OG-SYNTH-0.3,B2-0.3,build_opus_synthetic_programme_v0_3.py@0.3,20260812,True,e0e8f262b665a0e824b28d4a6c51a84310b0a40f721bd19b7313addf79488633
EXP-02,ESC-01,1.0,0.190792,0.005777,2.8e-05,1.0,SYNTHETIC_RESEARCH_FIXTURE,OG-SYNTH-0.3,B2-0.3,build_opus_synthetic_programme_v0_3.py@0.3,20260812,True,43d82239815a69d9aa5dd47aae528d05fdc86a6556116d9554aecf16362ecb0f
EXP-02,ESC-02,1.0,0.222346,0.009301,7.3e-05,1.0,SYNTHETIC_RESEARCH_FIXTURE,OG-SYNTH-0.3,B2-0.3,build_opus_synthetic_programme_v0_3.py@0.3,20260812,True,f24e7d7fbe86eb36dfba8ba2142d15711dd8e85eafcf5bc71e7ab20304f03691
EXP-02,ESC-03,1.0,0.286975,0.013688,0.000109,1.0,SYNTHETIC_RESEARCH_FIXTURE,OG-SYNTH-0.3,B2-0.3,build_opus_synthetic_programme_v0_3.py@0.3,20260812,True,1d79847d049e15ad1655a910362a6b985dc500349068dd1949d1efcf793dfc45
EXP-02,ESC-04,1.0,0.831654,0.109711,0.002296,1.0,SYNTHETIC_RESEARCH_FIXTURE,OG-SYNTH-0.3,B2-0.3,build_opus_synthetic_programme_v0_3.py@0.3,20260812,True,5206757c590cf381bc09434847563678e387d067b27c06e88d482b9b610e273b
EXP-02,ESC-05,1.0,0.619935,0.070601,0.001477,1.0,SYNTHETIC_RESEARCH_FIXTURE,OG-SYNTH-0.3,B2-0.3,build_opus_synthetic_programme_v0_3.py@0.3,20260812,True,d24fc4dab2cf8c7e9c56ef1dcd9994bd3baed6a646ed6da422972cd6481dfa18
EXP-02,ESC-06,1.0,0.280651,0.01399,0.000124,1.0,SYNTHETIC_RESEARCH_FIXTURE,OG-SYNTH-0.3,B2-0.3,build_opus_synthetic_programme_v0_3.py@0.3,20260812,True,2e0b2093f886aab3f3c7df3750fcf3437552dd479422bd730893729423555468
EXP-02,ESC-07,0.298397,1.0,0.602645,0.06531,1.0,SYNTHETIC_RESEARCH_FIXTURE,OG-SYNTH-0.3,B2-0.3,build_opus_synthetic_programme_v0_3.py@0.3,20260812,True,3d0e5ebba95d04bf99b910c421202e911bf1a9add98e17c09e8d56b4d107b010
EXP-02,ESC-08,1.0,0.522363,0.046026,0.000684,1.0,SYNTHETIC_RESEARCH_FIXTURE,OG-SYNTH-0.3,B2-0.3,build_opus_synthetic_programme_v0_3.py@0.3,20260812,True,27a47354ec30d91b410db17401954fcc6ebb40ba3e5f1ffe25e897cc7408a663
EXP-02,ESC-09,1.0,0.785976,0.098223,0.001952,1.0,SYNTHETIC_RESEARCH_FIXTURE,OG-SYNTH-0.3,B2-0.3,build_opus_synthetic_programme_v0_3.py@0.3,20260812,True,8cc34c37b12d96440e3b85ff846d22babf7bf0f5e96ba5c07f5c513812fc2d86
EXP-02,ESC-10,0.811235,1.0,0.21998,0.008636,1.0,SYNTHETIC_RESEARCH_FIXTURE,OG-SYNTH-0.3,B2-0.3,build_opus_synthetic_programme_v0_3.py@0.3,20260812,True,c8c416ad65c4240efe29f738cef1aef8aa8a73505e39be4ce2d51784477b1d2f
EXP-02,ESC-11,1.0,0.587791,0.050395,0.00063,1.0,SYNTHETIC_RESEARCH_FIXTURE,OG-SYNTH-0.3,B2-0.3,build_opus_synthetic_programme_v0_3.py@0.3,20260812,True,c69f422fd83299ce1f3ebf07c71ce992c67177cf7fc9907f271a22cb5a23acb4
EXP-02,ESC-12,0.112133,0.859853,1.0,0.176384,1.0,SYNTHETIC_RESEARCH_FIXTURE,OG-SYNTH-0.3,B2-0.3,build_opus_synthetic_programme_v0_3.py@0.3,20260812,True,a8e43c88859a5f686cad5ee3674beca112d7aa9bebfed3fdd122f11e433379f9
EXP-02,ESC-13,0.046701,0.515787,1.0,0.340344,1.0,SYNTHETIC_RESEARCH_FIXTURE,OG-SYNTH-0.3,B2-0.3,build_opus_synthetic_programme_v0_3.py@0.3,20260812,True,43872e0608452e097abbfb2bd720d97341b62bf3ea80e9c0b1449249440b62d0
EXP-02,ESC-14,0.048198,0.559115,1.0,0.275757,1.0,SYNTHETIC_RESEARCH_FIXTURE,OG-SYNTH-0.3,B2-0.3,build_opus_synthetic_programme_v0_3.py@0.3,20260812,True,7ebcdc31583a3590329310c4907f5c134c41067fe5522ce3ac65368737996bf5
EXP-02,ESC-15,0.112476,0.856815,1.0,0.178813,1.0,SYNTHETIC_RESEARCH_FIXTURE,OG-SYNTH-0.3,B2-0.3,build_opus_synthetic_programme_v0_3.py@0.3,20260812,True,b63521eb44490799fc17d116b1d48510efb58ec4a6af1317077bb7be2fa3d543
EXP-02,ESC-16,0.229634,1.0,0.681831,0.072789,1.0,SYNTHETIC_RESEARCH_FIXTURE,OG-SYNTH-0.3,B2-0.3,build_opus_synthetic_programme_v0_3.py@0.3,20260812,True,149ac3bbe2608253ca3dcd07d4c4e0b13855e051925caaab6c929500f79adc92
EXP-02,ESC-17,0.000131,0.015002,0.295319,1.0,1.0,SYNTHETIC_RESEARCH_FIXTURE,OG-SYNTH-0.3,B2-0.3,build_opus_synthetic_programme_v0_3.py@0.3,20260812,True,4a58d97f6028066763352b74fb1b2ca22ae9fbf8ee5220a5b4d8bd76cca948e6
EXP-02,ESC-18,0.000755,0.057915,0.635912,1.0,1.0,SYNTHETIC_RESEARCH_FIXTURE,OG-SYNTH-0.3,B2-0.3,build_opus_synthetic_programme_v0_3.py@0.3,20260812,True,8fd9fbe1618d5ab6811665fea7cf55b12ed32b39df8dd43bcfd2e9ede9012668
EXP-02,ESC-19,0.010692,0.248994,1.0,0.692591,1.0,SYNTHETIC_RESEARCH_FIXTURE,OG-SYNTH-0.3,B2-0.3,build_opus_synthetic_programme_v0_3.py@0.3,20260812,True,7e1e7abc193309d5e027a2c1f13b550f17289d9b2063acc3f8308ec1102e3dca
EXP-02,ESC-20,0.011545,0.276628,1.0,0.545394,1.0,SYNTHETIC_RESEARCH_FIXTURE,OG-SYNTH-0.3,B2-0.3,build_opus_synthetic_programme_v0_3.py@0.3,20260812,True,9f104bc143e14d5f32da95a5eba3b5a5c01129613bfbb02e244fd5c385d1a15a
EXP-02,ESC-21,0.000305,0.027689,0.411292,1.0,1.0,SYNTHETIC_RESEARCH_FIXTURE,OG-SYNTH-0.3,B2-0.3,build_opus_synthetic_programme_v0_3.py@0.3,20260812,True,31302bcffd294c92cab4214faea7831f726e7001ffdcafd874b3ebe11053aa95
EXP-02,ESC-22,0.000265,0.024624,0.383147,1.0,1.0,SYNTHETIC_RESEARCH_FIXTURE,OG-SYNTH-0.3,B2-0.3,build_opus_synthetic_programme_v0_3.py@0.3,20260812,True,bb51299c638c14efafcb76eb613425d10ff440ea05834edabfbd5b6d69d0a3c1
EXP-02,ESC-23,8.7e-05,0.013393,0.302222,1.0,1.0,SYNTHETIC_RESEARCH_FIXTURE,OG-SYNTH-0.3,B2-0.3,build_opus_synthetic_programme_v0_3.py@0.3,20260812,True,7e4e74d8b712e71c900d97f36990eecfa3e3443e9fc858dd2543c47c83a979aa
EXP-02,ESC-24,2.8e-05,0.005074,0.166435,1.0,1.0,SYNTHETIC_RESEARCH_FIXTURE,OG-SYNTH-0.3,B2-0.3,build_opus_synthetic_programme_v0_3.py@0.3,20260812,True,5eef6c0de3889d3dc618e06a7ce2da33b0f16d7279140fd83f2e9b6b329184b0
EXP-03,ESC-01,1.0,0.230269,0.008244,4.6e-05,1.0,SYNTHETIC_RESEARCH_FIXTURE,OG-SYNTH-0.3,B2-0.3,build_opus_synthetic_programme_v0_3.py@0.3,20260812,True,ca9d744bcf01f5af300737d9095f21f9eec4c82ea925f922f1bd651fe2d37790
EXP-03,ESC-02,1.0,0.219721,0.008964,6.8e-05,1.0,SYNTHETIC_RESEARCH_FIXTURE,OG-SYNTH-0.3,B2-0.3,build_opus_synthetic_programme_v0_3.py@0.3,20260812,True,836a2c48ff78f45908db7795bb92fb81c97c69ce045819253feb680d6cc96c8d
EXP-03,ESC-03,1.0,0.788481,0.101437,0.002129,1.0,SYNTHETIC_RESEARCH_FIXTURE,OG-SYNTH-0.3,B2-0.3,build_opus_synthetic_programme_v0_3.py@0.3,20260812,True,faee563ce3395b91b23026262eb8ad813950eb2fc91ac17c7055068a3cbc363e
EXP-03,ESC-04,1.0,0.92263,0.132275,0.002947,1.0,SYNTHETIC_RESEARCH_FIXTURE,OG-SYNTH-0.3,B2-0.3,build_opus_synthetic_programme_v0_3.py@0.3,20260812,True,c91bc23cc8278eaa21a1843aae925dfdcac8bbaab19dd97951e99d71be3144d6
EXP-03,ESC-05,1.0,0.768989,0.107103,0.002702,1.0,SYNTHETIC_RESEARCH_FIXTURE,OG-SYNTH-0.3,B2-0.3,build_opus_synthetic_programme_v0_3.py@0.3,20260812,True,703531639132fa68ba84fe06a4d59b1027c70edec2edabded428e023ef93b9f3
EXP-03,ESC-06,0.179713,1.0,0.973064,0.165579,1.0,SYNTHETIC_RESEARCH_FIXTURE,OG-SYNTH-0.3,B2-0.3,build_opus_synthetic_programme_v0_3.py@0.3,20260812,True,999394d5c58118299e56d98c66a1dafe15f654baa151c712b706b7f70712585e
EXP-03,ESC-07,1.0,0.531209,0.049985,0.000833,1.0,SYNTHETIC_RESEARCH_FIXTURE,OG-SYNTH-0.3,B2-0.3,build_opus_synthetic_programme_v0_3.py@0.3,20260812,True,3936f8fb29559ccabd070958ba980e10cf73972521499b7eda5d284a6118f467
EXP-03,ESC-08,0.714349,1.0,0.231955,0.008915,1.0,SYNTHETIC_RESEARCH_FIXTURE,OG-SYNTH-0.3,B2-0.3,build_opus_synthetic_programme_v0_3.py@0.3,20260812,True,d516ebf89e5fdd4cf4a4f1e6b0b949629c16788239d073225a23fd1e23ae8f54
EXP-03,ESC-09,0.287621,1.0,0.541602,0.045694,1.0,SYNTHETIC_RESEARCH_FIXTURE,OG-SYNTH-0.3,B2-0.3,build_opus_synthetic_programme_v0_3.py@0.3,20260812,True,f5e7734ae834f1c24a25dbafe45c3f4b2bac72cb7f4f2aa01ebf5bfc8d755ec3
EXP-03,ESC-10,0.371656,1.0,0.472828,0.039287,1.0,SYNTHETIC_RESEARCH_FIXTURE,OG-SYNTH-0.3,B2-0.3,build_opus_synthetic_programme_v0_3.py@0.3,20260812,True,595e6fdeeed1d46dc5eacc1638b0ec0edf4f76462d1f6023ae58457ec6b77072
EXP-03,ESC-11,0.394776,1.0,0.360526,0.0185,1.0,SYNTHETIC_RESEARCH_FIXTURE,OG-SYNTH-0.3,B2-0.3,build_opus_synthetic_programme_v0_3.py@0.3,20260812,True,53ad4fd5ecd4e2432c48946b01e703e06b5898dbf5f65411461dd01de1c98b03
EXP-03,ESC-12,0.480115,1.0,0.308809,0.014139,1.0,SYNTHETIC_RESEARCH_FIXTURE,OG-SYNTH-0.3,B2-0.3,build_opus_synthetic_programme_v0_3.py@0.3,20260812,True,4e27e1030b000882f6372345731f9dc214d5227fcafef69b3755326000371ba2
EXP-03,ESC-13,0.006133,0.188423,1.0,0.916782,1.0,SYNTHETIC_RESEARCH_FIXTURE,OG-SYNTH-0.3,B2-0.3,build_opus_synthetic_programme_v0_3.py@0.3,20260812,True,c8a48b63d59a87fcea69cad1856dae1b22eff30a487265556064b51cf2025677
EXP-03,ESC-14,0.022456,0.385842,1.0,0.390934,1.0,SYNTHETIC_RESEARCH_FIXTURE,OG-SYNTH-0.3,B2-0.3,build_opus_synthetic_programme_v0_3.py@0.3,20260812,True,28ba0cbb8ffa3c6f8b6de4bb5163e1af4e789baed4cdcdcd8ee4cf9bd14a4598
EXP-03,ESC-15,0.01094,0.270195,1.0,0.554582,1.0,SYNTHETIC_RESEARCH_FIXTURE,OG-SYNTH-0.3,B2-0.3,build_opus_synthetic_programme_v0_3.py@0.3,20260812,True,fd7c762e947c3e2f67d1dc5c6e4b202abfb423dbd90066f28164419ef39f6aa7
EXP-03,ESC-16,0.140289,0.956657,1.0,0.160234,1.0,SYNTHETIC_RESEARCH_FIXTURE,OG-SYNTH-0.3,B2-0.3,build_opus_synthetic_programme_v0_3.py@0.3,20260812,True,c6f0595d6f731d8cd7a8d5e57f6a9079c5b8fba083526d48e6fd0312e3e63aab
EXP-03,ESC-17,0.014353,0.291324,1.0,0.580509,1.0,SYNTHETIC_RESEARCH_FIXTURE,OG-SYNTH-0.3,B2-0.3,build_opus_synthetic_programme_v0_3.py@0.3,20260812,True,dba0e67c9bded2d5fb05bdc3a78d1673bd035c912fc56373130ffdfeab4e93ef
EXP-03,ESC-18,0.003103,0.149091,1.0,0.936484,1.0,SYNTHETIC_RESEARCH_FIXTURE,OG-SYNTH-0.3,B2-0.3,build_opus_synthetic_programme_v0_3.py@0.3,20260812,True,b31ad114c807fd524218519d65ef105744ed3a7e0e58e4298bc692a83eea8331
EXP-03,ESC-19,0.026704,0.396844,1.0,0.42729,1.0,SYNTHETIC_RESEARCH_FIXTURE,OG-SYNTH-0.3,B2-0.3,build_opus_synthetic_programme_v0_3.py@0.3,20260812,True,5fd3cbb117a1e20ad2a7f5ecbb9bd36a775bf4ec05e05cc3087203a3a830100c
EXP-03,ESC-20,0.006136,0.203998,1.0,0.72281,1.0,SYNTHETIC_RESEARCH_FIXTURE,OG-SYNTH-0.3,B2-0.3,build_opus_synthetic_programme_v0_3.py@0.3,20260812,True,7ae20bafe22d594d3808fc6b4641ca7473641bef8474a8a7c56bc8962fe7d9bd
EXP-03,ESC-21,0.001904,0.09567,0.771875,1.0,1.0,SYNTHETIC_RESEARCH_FIXTURE,OG-SYNTH-0.3,B2-0.3,build_opus_synthetic_programme_v0_3.py@0.3,20260812,True,4f51d5d1d94f9b0284e5b886aac54b69d0fdc40e976ab77ed6dbdeab0a2be094
EXP-03,ESC-22,0.00757,0.214373,1.0,0.768441,1.0,SYNTHETIC_RESEARCH_FIXTURE,OG-SYNTH-0.3,B2-0.3,build_opus_synthetic_programme_v0_3.py@0.3,20260812,True,31490af6f0bd28c3ee2fe611527f8f52c500888c272dd11bc02f33cc2b46d39a
EXP-03,ESC-23,0.000252,0.027871,0.441309,1.0,1.0,SYNTHETIC_RESEARCH_FIXTURE,OG-SYNTH-0.3,B2-0.3,build_opus_synthetic_programme_v0_3.py@0.3,20260812,True,4454cf9b7fd7a9c2ed2a48b3a30aec8848e129594a0b7b2f767c8eaa22e361c2
EXP-03,ESC-24,0.004833,0.158329,0.936428,1.0,1.0,SYNTHETIC_RESEARCH_FIXTURE,OG-SYNTH-0.3,B2-0.3,build_opus_synthetic_programme_v0_3.py@0.3,20260812,True,8a8e9a071ca2bd0aa3d790bf8f8436c6457aaf2b725f964dea169ac3ff2babf6
EXP-04,ESC-01,1.0,0.183801,0.005144,2.2e-05,1.0,SYNTHETIC_RESEARCH_FIXTURE,OG-SYNTH-0.3,B2-0.3,build_opus_synthetic_programme_v0_3.py@0.3,20260812,True,8b6b365ccfe92a7e2d917c05f0a3078598e8bc67c09ff22fed6fda045a0ee995
EXP-04,ESC-02,1.0,0.289521,0.015357,0.000149,1.0,SYNTHETIC_RESEARCH_FIXTURE,OG-SYNTH-0.3,B2-0.3,build_opus_synthetic_programme_v0_3.py@0.3,20260812,True,4e0c6fceaf6fc4c6d0956a91183f631b8e2bd8b55e41ffe7c453aa51576c67c5
EXP-04,ESC-03,1.0,0.373691,0.022361,0.000214,1.0,SYNTHETIC_RESEARCH_FIXTURE,OG-SYNTH-0.3,B2-0.3,build_opus_synthetic_programme_v0_3.py@0.3,20260812,True,3951e327fb21d8ef9f38e3637471efe81209d4c4844b95de3d84d0ae359eb519
EXP-04,ESC-04,1.0,0.478941,0.034905,0.000387,1.0,SYNTHETIC_RESEARCH_FIXTURE,OG-SYNTH-0.3,B2-0.3,build_opus_synthetic_programme_v0_3.py@0.3,20260812,True,b551513461c9cb62385118fc942bf679f73fc5df909438f5447fc4ba12db925d
EXP-04,ESC-05,1.0,0.230305,0.00947,7e-05,1.0,SYNTHETIC_RESEARCH_FIXTURE,OG-SYNTH-0.3,B2-0.3,build_opus_synthetic_programme_v0_3.py@0.3,20260812,True,dc8758b3530ebfccd9a780c3a42b80e7ef21a80420bb26a0a8c9523739c1216d
EXP-04,ESC-06,0.346482,1.0,0.496795,0.042483,1.0,SYNTHETIC_RESEARCH_FIXTURE,OG-SYNTH-0.3,B2-0.3,build_opus_synthetic_programme_v0_3.py@0.3,20260812,True,97fd3e7fa64919748fd1ae39dbce3c8a214d2d4a3f486763b762817fe3659082
EXP-04,ESC-07,0.053763,0.555139,1.0,0.314254,1.0,SYNTHETIC_RESEARCH_FIXTURE,OG-SYNTH-0.3,B2-0.3,build_opus_synthetic_programme_v0_3.py@0.3,20260812,True,9b6750cab2090fb8ed7ce41bc88bd48649c530784da836afcf79c52a99df1a12
EXP-04,ESC-08,1.0,0.700446,0.079837,0.001481,1.0,SYNTHETIC_RESEARCH_FIXTURE,OG-SYNTH-0.3,B2-0.3,build_opus_synthetic_programme_v0_3.py@0.3,20260812,True,337bae363c50431bc4c22f7d64bf65077b11948e929888bad4373508f3fab93d
EXP-04,ESC-09,0.462651,1.0,0.329763,0.01659,1.0,SYNTHETIC_RESEARCH_FIXTURE,OG-SYNTH-0.3,B2-0.3,build_opus_synthetic_programme_v0_3.py@0.3,20260812,True,448c8f7fbad5602b54e078cd7b8553f5255c741ab753db8395d550259ccc4e2d
EXP-04,ESC-10,1.0,0.677192,0.07934,0.001608,1.0,SYNTHETIC_RESEARCH_FIXTURE,OG-SYNTH-0.3,B2-0.3,build_opus_synthetic_programme_v0_3.py@0.3,20260812,True,a0b63d96fbe4e805b296c441aab4ef18a54568b6c25ca7806bc01641ad3ae162
EXP-04,ESC-11,0.433371,1.0,0.320306,0.014241,1.0,SYNTHETIC_RESEARCH_FIXTURE,OG-SYNTH-0.3,B2-0.3,build_opus_synthetic_programme_v0_3.py@0.3,20260812,True,e9c58f3ee6da33e3a16da1e2ec6e1f94dea29e24cac65335934a2c1df5ab7234
EXP-04,ESC-12,0.114913,0.890595,1.0,0.162677,1.0,SYNTHETIC_RESEARCH_FIXTURE,OG-SYNTH-0.3,B2-0.3,build_opus_synthetic_programme_v0_3.py@0.3,20260812,True,9c5645eb79d76a116fa4e399fbd5cf0b41eed838463f9fd5e5e3717355428b7f
EXP-04,ESC-13,0.192621,1.0,0.882284,0.132291,1.0,SYNTHETIC_RESEARCH_FIXTURE,OG-SYNTH-0.3,B2-0.3,build_opus_synthetic_programme_v0_3.py@0.3,20260812,True,c25df7d8ba395bbec93274eb6363cb8cf64414054bd274cf2c0cdee9db3d23d3
EXP-04,ESC-14,0.024671,0.408954,1.0,0.360708,1.0,SYNTHETIC_RESEARCH_FIXTURE,OG-SYNTH-0.3,B2-0.3,build_opus_synthetic_programme_v0_3.py@0.3,20260812,True,5d680c64c3481c838c7d57691a3b764d84fa2fb5d0bc45da3b8e78f0c079c9f0
EXP-04,ESC-15,0.019154,0.361588,1.0,0.405149,1.0,SYNTHETIC_RESEARCH_FIXTURE,OG-SYNTH-0.3,B2-0.3,build_opus_synthetic_programme_v0_3.py@0.3,20260812,True,e9b22699288ad0393d96a6323dc07f6859254da2477970ea81a48e6e1586a14f
EXP-04,ESC-16,0.122316,0.902957,1.0,0.166143,1.0,SYNTHETIC_RESEARCH_FIXTURE,OG-SYNTH-0.3,B2-0.3,build_opus_synthetic_programme_v0_3.py@0.3,20260812,True,9ebbc833e1a69d46c0f80d078546f9d3cec1ab3e02212fb6173ac96d85843f98
EXP-04,ESC-17,0.000426,0.034039,0.452516,1.0,1.0,SYNTHETIC_RESEARCH_FIXTURE,OG-SYNTH-0.3,B2-0.3,build_opus_synthetic_programme_v0_3.py@0.3,20260812,True,e627b078af22f2576e334d8e0c5671f94e229afd35ea50e41eb464cad16b9e72
EXP-04,ESC-18,0.048216,0.595321,1.0,0.228527,1.0,SYNTHETIC_RESEARCH_FIXTURE,OG-SYNTH-0.3,B2-0.3,build_opus_synthetic_programme_v0_3.py@0.3,20260812,True,c96f38270bc6d8cdd109ff5da654cbd2a7d7f9379af0a65a2ab95246ed5ce7a9
EXP-04,ESC-19,0.000755,0.049723,0.546162,1.0,1.0,SYNTHETIC_RESEARCH_FIXTURE,OG-SYNTH-0.3,B2-0.3,build_opus_synthetic_programme_v0_3.py@0.3,20260812,True,1902ac24147cb0e95dc6455ac9ac984178999f37dba0b21d285264a407ae723e
EXP-04,ESC-20,0.007771,0.23226,1.0,0.620207,1.0,SYNTHETIC_RESEARCH_FIXTURE,OG-SYNTH-0.3,B2-0.3,build_opus_synthetic_programme_v0_3.py@0.3,20260812,True,19aa0605222f99ba231ff106f31a9ff026f789534f8c584816b389098f87b1ce
EXP-04,ESC-21,0.000365,0.03241,0.453653,1.0,1.0,SYNTHETIC_RESEARCH_FIXTURE,OG-SYNTH-0.3,B2-0.3,build_opus_synthetic_programme_v0_3.py@0.3,20260812,True,da737036eaf526417ecca1819953ed46185a5508377448362f10ba1819de5a05
EXP-04,ESC-22,0.001761,0.090148,0.746574,1.0,1.0,SYNTHETIC_RESEARCH_FIXTURE,OG-SYNTH-0.3,B2-0.3,build_opus_synthetic_programme_v0_3.py@0.3,20260812,True,3f2f1cbfba8dba323787546bba6e761cf1cba5b66cdddfca0436c1822da960c1
EXP-04,ESC-23,0.002515,0.132481,0.974138,1.0,1.0,SYNTHETIC_RESEARCH_FIXTURE,OG-SYNTH-0.3,B2-0.3,build_opus_synthetic_programme_v0_3.py@0.3,20260812,True,f0ac5f834162867b107c6efab60ba6edbb8af31634e3a46cf96e76bbe5432c00
EXP-04,ESC-24,0.00297,0.116115,0.807761,1.0,1.0,SYNTHETIC_RESEARCH_FIXTURE,OG-SYNTH-0.3,B2-0.3,build_opus_synthetic_programme_v0_3.py@0.3,20260812,True,c291bfd5abb881fc255c4c000aef6e1f89988c6572661416692e5651cc3d0f52
EXP-05,ESC-01,1.0,0.202856,0.006134,2.8e-05,1.0,SYNTHETIC_RESEARCH_FIXTURE,OG-SYNTH-0.3,B2-0.3,build_opus_synthetic_programme_v0_3.py@0.3,20260812,True,604025f71b54856f4d216d250cdb755e723f19a73b8726c834bb8398b8fcac82
EXP-05,ESC-02,1.0,0.692043,0.086566,0.001957,1.0,SYNTHETIC_RESEARCH_FIXTURE,OG-SYNTH-0.3,B2-0.3,build_opus_synthetic_programme_v0_3.py@0.3,20260812,True,598394e27d028a7d8f7f4a7e970e213468b6870b5e5fddecc26af7f63c17aaea
EXP-05,ESC-03,1.0,0.263505,0.010908,7.1e-05,1.0,SYNTHETIC_RESEARCH_FIXTURE,OG-SYNTH-0.3,B2-0.3,build_opus_synthetic_programme_v0_3.py@0.3,20260812,True,9777978baa77fd25c7a83f15806911ef997de3a395291f01b62540f0e92be102
EXP-05,ESC-04,1.0,0.700054,0.073004,0.001134,1.0,SYNTHETIC_RESEARCH_FIXTURE,OG-SYNTH-0.3,B2-0.3,build_opus_synthetic_programme_v0_3.py@0.3,20260812,True,41de95be3bb533d82c488484f352ef28f1ffb3080c3577570070801930c96006
EXP-05,ESC-05,0.639044,1.0,0.275349,0.013341,1.0,SYNTHETIC_RESEARCH_FIXTURE,OG-SYNTH-0.3,B2-0.3,build_opus_synthetic_programme_v0_3.py@0.3,20260812,True,4e6d3d2e939bcee8edbe1894aa99bc97a82e456dc96cd8509654df4df00a9ad4
EXP-05,ESC-06,0.749261,1.0,0.226083,0.008658,1.0,SYNTHETIC_RESEARCH_FIXTURE,OG-SYNTH-0.3,B2-0.3,build_opus_synthetic_programme_v0_3.py@0.3,20260812,True,41320feab3b1bf176c6615ca9b37b1eb7bf469e904de7d61f8113b032cedc837
EXP-05,ESC-07,0.627747,1.0,0.27364,0.012862,1.0,SYNTHETIC_RESEARCH_FIXTURE,OG-SYNTH-0.3,B2-0.3,build_opus_synthetic_programme_v0_3.py@0.3,20260812,True,fa81822eefc25a9dac1be31c809f4819ddd90a71ed9b1a60bf9cfdc21ab868df
EXP-05,ESC-08,0.338584,1.0,0.471856,0.035571,1.0,SYNTHETIC_RESEARCH_FIXTURE,OG-SYNTH-0.3,B2-0.3,build_opus_synthetic_programme_v0_3.py@0.3,20260812,True,0de5a761c4c3fb7c584ccb86f51ca89939f9b17027b635c897f70bf32fed64bd
EXP-05,ESC-09,0.995182,1.0,0.150091,0.003365,1.0,SYNTHETIC_RESEARCH_FIXTURE,OG-SYNTH-0.3,B2-0.3,build_opus_synthetic_programme_v0_3.py@0.3,20260812,True,884d976a95d3fad33620d1bad1197cbd3c3620b29e09ad09165e9da6a381d263
EXP-05,ESC-10,0.125871,0.859728,1.0,0.198081,1.0,SYNTHETIC_RESEARCH_FIXTURE,OG-SYNTH-0.3,B2-0.3,build_opus_synthetic_programme_v0_3.py@0.3,20260812,True,7e8f0bdc022b098c558c0d85975358dec751e528ac7459de12286e9acaf9eb02
EXP-05,ESC-11,0.329748,1.0,0.410364,0.022787,1.0,SYNTHETIC_RESEARCH_FIXTURE,OG-SYNTH-0.3,B2-0.3,build_opus_synthetic_programme_v0_3.py@0.3,20260812,True,2878fdc60dab6e62f24962d51c451819f9342b540acd07333127223b768aeb07
EXP-05,ESC-12,0.047572,0.579798,1.0,0.244072,1.0,SYNTHETIC_RESEARCH_FIXTURE,OG-SYNTH-0.3,B2-0.3,build_opus_synthetic_programme_v0_3.py@0.3,20260812,True,48a6bac5555e6ce8e040a7e5f12a91760c1fa83e6954731c5311e74667bb5a3d
EXP-05,ESC-13,0.267219,1.0,0.625547,0.06541,1.0,SYNTHETIC_RESEARCH_FIXTURE,OG-SYNTH-0.3,B2-0.3,build_opus_synthetic_programme_v0_3.py@0.3,20260812,True,31f56f0cf80381ce3f2a3450103e784825f2bfb20a8b3c808288607c2c2e1101
EXP-05,ESC-14,0.229128,1.0,0.629358,0.057118,1.0,SYNTHETIC_RESEARCH_FIXTURE,OG-SYNTH-0.3,B2-0.3,build_opus_synthetic_programme_v0_3.py@0.3,20260812,True,88602d398aaf40293ef7eb8541aac02bfaf6b69e327deffe521ff3d77d104c80
EXP-05,ESC-15,0.082513,0.759177,1.0,0.18858,1.0,SYNTHETIC_RESEARCH_FIXTURE,OG-SYNTH-0.3,B2-0.3,build_opus_synthetic_programme_v0_3.py@0.3,20260812,True,504088eea94b1e0ab4322b78acd84e1eb069cbbdd3ce131028a5d57507e626aa
EXP-05,ESC-16,0.168046,1.0,0.873367,0.111948,1.0,SYNTHETIC_RESEARCH_FIXTURE,OG-SYNTH-0.3,B2-0.3,build_opus_synthetic_programme_v0_3.py@0.3,20260812,True,84614ed02523e07fa96559cc6ae3b8deef8d7ebaf41aee2173a3e97395cbf169
EXP-05,ESC-17,0.000623,0.044673,0.522954,1.0,1.0,SYNTHETIC_RESEARCH_FIXTURE,OG-SYNTH-0.3,B2-0.3,build_opus_synthetic_programme_v0_3.py@0.3,20260812,True,6e7fee38344d4a381998f458ef595636856149792e285f752608254cbdfdae9f
EXP-05,ESC-18,0.009798,0.271938,1.0,0.487228,1.0,SYNTHETIC_RESEARCH_FIXTURE,OG-SYNTH-0.3,B2-0.3,build_opus_synthetic_programme_v0_3.py@0.3,20260812,True,5d4d7dcca111b8f31b766f692fcd1af01b170ef2a5a24cbdd27d7ecf0fa7784c
EXP-05,ESC-19,0.054763,0.578167,1.0,0.283351,1.0,SYNTHETIC_RESEARCH_FIXTURE,OG-SYNTH-0.3,B2-0.3,build_opus_synthetic_programme_v0_3.py@0.3,20260812,True,632c1f199f81d72a1eaeb2f4ff29cf64b90e5a9a1993f25234029f1c179e277b
EXP-05,ESC-20,0.006612,0.216814,1.0,0.648781,1.0,SYNTHETIC_RESEARCH_FIXTURE,OG-SYNTH-0.3,B2-0.3,build_opus_synthetic_programme_v0_3.py@0.3,20260812,True,d862edd56ddc744ea49971f0846597545bb5d0823d754e5a70c963ccb66be2e7
EXP-05,ESC-21,9e-06,0.002871,0.136359,1.0,1.0,SYNTHETIC_RESEARCH_FIXTURE,OG-SYNTH-0.3,B2-0.3,build_opus_synthetic_programme_v0_3.py@0.3,20260812,True,1cf39bdf2a58b630e4ab4f7832bde885cc7ad9f9b32ecae778214fa5a0bf3637
EXP-05,ESC-22,0.001041,0.064694,0.63837,1.0,1.0,SYNTHETIC_RESEARCH_FIXTURE,OG-SYNTH-0.3,B2-0.3,build_opus_synthetic_programme_v0_3.py@0.3,20260812,True,27203915869c840d0e51ed9e981dda0e2e3358f8d47c44412601ae42b979f3f9
EXP-05,ESC-23,0.000248,0.028992,0.46149,1.0,1.0,SYNTHETIC_RESEARCH_FIXTURE,OG-SYNTH-0.3,B2-0.3,build_opus_synthetic_programme_v0_3.py@0.3,20260812,True,ca0a8f9cafa316859154edf2d6acc6fb0329fccd3a6db34bce4e5f683461c511
EXP-05,ESC-24,1.7e-05,0.003808,0.147349,1.0,1.0,SYNTHETIC_RESEARCH_FIXTURE,OG-SYNTH-0.3,B2-0.3,build_opus_synthetic_programme_v0_3.py@0.3,20260812,True,291a8f4132c5c5d815ae8db8c54ca9b9d3ff1068531a9672153a5b08f2f18415
EXP-06,ESC-01,1.0,0.226148,0.00746,3.6e-05,1.0,SYNTHETIC_RESEARCH_FIXTURE,OG-SYNTH-0.3,B2-0.3,build_opus_synthetic_programme_v0_3.py@0.3,20260812,True,bd5ba655224b1ff172540caeaa3acde68cf93f9889e826c97fe04184b192aa6a
EXP-06,ESC-02,1.0,0.548267,0.053595,0.000934,1.0,SYNTHETIC_RESEARCH_FIXTURE,OG-SYNTH-0.3,B2-0.3,build_opus_synthetic_programme_v0_3.py@0.3,20260812,True,dc3056832946e60d96030efb45c022f46167192e5aa5d84af922f8f23af4ac87
EXP-06,ESC-03,1.0,0.514881,0.04085,0.000499,1.0,SYNTHETIC_RESEARCH_FIXTURE,OG-SYNTH-0.3,B2-0.3,build_opus_synthetic_programme_v0_3.py@0.3,20260812,True,8a91e35ec4fede6162270e5beff6939915cd3d25809f6099902a664734003727
EXP-06,ESC-04,0.851572,1.0,0.171181,0.004272,1.0,SYNTHETIC_RESEARCH_FIXTURE,OG-SYNTH-0.3,B2-0.3,build_opus_synthetic_programme_v0_3.py@0.3,20260812,True,b47b84178143a2a82ad9e93321c1e7172d58e867b9aef0c69e57261371ebe959
EXP-06,ESC-05,1.0,0.441693,0.033827,0.000449,1.0,SYNTHETIC_RESEARCH_FIXTURE,OG-SYNTH-0.3,B2-0.3,build_opus_synthetic_programme_v0_3.py@0.3,20260812,True,3825f5c01024acd4d886391264d6c650dccda01bb6c561cbb27826830760a243
EXP-06,ESC-06,1.0,0.607996,0.06161,0.001041,1.0,SYNTHETIC_RESEARCH_FIXTURE,OG-SYNTH-0.3,B2-0.3,build_opus_synthetic_programme_v0_3.py@0.3,20260812,True,49078e83f1a0dbe6c14861b9b7c4d5648a4e8b7d0270b273df86495eca2e1533
EXP-06,ESC-07,0.532498,1.0,0.317568,0.017054,1.0,SYNTHETIC_RESEARCH_FIXTURE,OG-SYNTH-0.3,B2-0.3,build_opus_synthetic_programme_v0_3.py@0.3,20260812,True,77a90ac6c59732143f934fd61a1e2dd7a15026547fe37c12e482eaa321dad09d
EXP-06,ESC-08,0.66384,1.0,0.236218,0.00875,1.0,SYNTHETIC_RESEARCH_FIXTURE,OG-SYNTH-0.3,B2-0.3,build_opus_synthetic_programme_v0_3.py@0.3,20260812,True,68dc56274393d3c187bcbce8d29e63c31d21ee2bb8f2929ccf3854cf85e62f38
EXP-06,ESC-09,0.353536,1.0,0.413494,0.024994,1.0,SYNTHETIC_RESEARCH_FIXTURE,OG-SYNTH-0.3,B2-0.3,build_opus_synthetic_programme_v0_3.py@0.3,20260812,True,f95d74d83ee6a4a8d626b37148f8b11cc6748a2649813bbb4dd21d594e360e19
EXP-06,ESC-10,0.554055,1.0,0.302476,0.015333,1.0,SYNTHETIC_RESEARCH_FIXTURE,OG-SYNTH-0.3,B2-0.3,build_opus_synthetic_programme_v0_3.py@0.3,20260812,True,cc2fda77e2ba6e762383d57d24ffeae4b6d060ce67fcd6eff8996d817514a4c3
EXP-06,ESC-11,0.17795,1.0,0.740908,0.072375,1.0,SYNTHETIC_RESEARCH_FIXTURE,OG-SYNTH-0.3,B2-0.3,build_opus_synthetic_programme_v0_3.py@0.3,20260812,True,d01951bbcf11a7d12be6c3522e891dc123ac4fd87558d5fbd2a893f7a796b954
EXP-06,ESC-12,0.238131,1.0,0.580206,0.046512,1.0,SYNTHETIC_RESEARCH_FIXTURE,OG-SYNTH-0.3,B2-0.3,build_opus_synthetic_programme_v0_3.py@0.3,20260812,True,c81065caf9e1ebc934d0cd8626e632ac8c2e3aba79efc909b5fb609ab6e79186
EXP-06,ESC-13,0.476014,1.0,0.345319,0.019601,1.0,SYNTHETIC_RESEARCH_FIXTURE,OG-SYNTH-0.3,B2-0.3,build_opus_synthetic_programme_v0_3.py@0.3,20260812,True,71a8296caa5a97a44f405825addee23472e9d24b7731330ddf93be90e1273aa9
EXP-06,ESC-14,0.01358,0.310441,1.0,0.453907,1.0,SYNTHETIC_RESEARCH_FIXTURE,OG-SYNTH-0.3,B2-0.3,build_opus_synthetic_programme_v0_3.py@0.3,20260812,True,2879ab346db9130e0835a2d267d2376501a8378dd10dead60943d8d3ea2059ae
EXP-06,ESC-15,0.090515,0.804501,1.0,0.173836,1.0,SYNTHETIC_RESEARCH_FIXTURE,OG-SYNTH-0.3,B2-0.3,build_opus_synthetic_programme_v0_3.py@0.3,20260812,True,3ede5077b93fdf8fb9875a9bf048070b67a670e598a34d832eabcdaa4c23ea74
EXP-06,ESC-16,0.024157,0.410254,1.0,0.349849,1.0,SYNTHETIC_RESEARCH_FIXTURE,OG-SYNTH-0.3,B2-0.3,build_opus_synthetic_programme_v0_3.py@0.3,20260812,True,309c8e6d3ff2f5bd3f601526568091bbd691bddd08fda0676d8a62dab7aa5c97
EXP-06,ESC-17,0.002455,0.11339,0.840574,1.0,1.0,SYNTHETIC_RESEARCH_FIXTURE,OG-SYNTH-0.3,B2-0.3,build_opus_synthetic_programme_v0_3.py@0.3,20260812,True,c566df27b38149b3362e06d295ec4443b332443a83ac453cb6d0cf958e55b0b5
EXP-06,ESC-18,0.001604,0.106261,0.907704,1.0,1.0,SYNTHETIC_RESEARCH_FIXTURE,OG-SYNTH-0.3,B2-0.3,build_opus_synthetic_programme_v0_3.py@0.3,20260812,True,fe0a6bf5c18a53b39b90008da1d50f0f235ca314085e96c397b40bbc64baa9ae
EXP-06,ESC-19,0.000125,0.015504,0.31035,1.0,1.0,SYNTHETIC_RESEARCH_FIXTURE,OG-SYNTH-0.3,B2-0.3,build_opus_synthetic_programme_v0_3.py@0.3,20260812,True,f6718d675c2a64eecbf524123e8652e7dc2f9769acfd962aef9678fec0b84ad8
EXP-06,ESC-20,0.004292,0.176801,1.0,0.776575,1.0,SYNTHETIC_RESEARCH_FIXTURE,OG-SYNTH-0.3,B2-0.3,build_opus_synthetic_programme_v0_3.py@0.3,20260812,True,b947f346754436a48e733224c2afd42741a7c01c39f51b7df85832027d43a501
EXP-06,ESC-21,8.6e-05,0.012875,0.291695,1.0,1.0,SYNTHETIC_RESEARCH_FIXTURE,OG-SYNTH-0.3,B2-0.3,build_opus_synthetic_programme_v0_3.py@0.3,20260812,True,98d2943019f6ee94aa16300923b57d425df3e8fd39ee079e759cb3ffeb025487
EXP-06,ESC-22,0.000192,0.021397,0.370617,1.0,1.0,SYNTHETIC_RESEARCH_FIXTURE,OG-SYNTH-0.3,B2-0.3,build_opus_synthetic_programme_v0_3.py@0.3,20260812,True,4566f5e0bfc389255dc573b7fd062f4de902a21cf34dedc5a9755865c8f8cb97
EXP-06,ESC-23,6.9e-05,0.012735,0.309818,1.0,1.0,SYNTHETIC_RESEARCH_FIXTURE,OG-SYNTH-0.3,B2-0.3,build_opus_synthetic_programme_v0_3.py@0.3,20260812,True,da904b186973311bfb7ee9e50b1ef89f2b3e4ddb7ee40e37dfb8e45dfbedf9e9
EXP-06,ESC-24,0.001359,0.071002,0.641039,1.0,1.0,SYNTHETIC_RESEARCH_FIXTURE,OG-SYNTH-0.3,B2-0.3,build_opus_synthetic_programme_v0_3.py@0.3,20260812,True,105f9629c0d77b9ecc3f8cbc9ee93486d93e6077d55f2349de459a3250110aea
EXP-07,ESC-01,1.0,0.455035,0.029547,0.000274,1.0,SYNTHETIC_RESEARCH_FIXTURE,OG-SYNTH-0.3,B2-0.3,build_opus_synthetic_programme_v0_3.py@0.3,20260812,True,3518128a9405b487b104f70bb3140fa87ca6699b60ec54dce6519ded973f235c
EXP-07,ESC-02,1.0,0.304319,0.016285,0.000153,1.0,SYNTHETIC_RESEARCH_FIXTURE,OG-SYNTH-0.3,B2-0.3,build_opus_synthetic_programme_v0_3.py@0.3,20260812,True,96cecd7624dbff38a411938ba8149c177be8e0f9470a1bfdd4726099d0854b05
EXP-07,ESC-03,1.0,0.182519,0.005033,2.1e-05,1.0,SYNTHETIC_RESEARCH_FIXTURE,OG-SYNTH-0.3,B2-0.3,build_opus_synthetic_programme_v0_3.py@0.3,20260812,True,8fa532d0e33e675a6ce18d371faa6817d8ab6f1710633dbe27a33922f355f715
EXP-07,ESC-04,1.0,0.80639,0.092726,0.00152,1.0,SYNTHETIC_RESEARCH_FIXTURE,OG-SYNTH-0.3,B2-0.3,build_opus_synthetic_programme_v0_3.py@0.3,20260812,True,90f1f0e419802e689a87e8ffc724ab2ad79eb93ed9b89643b7bf6c542ce2e4d9
EXP-07,ESC-05,0.522277,1.0,0.327073,0.018274,1.0,SYNTHETIC_RESEARCH_FIXTURE,OG-SYNTH-0.3,B2-0.3,build_opus_synthetic_programme_v0_3.py@0.3,20260812,True,727c503734db5e69bd53f05ec7b7f001221f424821c7020a42134191e125a2a2
EXP-07,ESC-06,1.0,0.634229,0.065946,0.001124,1.0,SYNTHETIC_RESEARCH_FIXTURE,OG-SYNTH-0.3,B2-0.3,build_opus_synthetic_programme_v0_3.py@0.3,20260812,True,69fc2a6137126888eae6113826f76258f221446981f4675159e3fcb3555e00e2
EXP-07,ESC-07,0.557909,1.0,0.298326,0.014813,1.0,SYNTHETIC_RESEARCH_FIXTURE,OG-SYNTH-0.3,B2-0.3,build_opus_synthetic_programme_v0_3.py@0.3,20260812,True,a82a385976055b7bd799cadd82bf15de6f7e7d71c3166d715b81ec07a15697d3
EXP-07,ESC-08,0.865643,1.0,0.177751,0.004862,1.0,SYNTHETIC_RESEARCH_FIXTURE,OG-SYNTH-0.3,B2-0.3,build_opus_synthetic_programme_v0_3.py@0.3,20260812,True,833bf33edf689920637cb9ec6cac3dba5ae330f21bf359e262866147e4242e76
EXP-07,ESC-09,0.201064,1.0,0.711302,0.07236,1.0,SYNTHETIC_RESEARCH_FIXTURE,OG-SYNTH-0.3,B2-0.3,build_opus_synthetic_programme_v0_3.py@0.3,20260812,True,0bfb1409e7c209d6d08cc559a8a39eed87385b70acc1d11bf3c20575317d8a7f
EXP-07,ESC-10,0.170937,1.0,0.964615,0.153426,1.0,SYNTHETIC_RESEARCH_FIXTURE,OG-SYNTH-0.3,B2-0.3,build_opus_synthetic_programme_v0_3.py@0.3,20260812,True,dd581ec5b7c3eba1b5ee4d3d7e31defd9462e75e64d52b438dac79c486b02d3c
EXP-07,ESC-11,0.249148,1.0,0.51534,0.034099,1.0,SYNTHETIC_RESEARCH_FIXTURE,OG-SYNTH-0.3,B2-0.3,build_opus_synthetic_programme_v0_3.py@0.3,20260812,True,c665eee7dac7ad09b4f73ed12796bd77784e1fc50329efb5a32fea7a71a61177
EXP-07,ESC-12,0.136376,1.0,0.988712,0.131809,1.0,SYNTHETIC_RESEARCH_FIXTURE,OG-SYNTH-0.3,B2-0.3,build_opus_synthetic_programme_v0_3.py@0.3,20260812,True,b2b1282bf6c4b560a37bda02606ff276bc348182f558e5ff039dcc00b5bc7aaf
EXP-07,ESC-13,0.084534,0.723254,1.0,0.223439,1.0,SYNTHETIC_RESEARCH_FIXTURE,OG-SYNTH-0.3,B2-0.3,build_opus_synthetic_programme_v0_3.py@0.3,20260812,True,6039ad9759de673e2e8a314c21d97e6472ab564c9cb347597fbc0751f4825f23
EXP-07,ESC-14,0.025502,0.430445,1.0,0.319755,1.0,SYNTHETIC_RESEARCH_FIXTURE,OG-SYNTH-0.3,B2-0.3,build_opus_synthetic_programme_v0_3.py@0.3,20260812,True,fa1c33ee73e0a3ca10153b4d5a1dbcaef02491703823d6a1d5fb1fda07b17c09
EXP-07,ESC-15,0.022565,0.406502,1.0,0.335929,1.0,SYNTHETIC_RESEARCH_FIXTURE,OG-SYNTH-0.3,B2-0.3,build_opus_synthetic_programme_v0_3.py@0.3,20260812,True,afbf5bb50a03a4e23db99b2a7934612ae594d9f333e6bdd6a1862dd96331d3a5
EXP-07,ESC-16,0.156275,1.0,0.897811,0.113095,1.0,SYNTHETIC_RESEARCH_FIXTURE,OG-SYNTH-0.3,B2-0.3,build_opus_synthetic_programme_v0_3.py@0.3,20260812,True,fea2ef3121922fc32666801ced77e85be03620c11f517ef984117f966e577734
EXP-07,ESC-17,0.00517,0.181113,1.0,0.870287,1.0,SYNTHETIC_RESEARCH_FIXTURE,OG-SYNTH-0.3,B2-0.3,build_opus_synthetic_programme_v0_3.py@0.3,20260812,True,36d2b1bd86a4ab0afa4f529c201110685ec8e02f13a0bd2eae4789bfe370e250
EXP-07,ESC-18,0.002632,0.144822,1.0,0.866359,1.0,SYNTHETIC_RESEARCH_FIXTURE,OG-SYNTH-0.3,B2-0.3,build_opus_synthetic_programme_v0_3.py@0.3,20260812,True,fd146478810022a8283b66c50a2a901a0db8abf21466c87256f2c271bc92e5be
EXP-07,ESC-19,0.001361,0.077684,0.700934,1.0,1.0,SYNTHETIC_RESEARCH_FIXTURE,OG-SYNTH-0.3,B2-0.3,build_opus_synthetic_programme_v0_3.py@0.3,20260812,True,02a1ee80745f310c3bd70a162e6adf95656ae2612fd0636c7a8949e030c3a76f
EXP-07,ESC-20,0.001151,0.08197,0.782259,1.0,1.0,SYNTHETIC_RESEARCH_FIXTURE,OG-SYNTH-0.3,B2-0.3,build_opus_synthetic_programme_v0_3.py@0.3,20260812,True,2afec04c70d8b8106b6e5342bb63288325cb70035d2cc3e1362f4328aa78568d
EXP-07,ESC-21,9.7e-05,0.014209,0.309572,1.0,1.0,SYNTHETIC_RESEARCH_FIXTURE,OG-SYNTH-0.3,B2-0.3,build_opus_synthetic_programme_v0_3.py@0.3,20260812,True,1ccf4980675a7de9b976b8defdf5b050fb7346092a526af6a7565a90d4aff908
EXP-07,ESC-22,4e-05,0.007623,0.223342,1.0,1.0,SYNTHETIC_RESEARCH_FIXTURE,OG-SYNTH-0.3,B2-0.3,build_opus_synthetic_programme_v0_3.py@0.3,20260812,True,ec582d32fe3ac8c46d5a38581c5637f85bfccd87047844122eef5e6994ebb724
EXP-07,ESC-23,3.1e-05,0.007629,0.242959,1.0,1.0,SYNTHETIC_RESEARCH_FIXTURE,OG-SYNTH-0.3,B2-0.3,build_opus_synthetic_programme_v0_3.py@0.3,20260812,True,279ba560b6c55ffc039fcf64582670824a62bca18f6e49cbb584b4beab8c1c74
EXP-07,ESC-24,1.4e-05,0.00346,0.142582,1.0,1.0,SYNTHETIC_RESEARCH_FIXTURE,OG-SYNTH-0.3,B2-0.3,build_opus_synthetic_programme_v0_3.py@0.3,20260812,True,0385c401b5482eab75f7c15116ac6ed3471d8ab7362eaddd60e934fc84662464
EXP-08,ESC-01,1.0,0.247438,0.008544,4.1e-05,1.0,SYNTHETIC_RESEARCH_FIXTURE,OG-SYNTH-0.3,B2-0.3,build_opus_synthetic_programme_v0_3.py@0.3,20260812,True,aeb230ab984ce5bceeb8d8875b04abfa6f185091de801175b83eacfe8ec8e82f
EXP-08,ESC-02,1.0,0.837716,0.121687,0.003065,1.0,SYNTHETIC_RESEARCH_FIXTURE,OG-SYNTH-0.3,B2-0.3,build_opus_synthetic_programme_v0_3.py@0.3,20260812,True,5080156052352ee5508db8adcc11f063312febd11eea08278c474ffba624d36e
EXP-08,ESC-03,1.0,0.837062,0.10377,0.001905,1.0,SYNTHETIC_RESEARCH_FIXTURE,OG-SYNTH-0.3,B2-0.3,build_opus_synthetic_programme_v0_3.py@0.3,20260812,True,1491ad919f66d5043c5d00b6c4e1fafb9f8ecf791892788cb8e90066af2afb1d
EXP-08,ESC-04,1.0,0.730024,0.074311,0.001055,1.0,SYNTHETIC_RESEARCH_FIXTURE,OG-SYNTH-0.3,B2-0.3,build_opus_synthetic_programme_v0_3.py@0.3,20260812,True,f584047c512828c45c1a05bb9b59f7f3bdb0ba0e6f9cdee5cf7bd367dc157999
EXP-08,ESC-05,0.695102,1.0,0.242069,0.00986,1.0,SYNTHETIC_RESEARCH_FIXTURE,OG-SYNTH-0.3,B2-0.3,build_opus_synthetic_programme_v0_3.py@0.3,20260812,True,cdb33b4e8ea5519bbf95765c1139c84cbc5e295a835caddbdff41e7e5580c6d0
EXP-08,ESC-06,0.470291,1.0,0.342834,0.01895,1.0,SYNTHETIC_RESEARCH_FIXTURE,OG-SYNTH-0.3,B2-0.3,build_opus_synthetic_programme_v0_3.py@0.3,20260812,True,11f7373e72027e427adb9a8016f0d196c777fdea3d16364fb3cb159146738539
EXP-08,ESC-07,0.491117,1.0,0.333486,0.018215,1.0,SYNTHETIC_RESEARCH_FIXTURE,OG-SYNTH-0.3,B2-0.3,build_opus_synthetic_programme_v0_3.py@0.3,20260812,True,c1e0f7a98902722f0b255b3224613ee4721e258951d0a4ccf751295c9da2bf84
EXP-08,ESC-08,0.663689,1.0,0.227424,0.007807,1.0,SYNTHETIC_RESEARCH_FIXTURE,OG-SYNTH-0.3,B2-0.3,build_opus_synthetic_programme_v0_3.py@0.3,20260812,True,59d6946a95bf0014edc704eb72c299503be923de0e5c1c0b372fb4fe98a5f1ba
EXP-08,ESC-09,0.440109,1.0,0.317798,0.014126,1.0,SYNTHETIC_RESEARCH_FIXTURE,OG-SYNTH-0.3,B2-0.3,build_opus_synthetic_programme_v0_3.py@0.3,20260812,True,d467e3c4f804906d7cd5b39cd86de4645bdbec5bc5af59dcf09032dd07ae2ab3
EXP-08,ESC-10,0.308838,1.0,0.52518,0.044736,1.0,SYNTHETIC_RESEARCH_FIXTURE,OG-SYNTH-0.3,B2-0.3,build_opus_synthetic_programme_v0_3.py@0.3,20260812,True,a53390af46da2c4e957f60f4ead2b3f71ad91ac83a9847a6cffbfe90627ba1b9
EXP-08,ESC-11,0.145963,1.0,0.856187,0.091612,1.0,SYNTHETIC_RESEARCH_FIXTURE,OG-SYNTH-0.3,B2-0.3,build_opus_synthetic_programme_v0_3.py@0.3,20260812,True,def84e4ea28a302d632351c2742a73f82ce63f00e7d9af98aede7b57f239745b
EXP-08,ESC-12,0.177679,1.0,0.740258,0.072075,1.0,SYNTHETIC_RESEARCH_FIXTURE,OG-SYNTH-0.3,B2-0.3,build_opus_synthetic_programme_v0_3.py@0.3,20260812,True,e92565f12f32c88f356773f5bcca4ced5738cf3fb747bb16c6d08913e6d957a4
EXP-08,ESC-13,0.103687,0.80795,1.0,0.196594,1.0,SYNTHETIC_RESEARCH_FIXTURE,OG-SYNTH-0.3,B2-0.3,build_opus_synthetic_programme_v0_3.py@0.3,20260812,True,ccc2d88871ec2196dfef250cb76a50a8c2c056e914eb696167eb6f2e796f3d29
EXP-08,ESC-14,0.012846,0.309181,1.0,0.434636,1.0,SYNTHETIC_RESEARCH_FIXTURE,OG-SYNTH-0.3,B2-0.3,build_opus_synthetic_programme_v0_3.py@0.3,20260812,True,b4051f409e0c81242b0e3f448ce5c10804d10501c550984e8fb74699ad4fef18
EXP-08,ESC-15,0.03801,0.534029,1.0,0.249574,1.0,SYNTHETIC_RESEARCH_FIXTURE,OG-SYNTH-0.3,B2-0.3,build_opus_synthetic_programme_v0_3.py@0.3,20260812,True,da393e89b46e472e0d3dd1058e333a49a4329bfedf1953275a8339ef63a50f45
EXP-08,ESC-16,0.022956,0.409195,1.0,0.335049,1.0,SYNTHETIC_RESEARCH_FIXTURE,OG-SYNTH-0.3,B2-0.3,build_opus_synthetic_programme_v0_3.py@0.3,20260812,True,74fedbeebcbc050b7d187e82b9fce3d1866544eda2679780a243b5706ad1a703
EXP-08,ESC-17,0.000972,0.063385,0.639958,1.0,1.0,SYNTHETIC_RESEARCH_FIXTURE,OG-SYNTH-0.3,B2-0.3,build_opus_synthetic_programme_v0_3.py@0.3,20260812,True,b321a153b6a579f90b11ede32a523c82a194344ceedd0050e09137cc0401b755
EXP-08,ESC-18,0.000183,0.026436,0.465508,1.0,1.0,SYNTHETIC_RESEARCH_FIXTURE,OG-SYNTH-0.3,B2-0.3,build_opus_synthetic_programme_v0_3.py@0.3,20260812,True,29411610a8f5f1d1711058eae826641b0166d2314cfc2b908a46ca6428a18d62
EXP-08,ESC-19,0.00583,0.193765,1.0,0.801359,1.0,SYNTHETIC_RESEARCH_FIXTURE,OG-SYNTH-0.3,B2-0.3,build_opus_synthetic_programme_v0_3.py@0.3,20260812,True,58af1ac961981c079e920b9c06db403af88a952fe545e956784de3eb7929a685
EXP-08,ESC-20,0.002054,0.123704,0.973131,1.0,1.0,SYNTHETIC_RESEARCH_FIXTURE,OG-SYNTH-0.3,B2-0.3,build_opus_synthetic_programme_v0_3.py@0.3,20260812,True,42f104205ca963db39899b42e97b81c051da1533fe280ec81df709d6a6d9b95d
EXP-08,ESC-21,0.000217,0.024896,0.414056,1.0,1.0,SYNTHETIC_RESEARCH_FIXTURE,OG-SYNTH-0.3,B2-0.3,build_opus_synthetic_programme_v0_3.py@0.3,20260812,True,05e8becb46283eb189e85459745f722ec46ceffb326c6acde585ad813a01d3c2
EXP-08,ESC-22,0.000155,0.019287,0.358744,1.0,1.0,SYNTHETIC_RESEARCH_FIXTURE,OG-SYNTH-0.3,B2-0.3,build_opus_synthetic_programme_v0_3.py@0.3,20260812,True,a787c4b34061dd2d14f6c47f800bf475fca726f34342889defecce06d75e57e7
EXP-08,ESC-23,1.4e-05,0.004589,0.190961,1.0,1.0,SYNTHETIC_RESEARCH_FIXTURE,OG-SYNTH-0.3,B2-0.3,build_opus_synthetic_programme_v0_3.py@0.3,20260812,True,0547eed3c5c9ed8b1b0f5f99528ece177295b76c800fff7795981d9da055503f
EXP-08,ESC-24,5.5e-05,0.008601,0.226515,1.0,1.0,SYNTHETIC_RESEARCH_FIXTURE,OG-SYNTH-0.3,B2-0.3,build_opus_synthetic_programme_v0_3.py@0.3,20260812,True,1f8cb2dfb9c8765834832dd6971fd6ba20c5c655a4c71cfb3173ba7564bf12b0
EXP-09,ESC-01,1.0,0.166471,0.00378,1.2e-05,1.0,SYNTHETIC_RESEARCH_FIXTURE,OG-SYNTH-0.3,B2-0.3,build_opus_synthetic_programme_v0_3.py@0.3,20260812,True,df519e79729ccb001f8be4c6538810b9a03d59925b3e49f4e3af99b4ae50f706
EXP-09,ESC-02,1.0,0.271406,0.012593,0.0001,1.0,SYNTHETIC_RESEARCH_FIXTURE,OG-SYNTH-0.3,B2-0.3,build_opus_synthetic_programme_v0_3.py@0.3,20260812,True,cd4b122b8ae7cc6a806e35b9a06b30b7dd6114009873b982b3da4d757650b8fd
EXP-09,ESC-03,1.0,0.780867,0.08849,0.001455,1.0,SYNTHETIC_RESEARCH_FIXTURE,OG-SYNTH-0.3,B2-0.3,build_opus_synthetic_programme_v0_3.py@0.3,20260812,True,c0567d4d67fabfe82c4b5ae42b7ed2095a9e9aa2857ee6c4804daea3b6c95359
EXP-09,ESC-04,1.0,0.882167,0.106066,0.001738,1.0,SYNTHETIC_RESEARCH_FIXTURE,OG-SYNTH-0.3,B2-0.3,build_opus_synthetic_programme_v0_3.py@0.3,20260812,True,7600274388039a61169b587fe6a3ae395235f01404b1e3239d9050a6ebe71fc2
EXP-09,ESC-05,0.361321,1.0,0.458619,0.034854,1.0,SYNTHETIC_RESEARCH_FIXTURE,OG-SYNTH-0.3,B2-0.3,build_opus_synthetic_programme_v0_3.py@0.3,20260812,True,f9cedffffd3e8feb72ef60d778924778984e5b59a742aca2958c8aab96d88dab
EXP-09,ESC-06,0.291864,1.0,0.543151,0.046767,1.0,SYNTHETIC_RESEARCH_FIXTURE,OG-SYNTH-0.3,B2-0.3,build_opus_synthetic_programme_v0_3.py@0.3,20260812,True,67214e30d9f258a981bdff26fde569d7b905f33bbc79bbab64a4f25d48f785bb
EXP-09,ESC-07,0.612903,1.0,0.262896,0.011136,1.0,SYNTHETIC_RESEARCH_FIXTURE,OG-SYNTH-0.3,B2-0.3,build_opus_synthetic_programme_v0_3.py@0.3,20260812,True,9b2c128200bca1fd1923e753c2349a7351485047d5a450e9da609ba9908e6172
EXP-09,ESC-08,0.214956,1.0,0.688605,0.070188,1.0,SYNTHETIC_RESEARCH_FIXTURE,OG-SYNTH-0.3,B2-0.3,build_opus_synthetic_programme_v0_3.py@0.3,20260812,True,0fb8f6e4f46d6b7a553002764e5d4d4fd91906de35fb3dcfb6f36b49e88f8707
EXP-09,ESC-09,0.444311,1.0,0.307737,0.012949,1.0,SYNTHETIC_RESEARCH_FIXTURE,OG-SYNTH-0.3,B2-0.3,build_opus_synthetic_programme_v0_3.py@0.3,20260812,True,9dbe9103bb1ed5b60b7c759b77161c24fa54022eeab3d2feced2a7119f475cf7
EXP-09,ESC-10,0.193609,1.0,0.82388,0.108272,1.0,SYNTHETIC_RESEARCH_FIXTURE,OG-SYNTH-0.3,B2-0.3,build_opus_synthetic_programme_v0_3.py@0.3,20260812,True,0028044e8b4347993c639ad714bffa38ba8ab7e7a0d8cf04628820eb9685bf70
EXP-09,ESC-11,0.121271,0.998751,1.0,0.121726,1.0,SYNTHETIC_RESEARCH_FIXTURE,OG-SYNTH-0.3,B2-0.3,build_opus_synthetic_programme_v0_3.py@0.3,20260812,True,d757dfe640118dc33dad9f56522de53034b9789cf8469a5f3a4aad6adaf5f05d
EXP-09,ESC-12,0.155866,1.0,0.822769,0.086813,1.0,SYNTHETIC_RESEARCH_FIXTURE,OG-SYNTH-0.3,B2-0.3,build_opus_synthetic_programme_v0_3.py@0.3,20260812,True,2bf9d3c14637832ff1dcf87102cfc68ffbb193cb35eeabdff428f6fc933add50
EXP-09,ESC-13,0.045827,0.541858,1.0,0.28805,1.0,SYNTHETIC_RESEARCH_FIXTURE,OG-SYNTH-0.3,B2-0.3,build_opus_synthetic_programme_v0_3.py@0.3,20260812,True,75e987ff9570cfbe6ab4ebb0d167093d6b2fb0fd8226acc6c0ecdc868ec78b32
EXP-09,ESC-14,0.125489,0.978195,1.0,0.134069,1.0,SYNTHETIC_RESEARCH_FIXTURE,OG-SYNTH-0.3,B2-0.3,build_opus_synthetic_programme_v0_3.py@0.3,20260812,True,bee66248491095e718ab461b33b590e84186462c8871f4fa24b425907e2994b6
EXP-09,ESC-15,0.027022,0.455877,1.0,0.285218,1.0,SYNTHETIC_RESEARCH_FIXTURE,OG-SYNTH-0.3,B2-0.3,build_opus_synthetic_programme_v0_3.py@0.3,20260812,True,51d65c3a0d44a49b7756613ff0df45159711ee9bec50ea16979dcb416e3a50ff
EXP-09,ESC-16,0.008951,0.258531,1.0,0.517981,1.0,SYNTHETIC_RESEARCH_FIXTURE,OG-SYNTH-0.3,B2-0.3,build_opus_synthetic_programme_v0_3.py@0.3,20260812,True,4e76c01b280d86670c621e176f9165ba6c1c273812def4e83a4120652fa0e19f
EXP-09,ESC-17,0.00132,0.079197,0.721995,1.0,1.0,SYNTHETIC_RESEARCH_FIXTURE,OG-SYNTH-0.3,B2-0.3,build_opus_synthetic_programme_v0_3.py@0.3,20260812,True,ada2dfb753d4310fa6ce4b578b5c7ca8568144d8c02b273c03987f6a221a046e
EXP-09,ESC-18,0.007501,0.251538,1.0,0.471293,1.0,SYNTHETIC_RESEARCH_FIXTURE,OG-SYNTH-0.3,B2-0.3,build_opus_synthetic_programme_v0_3.py@0.3,20260812,True,b73c2eafda71aa9cea369c4af9e07138aa5f7a0aaa206d8fcd1e10e6f2f248e3
EXP-09,ESC-19,0.000601,0.046725,0.553631,1.0,1.0,SYNTHETIC_RESEARCH_FIXTURE,OG-SYNTH-0.3,B2-0.3,build_opus_synthetic_programme_v0_3.py@0.3,20260812,True,ca51e1959ab0baf994cc8321001d5f093c4c7ec4ca868d1f7de35d72ad2f2966
EXP-09,ESC-20,0.017222,0.36777,1.0,0.346215,1.0,SYNTHETIC_RESEARCH_FIXTURE,OG-SYNTH-0.3,B2-0.3,build_opus_synthetic_programme_v0_3.py@0.3,20260812,True,990113d5ed9ed2dd3272a06a6167bc45f7499d6d51c21b3a7e978413041ca9cf
EXP-09,ESC-21,0.001253,0.081765,0.75833,1.0,1.0,SYNTHETIC_RESEARCH_FIXTURE,OG-SYNTH-0.3,B2-0.3,build_opus_synthetic_programme_v0_3.py@0.3,20260812,True,d60d851ff1b8e4eda0550ce5f0cfbe63705db04a2e0fea7dfe34b7983bbb9629
EXP-09,ESC-22,0.001139,0.074251,0.710905,1.0,1.0,SYNTHETIC_RESEARCH_FIXTURE,OG-SYNTH-0.3,B2-0.3,build_opus_synthetic_programme_v0_3.py@0.3,20260812,True,52d482fb3ef7483e248e7c0b49fbe3937ab6bcbc2ba5b724f1ce1b987d0c2706
EXP-09,ESC-23,0.000151,0.023145,0.434759,1.0,1.0,SYNTHETIC_RESEARCH_FIXTURE,OG-SYNTH-0.3,B2-0.3,build_opus_synthetic_programme_v0_3.py@0.3,20260812,True,b1bd52e2d935da2d75548b60a477e9f6e2544fd47abe678b0db9ea891ad13052
EXP-09,ESC-24,0.000511,0.038717,0.484316,1.0,1.0,SYNTHETIC_RESEARCH_FIXTURE,OG-SYNTH-0.3,B2-0.3,build_opus_synthetic_programme_v0_3.py@0.3,20260812,True,83fbd66ab9283c3fbe5f2b16eeae17dfc4c5754e1075fe0b192fd37e379c237e
EXP-10,ESC-01,1.0,0.409074,0.022303,0.000162,1.0,SYNTHETIC_RESEARCH_FIXTURE,OG-SYNTH-0.3,B2-0.3,build_opus_synthetic_programme_v0_3.py@0.3,20260812,True,f15cecbc20218151182e4d2dc547c5d86f0ea304fca97aca867b03db0873194a
EXP-10,ESC-02,1.0,0.216479,0.007898,4.9e-05,1.0,SYNTHETIC_RESEARCH_FIXTURE,OG-SYNTH-0.3,B2-0.3,build_opus_synthetic_programme_v0_3.py@0.3,20260812,True,24203a2a02dc910825f83b0f84f8f8e876773a13b8d9f1f567b1bda890316cee
EXP-10,ESC-03,0.927244,1.0,0.153317,0.003342,1.0,SYNTHETIC_RESEARCH_FIXTURE,OG-SYNTH-0.3,B2-0.3,build_opus_synthetic_programme_v0_3.py@0.3,20260812,True,0207ad028fedeef4d2e83bda5d8adf0156fbeb9f2cac74a9258db2cd481b0ee7
EXP-10,ESC-04,0.790351,1.0,0.168493,0.003781,1.0,SYNTHETIC_RESEARCH_FIXTURE,OG-SYNTH-0.3,B2-0.3,build_opus_synthetic_programme_v0_3.py@0.3,20260812,True,08bb7be29bc707dbea026337f0aecb0a538e6eab86f0702b15d145f147deb70f
EXP-10,ESC-05,0.911768,1.0,0.17895,0.005225,1.0,SYNTHETIC_RESEARCH_FIXTURE,OG-SYNTH-0.3,B2-0.3,build_opus_synthetic_programme_v0_3.py@0.3,20260812,True,e0e158323fc8cf04d48dc4d4b7a0b1cd6daa7c64892165b597101d7e7858dead
EXP-10,ESC-06,0.479104,1.0,0.325252,0.016485,1.0,SYNTHETIC_RESEARCH_FIXTURE,OG-SYNTH-0.3,B2-0.3,build_opus_synthetic_programme_v0_3.py@0.3,20260812,True,a466123d28c565b9b5be23f00972b9b5f3a67610861076ba066dc5acaf037c97
EXP-10,ESC-07,0.672141,1.0,0.235793,0.008812,1.0,SYNTHETIC_RESEARCH_FIXTURE,OG-SYNTH-0.3,B2-0.3,build_opus_synthetic_programme_v0_3.py@0.3,20260812,True,c0cfcfe6f60d30d3a9c0fabf275316ec0651a3963c5db7bc9fcc8741230a1446
EXP-10,ESC-08,0.317591,1.0,0.456918,0.030296,1.0,SYNTHETIC_RESEARCH_FIXTURE,OG-SYNTH-0.3,B2-0.3,build_opus_synthetic_programme_v0_3.py@0.3,20260812,True,c631994bf6ecd9bbfbeeab596d79fb40de4eae55a7147dcba08d5a34e59ad511
EXP-10,ESC-09,0.236784,1.0,0.564285,0.042545,1.0,SYNTHETIC_RESEARCH_FIXTURE,OG-SYNTH-0.3,B2-0.3,build_opus_synthetic_programme_v0_3.py@0.3,20260812,True,6ba27ec60ed2b655372e61a4ffcdcf9bc6247e929fb8102e9445a9ea8249d9c8
EXP-10,ESC-10,0.035636,0.47668,1.0,0.329013,1.0,SYNTHETIC_RESEARCH_FIXTURE,OG-SYNTH-0.3,B2-0.3,build_opus_synthetic_programme_v0_3.py@0.3,20260812,True,4cb5d9b0687086f87e1ed0838bd6d0881ac5c045ed9a77047e20a556e1148c74
EXP-10,ESC-11,0.241235,1.0,0.489992,0.02838,1.0,SYNTHETIC_RESEARCH_FIXTURE,OG-SYNTH-0.3,B2-0.3,build_opus_synthetic_programme_v0_3.py@0.3,20260812,True,481269eded40d506149f720f11117829031bcd7cd01c2758ab0ba35b7d0c23e4
EXP-10,ESC-12,0.123419,0.993746,1.0,0.125764,1.0,SYNTHETIC_RESEARCH_FIXTURE,OG-SYNTH-0.3,B2-0.3,build_opus_synthetic_programme_v0_3.py@0.3,20260812,True,fafba6fba8abf0acbf967a22318752005b757409180138d4d2d05d3d9c9db047
EXP-10,ESC-13,0.039548,0.507858,1.0,0.301926,1.0,SYNTHETIC_RESEARCH_FIXTURE,OG-SYNTH-0.3,B2-0.3,build_opus_synthetic_programme_v0_3.py@0.3,20260812,True,5a4461b8ad14bb866c8b3af5129b027217e68fcb70489fcac10867b6ea3aa097
EXP-10,ESC-14,0.016714,0.36145,1.0,0.353937,1.0,SYNTHETIC_RESEARCH_FIXTURE,OG-SYNTH-0.3,B2-0.3,build_opus_synthetic_programme_v0_3.py@0.3,20260812,True,5a6b90508ff82b2532dc9eac0dfb088ae54ca2d64ad40e21bfbaa2f628f0be92
EXP-10,ESC-15,0.009732,0.277051,1.0,0.457642,1.0,SYNTHETIC_RESEARCH_FIXTURE,OG-SYNTH-0.3,B2-0.3,build_opus_synthetic_programme_v0_3.py@0.3,20260812,True,f2e345b7374414aa9505b9f4bd0a54a0a71f30799081039564c55d26962b5f89
EXP-10,ESC-16,0.034138,0.510982,1.0,0.255874,1.0,SYNTHETIC_RESEARCH_FIXTURE,OG-SYNTH-0.3,B2-0.3,build_opus_synthetic_programme_v0_3.py@0.3,20260812,True,808a37c0f95f00a43a27b6193663bd91a9f5664285077ddec1d6dd2227108249
EXP-10,ESC-17,0.005097,0.184897,1.0,0.806384,1.0,SYNTHETIC_RESEARCH_FIXTURE,OG-SYNTH-0.3,B2-0.3,build_opus_synthetic_programme_v0_3.py@0.3,20260812,True,fef6a1c7dda6f7af92d2982ca0d9e542da49f71c427e35dad41d28eafb362fe4
EXP-10,ESC-18,0.000764,0.072614,0.794168,1.0,1.0,SYNTHETIC_RESEARCH_FIXTURE,OG-SYNTH-0.3,B2-0.3,build_opus_synthetic_programme_v0_3.py@0.3,20260812,True,b4483b0b9ead5a6391bdea3284a472698aacbaebe0a64c857d744210a8b9b3e6
EXP-10,ESC-19,0.006455,0.2077,1.0,0.72039,1.0,SYNTHETIC_RESEARCH_FIXTURE,OG-SYNTH-0.3,B2-0.3,build_opus_synthetic_programme_v0_3.py@0.3,20260812,True,9d155a153e2a9b458c3bca6ccdebc1b131e9287500ffad71d411ff38a2d68d79
EXP-10,ESC-20,0.000138,0.02152,0.41651,1.0,1.0,SYNTHETIC_RESEARCH_FIXTURE,OG-SYNTH-0.3,B2-0.3,build_opus_synthetic_programme_v0_3.py@0.3,20260812,True,964f39498dd6e8d0cb7951492ddf9e8f36ff6c98a6dbd7a872f8192b83b67962
EXP-10,ESC-21,0.000132,0.018621,0.365797,1.0,1.0,SYNTHETIC_RESEARCH_FIXTURE,OG-SYNTH-0.3,B2-0.3,build_opus_synthetic_programme_v0_3.py@0.3,20260812,True,2db4300cd63561f3587578d28301afe0319d5a585b9da651fc8cc60ad3b4eede
EXP-10,ESC-22,0.000187,0.022745,0.397444,1.0,1.0,SYNTHETIC_RESEARCH_FIXTURE,OG-SYNTH-0.3,B2-0.3,build_opus_synthetic_programme_v0_3.py@0.3,20260812,True,767755f1b71954d56b8cf2e4bde0ed076f58716d943c5211d1c8bf88e79c8d90
EXP-10,ESC-23,1.7e-05,0.005617,0.217172,1.0,1.0,SYNTHETIC_RESEARCH_FIXTURE,OG-SYNTH-0.3,B2-0.3,build_opus_synthetic_programme_v0_3.py@0.3,20260812,True,bd29488e207a18c1cdbd0a74cbc88fa5a5619736b0d81a36eb89f49f39377b65
EXP-10,ESC-24,3.9e-05,0.007114,0.209232,1.0,1.0,SYNTHETIC_RESEARCH_FIXTURE,OG-SYNTH-0.3,B2-0.3,build_opus_synthetic_programme_v0_3.py@0.3,20260812,True,38b7ec522ca75cd53e4cc17b2fe599e30044f8205ef8a8ffe45df628956be9d5
EXP-11,ESC-01,1.0,0.574398,0.053436,0.000805,1.0,SYNTHETIC_RESEARCH_FIXTURE,OG-SYNTH-0.3,B2-0.3,build_opus_synthetic_programme_v0_3.py@0.3,20260812,True,32468a3e02e5b828e3d405becf7102c5c65b7b0265bac734dfbcb28cad9d3ac0
EXP-11,ESC-02,1.0,0.795944,0.120755,0.003492,1.0,SYNTHETIC_RESEARCH_FIXTURE,OG-SYNTH-0.3,B2-0.3,build_opus_synthetic_programme_v0_3.py@0.3,20260812,True,d5388caa342f2d8b1eef9cdf9e2eda7900bfc362f9b98c3e01fd6ad5ea93801a
EXP-11,ESC-03,1.0,0.536522,0.048721,0.000749,1.0,SYNTHETIC_RESEARCH_FIXTURE,OG-SYNTH-0.3,B2-0.3,build_opus_synthetic_programme_v0_3.py@0.3,20260812,True,40a3163f59f3c632c002411341d85415360df770daebf3765bd3d81ec9f57aec
EXP-11,ESC-04,1.0,0.605696,0.059384,0.000942,1.0,SYNTHETIC_RESEARCH_FIXTURE,OG-SYNTH-0.3,B2-0.3,build_opus_synthetic_programme_v0_3.py@0.3,20260812,True,1786c1032872c2681940a86018654f980401a13068bada31719b19e263e23fe3
EXP-11,ESC-05,0.673862,1.0,0.276457,0.014238,1.0,SYNTHETIC_RESEARCH_FIXTURE,OG-SYNTH-0.3,B2-0.3,build_opus_synthetic_programme_v0_3.py@0.3,20260812,True,2aa86d9582e72a6b6f396df2eb3c343bbfac20ebfd592cfcfd2b7d37b957a406
EXP-11,ESC-06,0.778997,1.0,0.231546,0.00967,1.0,SYNTHETIC_RESEARCH_FIXTURE,OG-SYNTH-0.3,B2-0.3,build_opus_synthetic_programme_v0_3.py@0.3,20260812,True,5d2ee8d02b24a950b2b6fc5ce6d144909647cf4258c39677082eb19df1e77386
EXP-11,ESC-07,0.846603,1.0,0.215594,0.008484,1.0,SYNTHETIC_RESEARCH_FIXTURE,OG-SYNTH-0.3,B2-0.3,build_opus_synthetic_programme_v0_3.py@0.3,20260812,True,c8ed82b4e3852632dbaa257e27707d92e547291f2056929f78fdbcef5a2b2c03
EXP-11,ESC-08,0.243954,1.0,0.703683,0.085004,1.0,SYNTHETIC_RESEARCH_FIXTURE,OG-SYNTH-0.3,B2-0.3,build_opus_synthetic_programme_v0_3.py@0.3,20260812,True,3db2cca868e704f0058021ef86768be8e9d070ab02f968dd2194870dc4ab4d22
EXP-11,ESC-09,0.62124,1.0,0.261147,0.011064,1.0,SYNTHETIC_RESEARCH_FIXTURE,OG-SYNTH-0.3,B2-0.3,build_opus_synthetic_programme_v0_3.py@0.3,20260812,True,af1b407e5283c7ac8d6daa2cbe3f0388e5facd83974a80ae92dd9bb85421732c
EXP-11,ESC-10,0.77173,1.0,0.234779,0.009987,1.0,SYNTHETIC_RESEARCH_FIXTURE,OG-SYNTH-0.3,B2-0.3,build_opus_synthetic_programme_v0_3.py@0.3,20260812,True,e34e806b5c28a6f66174024aba3ec5bbc9823e5f0cbfa153c059a1ead318adbc
EXP-11,ESC-11,0.145844,0.987966,1.0,0.151238,1.0,SYNTHETIC_RESEARCH_FIXTURE,OG-SYNTH-0.3,B2-0.3,build_opus_synthetic_programme_v0_3.py@0.3,20260812,True,b7b1bce01ebb64c701a0ee0c56cb51e3e74a061b00f26656fd483fe30b416bad
EXP-11,ESC-12,0.015301,0.314105,1.0,0.493724,1.0,SYNTHETIC_RESEARCH_FIXTURE,OG-SYNTH-0.3,B2-0.3,build_opus_synthetic_programme_v0_3.py@0.3,20260812,True,e39513c3fa70db122e168e05240c94087e34f38a541836f35ac3736d278bb146
EXP-11,ESC-13,0.234177,1.0,0.761617,0.103456,1.0,SYNTHETIC_RESEARCH_FIXTURE,OG-SYNTH-0.3,B2-0.3,build_opus_synthetic_programme_v0_3.py@0.3,20260812,True,d805f6d978882aae324eb1caa5b1e46e1bba0787355931dadbf46ff3b6c572d5
EXP-11,ESC-14,0.001624,0.087708,0.746159,1.0,1.0,SYNTHETIC_RESEARCH_FIXTURE,OG-SYNTH-0.3,B2-0.3,build_opus_synthetic_programme_v0_3.py@0.3,20260812,True,c22b6952c7ebe6fa6d10d64a2db4fb27af3a40ece2a3848f2be80863064c5cfd
EXP-11,ESC-15,0.000969,0.062529,0.631921,1.0,1.0,SYNTHETIC_RESEARCH_FIXTURE,OG-SYNTH-0.3,B2-0.3,build_opus_synthetic_programme_v0_3.py@0.3,20260812,True,8755549b205e2c75ccd2db367d8771981cf61d97365ff97d3f6f5b231fa37475
EXP-11,ESC-16,0.0085,0.230582,1.0,0.693323,1.0,SYNTHETIC_RESEARCH_FIXTURE,OG-SYNTH-0.3,B2-0.3,build_opus_synthetic_programme_v0_3.py@0.3,20260812,True,9be00232062bc2cc0f6a518e246a24cf07ae929faec5c02ac28801a7337e4a44
EXP-11,ESC-17,0.00129,0.067755,0.622385,1.0,1.0,SYNTHETIC_RESEARCH_FIXTURE,OG-SYNTH-0.3,B2-0.3,build_opus_synthetic_programme_v0_3.py@0.3,20260812,True,b46f84ad40d639d5f4307a364c81868fb38f7512f00fc46420399f5a83aeb017
EXP-11,ESC-18,0.003703,0.158814,1.0,0.924566,1.0,SYNTHETIC_RESEARCH_FIXTURE,OG-SYNTH-0.3,B2-0.3,build_opus_synthetic_programme_v0_3.py@0.3,20260812,True,4981b87552b0e2798feff3a66badd270a6a8e764687427a8c7521de158f9396d
EXP-11,ESC-19,0.000447,0.033331,0.435994,1.0,1.0,SYNTHETIC_RESEARCH_FIXTURE,OG-SYNTH-0.3,B2-0.3,build_opus_synthetic_programme_v0_3.py@0.3,20260812,True,3b75606c98700158defb6553a12ce14c2cfb083f615366caa884545a58c0dcde
EXP-11,ESC-20,0.001115,0.069679,0.671982,1.0,1.0,SYNTHETIC_RESEARCH_FIXTURE,OG-SYNTH-0.3,B2-0.3,build_opus_synthetic_programme_v0_3.py@0.3,20260812,True,62138dfe666f473d5f92513eb0615a451020789ea679865d835db513fb574256
EXP-11,ESC-21,2.3e-05,0.0049,0.171403,1.0,1.0,SYNTHETIC_RESEARCH_FIXTURE,OG-SYNTH-0.3,B2-0.3,build_opus_synthetic_programme_v0_3.py@0.3,20260812,True,60ea12ee09b4c55e59ede1ed45bce289c429ac74b785a244bfd564c12e766942
EXP-11,ESC-22,0.000118,0.01409,0.287259,1.0,1.0,SYNTHETIC_RESEARCH_FIXTURE,OG-SYNTH-0.3,B2-0.3,build_opus_synthetic_programme_v0_3.py@0.3,20260812,True,255bce1d827d4230ad03622cb783c2b8e51cda0fbfce75f6748e416c8e95b442
EXP-11,ESC-23,1.7e-05,0.004451,0.172166,1.0,1.0,SYNTHETIC_RESEARCH_FIXTURE,OG-SYNTH-0.3,B2-0.3,build_opus_synthetic_programme_v0_3.py@0.3,20260812,True,1fa183220421fa6edf0a78cadc180e4eef1bc580e8515a1ca8c03c69bbdc17ee
EXP-11,ESC-24,0.000853,0.04843,0.510597,1.0,1.0,SYNTHETIC_RESEARCH_FIXTURE,OG-SYNTH-0.3,B2-0.3,build_opus_synthetic_programme_v0_3.py@0.3,20260812,True,ea6db30de165cd52b7a198d6c6700e0ea58a21973a98285f384f51c13c69c7a2
EXP-12,ESC-01,1.0,0.362667,0.020876,0.000191,1.0,SYNTHETIC_RESEARCH_FIXTURE,OG-SYNTH-0.3,B2-0.3,build_opus_synthetic_programme_v0_3.py@0.3,20260812,True,798173d9baff856648ae105e27d1ba9acc0228a4fa392f7cae9afe7a0cbc65dc
EXP-12,ESC-02,1.0,0.57417,0.062024,0.001261,1.0,SYNTHETIC_RESEARCH_FIXTURE,OG-SYNTH-0.3,B2-0.3,build_opus_synthetic_programme_v0_3.py@0.3,20260812,True,7736b9ef434675bd69734655e5c4022d3e8103fd00a8bd690df9acaf1528598b
EXP-12,ESC-03,1.0,0.488725,0.039698,0.000536,1.0,SYNTHETIC_RESEARCH_FIXTURE,OG-SYNTH-0.3,B2-0.3,build_opus_synthetic_programme_v0_3.py@0.3,20260812,True,a054bfeed3aeebc24d4785bf8af6de5a57c6be96d126a5cb631aa627b4da15aa
EXP-12,ESC-04,0.805479,1.0,0.19693,0.006152,1.0,SYNTHETIC_RESEARCH_FIXTURE,OG-SYNTH-0.3,B2-0.3,build_opus_synthetic_programme_v0_3.py@0.3,20260812,True,210a83452cf4b522bfc8ffdd8f63b83728165fe4a5cb3ee4862599c55dfd2f09
EXP-12,ESC-05,0.404148,1.0,0.454545,0.037955,1.0,SYNTHETIC_RESEARCH_FIXTURE,OG-SYNTH-0.3,B2-0.3,build_opus_synthetic_programme_v0_3.py@0.3,20260812,True,2aaf7f1f4d904ec67887c30a5ddbeeae2b88bbe6b4a284249156b61bfa43789e
EXP-12,ESC-06,1.0,0.482775,0.041398,0.000631,1.0,SYNTHETIC_RESEARCH_FIXTURE,OG-SYNTH-0.3,B2-0.3,build_opus_synthetic_programme_v0_3.py@0.3,20260812,True,5e9bc5fa4bf2e3a88570c784af286e2e4044393f3c8e0f529fa3278d6ebe0e82
EXP-12,ESC-07,0.675091,1.0,0.266375,0.01276,1.0,SYNTHETIC_RESEARCH_FIXTURE,OG-SYNTH-0.3,B2-0.3,build_opus_synthetic_programme_v0_3.py@0.3,20260812,True,699abf92c49612039f9a5b2899a9b682d2c2ea21a921ca84c35efb63d2bd6548
EXP-12,ESC-08,0.465162,1.0,0.362621,0.02218,1.0,SYNTHETIC_RESEARCH_FIXTURE,OG-SYNTH-0.3,B2-0.3,build_opus_synthetic_programme_v0_3.py@0.3,20260812,True,5d9671c538dc161b7be0b0064ad4116afb1ece0911a785b8b2e443478af565c6
EXP-12,ESC-09,0.037802,0.487595,1.0,0.326089,1.0,SYNTHETIC_RESEARCH_FIXTURE,OG-SYNTH-0.3,B2-0.3,build_opus_synthetic_programme_v0_3.py@0.3,20260812,True,7b4724d958d7fe79b63ce9761601e1bc3858a21338a84e23440c39753e37429d
EXP-12,ESC-10,1.0,0.587673,0.061631,0.001153,1.0,SYNTHETIC_RESEARCH_FIXTURE,OG-SYNTH-0.3,B2-0.3,build_opus_synthetic_programme_v0_3.py@0.3,20260812,True,eb0d785097ff42ec52f32b7bc236f3582bf364220e92af9270997f99162efebb
EXP-12,ESC-11,0.1355,0.963822,1.0,0.151338,1.0,SYNTHETIC_RESEARCH_FIXTURE,OG-SYNTH-0.3,B2-0.3,build_opus_synthetic_programme_v0_3.py@0.3,20260812,True,c31542815dca5f408c9d697e5c5d312cac9b421276fc1686e0dcf35993d53bfb
EXP-12,ESC-12,0.145517,0.979523,1.0,0.154835,1.0,SYNTHETIC_RESEARCH_FIXTURE,OG-SYNTH-0.3,B2-0.3,build_opus_synthetic_programme_v0_3.py@0.3,20260812,True,42a60dd8c36ae91901bfcdc299ab9b9a9d9c240af4d2768ef5d6e0d1b4f49652
EXP-12,ESC-13,0.033592,0.437446,1.0,0.401295,1.0,SYNTHETIC_RESEARCH_FIXTURE,OG-SYNTH-0.3,B2-0.3,build_opus_synthetic_programme_v0_3.py@0.3,20260812,True,dc34ef06f232aa9232f252ab57bda746810375aeeeae0c90fb15e3a259193a5b
EXP-12,ESC-14,0.020927,0.368415,1.0,0.418494,1.0,SYNTHETIC_RESEARCH_FIXTURE,OG-SYNTH-0.3,B2-0.3,build_opus_synthetic_programme_v0_3.py@0.3,20260812,True,968425c0828f40b9e64e8487f53c48233d5080d73f4b49f6777980400b0c92f1
EXP-12,ESC-15,0.012484,0.285447,1.0,0.536735,1.0,SYNTHETIC_RESEARCH_FIXTURE,OG-SYNTH-0.3,B2-0.3,build_opus_synthetic_programme_v0_3.py@0.3,20260812,True,28e96f66ff53fc09fb5487cc02eb67207053e8221c373c6c782ce77101a773bb
EXP-12,ESC-16,0.074554,0.690046,1.0,0.2269,1.0,SYNTHETIC_RESEARCH_FIXTURE,OG-SYNTH-0.3,B2-0.3,build_opus_synthetic_programme_v0_3.py@0.3,20260812,True,a7c9a37f18b140c272f41f2f0ef244996826cd0fb8c25600551d252fb82264d9
EXP-12,ESC-17,1.5e-05,0.003579,0.144249,1.0,1.0,SYNTHETIC_RESEARCH_FIXTURE,OG-SYNTH-0.3,B2-0.3,build_opus_synthetic_programme_v0_3.py@0.3,20260812,True,bf757f5c5dc0c460c4b39214405b4504811800023373f85175262e6e171566e8
EXP-12,ESC-18,0.001726,0.100468,0.83756,1.0,1.0,SYNTHETIC_RESEARCH_FIXTURE,OG-SYNTH-0.3,B2-0.3,build_opus_synthetic_programme_v0_3.py@0.3,20260812,True,7ed61ca490de8c7657efe39af519e658891ce0f58dcd5a329873d6a1fd3e3f55
EXP-12,ESC-19,0.020798,0.347277,1.0,0.49658,1.0,SYNTHETIC_RESEARCH_FIXTURE,OG-SYNTH-0.3,B2-0.3,build_opus_synthetic_programme_v0_3.py@0.3,20260812,True,ed3c0b1ee7979d4231fb1d24dc0236ebf79b717684de7b0eaab896ff032dc179
EXP-12,ESC-20,0.000506,0.042075,0.528089,1.0,1.0,SYNTHETIC_RESEARCH_FIXTURE,OG-SYNTH-0.3,B2-0.3,build_opus_synthetic_programme_v0_3.py@0.3,20260812,True,9346fdfa39fd2d69d544828039ccf989deac10f9c177d2394ea0c564c43d58cd
EXP-12,ESC-21,0.000222,0.022365,0.369646,1.0,1.0,SYNTHETIC_RESEARCH_FIXTURE,OG-SYNTH-0.3,B2-0.3,build_opus_synthetic_programme_v0_3.py@0.3,20260812,True,a899554c60a83a628167b187a422bbc2be450634c2df5d41157abe52c57fa4d4
EXP-12,ESC-22,0.000812,0.051874,0.556107,1.0,1.0,SYNTHETIC_RESEARCH_FIXTURE,OG-SYNTH-0.3,B2-0.3,build_opus_synthetic_programme_v0_3.py@0.3,20260812,True,13ff144844c838ae8cc6078149f9ea753305fd9edae47083cc5f244c7fffad6b
EXP-12,ESC-23,9e-06,0.002957,0.142017,1.0,1.0,SYNTHETIC_RESEARCH_FIXTURE,OG-SYNTH-0.3,B2-0.3,build_opus_synthetic_programme_v0_3.py@0.3,20260812,True,a62d4fd3f453079d1545fd1598700311ecdbcd8db4883480bcdeb287ae487da4
EXP-12,ESC-24,2.3e-05,0.004376,0.154562,1.0,1.0,SYNTHETIC_RESEARCH_FIXTURE,OG-SYNTH-0.3,B2-0.3,build_opus_synthetic_programme_v0_3.py@0.3,20260812,True,77f1751a264807b5ddfbb05e417f922b9e2d7b666f3290e9a7b8596b450022cd
EXP-13,ESC-01,1.0,0.187293,0.005454,2.5e-05,1.0,SYNTHETIC_RESEARCH_FIXTURE,OG-SYNTH-0.3,B2-0.3,build_opus_synthetic_programme_v0_3.py@0.3,20260812,True,96d3c07271a6044281a948ae63c19bd3b8038732d2bcf7f3cc10bafeb04ba11d
EXP-13,ESC-02,1.0,0.219721,0.008964,6.8e-05,1.0,SYNTHETIC_RESEARCH_FIXTURE,OG-SYNTH-0.3,B2-0.3,build_opus_synthetic_programme_v0_3.py@0.3,20260812,True,a4f92f1af68083092e706e29f2ca87f10b2d23878018b5da0f1222c992a278c1
EXP-13,ESC-03,1.0,0.567731,0.052589,0.000795,1.0,SYNTHETIC_RESEARCH_FIXTURE,OG-SYNTH-0.3,B2-0.3,build_opus_synthetic_programme_v0_3.py@0.3,20260812,True,beee79532b7801e571c3c70a802f6d5f7aa07034fb9670822e49a934f4659af7
EXP-13,ESC-04,1.0,0.914079,0.129835,0.002866,1.0,SYNTHETIC_RESEARCH_FIXTURE,OG-SYNTH-0.3,B2-0.3,build_opus_synthetic_programme_v0_3.py@0.3,20260812,True,93c5c499b875c21541824f676986a420c1b59c00578ccaf80499531b599600d8
EXP-13,ESC-05,0.633258,1.0,0.28601,0.014816,1.0,SYNTHETIC_RESEARCH_FIXTURE,OG-SYNTH-0.3,B2-0.3,build_opus_synthetic_programme_v0_3.py@0.3,20260812,True,42caa5b154544de58f807dd6dfae4e56f2227a34d6a7c9aa82c3bff07a164f12
EXP-13,ESC-06,1.0,0.678772,0.080569,0.001672,1.0,SYNTHETIC_RESEARCH_FIXTURE,OG-SYNTH-0.3,B2-0.3,build_opus_synthetic_programme_v0_3.py@0.3,20260812,True,a5d17a8a34d8a36ad8e27d069e3048c5dabc9f05adac85eb9d4afdc85bbd4640
EXP-13,ESC-07,0.800034,1.0,0.221414,0.008684,1.0,SYNTHETIC_RESEARCH_FIXTURE,OG-SYNTH-0.3,B2-0.3,build_opus_synthetic_programme_v0_3.py@0.3,20260812,True,088335102c63f488cae1818ae1634e7052715d6d2470242d022a101a66c6c6a7
EXP-13,ESC-08,0.335776,1.0,0.493475,0.04035,1.0,SYNTHETIC_RESEARCH_FIXTURE,OG-SYNTH-0.3,B2-0.3,build_opus_synthetic_programme_v0_3.py@0.3,20260812,True,2aaf7ad741527de779419fc085e7080c1eff184ee2ebce4cdce3de49a14c6029
EXP-13,ESC-09,0.10298,0.813069,1.0,0.19159,1.0,SYNTHETIC_RESEARCH_FIXTURE,OG-SYNTH-0.3,B2-0.3,build_opus_synthetic_programme_v0_3.py@0.3,20260812,True,d580ba611dd09363cfc11160d84b7b3f0e5e0dc16ff3bb8d06cbb1e6705d4ccf
EXP-13,ESC-10,0.104345,0.770574,1.0,0.22805,1.0,SYNTHETIC_RESEARCH_FIXTURE,OG-SYNTH-0.3,B2-0.3,build_opus_synthetic_programme_v0_3.py@0.3,20260812,True,60afc8460c2edf416112d5bad9e5a4cde694966ead886173706483796b8ab6cc
EXP-13,ESC-11,0.207054,1.0,0.68739,0.06725,1.0,SYNTHETIC_RESEARCH_FIXTURE,OG-SYNTH-0.3,B2-0.3,build_opus_synthetic_programme_v0_3.py@0.3,20260812,True,8525ffafad2f79cbeb50cd813d948443bb7e8986ebccb79158c7222770fc881d
EXP-13,ESC-12,0.086504,0.763839,1.0,0.194103,1.0,SYNTHETIC_RESEARCH_FIXTURE,OG-SYNTH-0.3,B2-0.3,build_opus_synthetic_programme_v0_3.py@0.3,20260812,True,37efbfd60fefe18b5ee504bcebeff7a0132fa1ebb2b568ff7afcd2b6ce662806
EXP-13,ESC-13,0.082914,0.69281,1.0,0.249336,1.0,SYNTHETIC_RESEARCH_FIXTURE,OG-SYNTH-0.3,B2-0.3,build_opus_synthetic_programme_v0_3.py@0.3,20260812,True,b2f1c47fb3f2697b8c35c7e41d765eefe128e7e8926aab07ce6ed8051583425d
EXP-13,ESC-14,0.001082,0.069889,0.680689,1.0,1.0,SYNTHETIC_RESEARCH_FIXTURE,OG-SYNTH-0.3,B2-0.3,build_opus_synthetic_programme_v0_3.py@0.3,20260812,True,8a51d3cbdb9378a59686aa0e220e9c32d29cd0de19d377b4e5d2085581e218b4
EXP-13,ESC-15,0.009431,0.250875,1.0,0.597291,1.0,SYNTHETIC_RESEARCH_FIXTURE,OG-SYNTH-0.3,B2-0.3,build_opus_synthetic_programme_v0_3.py@0.3,20260812,True,648869ed2aeee6a545fd3adb5645d721dd51f9d6bf0c76a06265be2f224c07d1
EXP-13,ESC-16,0.005147,0.183242,1.0,0.836537,1.0,SYNTHETIC_RESEARCH_FIXTURE,OG-SYNTH-0.3,B2-0.3,build_opus_synthetic_programme_v0_3.py@0.3,20260812,True,4f3c605a3654119520babca4f2dee8a42779fbc6c81e1ac7c8ce7a92fd3bf956
EXP-13,ESC-17,0.000263,0.024256,0.378719,1.0,1.0,SYNTHETIC_RESEARCH_FIXTURE,OG-SYNTH-0.3,B2-0.3,build_opus_synthetic_programme_v0_3.py@0.3,20260812,True,9e480751930e0300456e76acac20055bfe831a95d4cd5b2c3dd8ae8aeb5d8763
EXP-13,ESC-18,0.014096,0.317737,1.0,0.439423,1.0,SYNTHETIC_RESEARCH_FIXTURE,OG-SYNTH-0.3,B2-0.3,build_opus_synthetic_programme_v0_3.py@0.3,20260812,True,fe651993329b57c43ca8eedc2696d970c649260d6187560a35938c87bc7f9413
EXP-13,ESC-19,0.019573,0.339748,1.0,0.499098,1.0,SYNTHETIC_RESEARCH_FIXTURE,OG-SYNTH-0.3,B2-0.3,build_opus_synthetic_programme_v0_3.py@0.3,20260812,True,f1b57c06e312b06e07263ec244a536a55899585d9e2d0f2326ef8971b473a62d
EXP-13,ESC-20,0.012523,0.291427,1.0,0.505964,1.0,SYNTHETIC_RESEARCH_FIXTURE,OG-SYNTH-0.3,B2-0.3,build_opus_synthetic_programme_v0_3.py@0.3,20260812,True,21fe1e7d113d096668fb20ba00036ec8e69937294d96a409c3074a2919f08900
EXP-13,ESC-21,3.9e-05,0.007122,0.210595,1.0,1.0,SYNTHETIC_RESEARCH_FIXTURE,OG-SYNTH-0.3,B2-0.3,build_opus_synthetic_programme_v0_3.py@0.3,20260812,True,45a04685c10445298d911399f5bd34f04cb6ff2bec84f3414b7c5a623337275f
EXP-13,ESC-22,0.000323,0.028565,0.416419,1.0,1.0,SYNTHETIC_RESEARCH_FIXTURE,OG-SYNTH-0.3,B2-0.3,build_opus_synthetic_programme_v0_3.py@0.3,20260812,True,d0b7d6d802d87c4c438a8019e5dde5357f63927c00e4d6607eb3edb193c48d14
EXP-13,ESC-23,2.2e-05,0.005474,0.195582,1.0,1.0,SYNTHETIC_RESEARCH_FIXTURE,OG-SYNTH-0.3,B2-0.3,build_opus_synthetic_programme_v0_3.py@0.3,20260812,True,fa7cb29371fc4d300cb64121cfc8deca776b7ad2b0e535794c1e5a7407c648e7
EXP-13,ESC-24,2.2e-05,0.00433,0.154864,1.0,1.0,SYNTHETIC_RESEARCH_FIXTURE,OG-SYNTH-0.3,B2-0.3,build_opus_synthetic_programme_v0_3.py@0.3,20260812,True,af72f95b5cda225f6de125b0171a0d3034c1613d45ec1ab167dce5f79d7bbc4c
EXP-14,ESC-01,0.582835,1.0,0.261254,0.010393,1.0,SYNTHETIC_RESEARCH_FIXTURE,OG-SYNTH-0.3,B2-0.3,build_opus_synthetic_programme_v0_3.py@0.3,20260812,True,1896ecc6d0280cb366b9b29076e7d783b2731d53f96b255b3360e7bb1d4d7c27
EXP-14,ESC-02,0.391715,1.0,0.467711,0.040078,1.0,SYNTHETIC_RESEARCH_FIXTURE,OG-SYNTH-0.3,B2-0.3,build_opus_synthetic_programme_v0_3.py@0.3,20260812,True,c6c379b59c275cf2796ee3411aa839a66da99a995a5cb024d9d6c73c685efd35
EXP-14,ESC-03,0.359836,1.0,0.444996,0.031708,1.0,SYNTHETIC_RESEARCH_FIXTURE,OG-SYNTH-0.3,B2-0.3,build_opus_synthetic_programme_v0_3.py@0.3,20260812,True,c79c65957f3c84016efa4d174853a805347a8869bdded76eda04703b1275df19
EXP-14,ESC-04,0.541545,1.0,0.280993,0.012015,1.0,SYNTHETIC_RESEARCH_FIXTURE,OG-SYNTH-0.3,B2-0.3,build_opus_synthetic_programme_v0_3.py@0.3,20260812,True,00862b057a80c67a550de0229613338876da1a2b3ff89b6e8e512c1581ac8871
EXP-14,ESC-05,0.225856,1.0,0.790488,0.111562,1.0,SYNTHETIC_RESEARCH_FIXTURE,OG-SYNTH-0.3,B2-0.3,build_opus_synthetic_programme_v0_3.py@0.3,20260812,True,cc0f6ffc6bd8a6f28de4ba1a330d2dafd3c1ddc41967a78acabf839516ffe6b2
EXP-14,ESC-06,0.209456,1.0,0.821799,0.116249,1.0,SYNTHETIC_RESEARCH_FIXTURE,OG-SYNTH-0.3,B2-0.3,build_opus_synthetic_programme_v0_3.py@0.3,20260812,True,a8a146b3adc2b35bd0805e445db3f829c20ac926757f1a2ffd4be322c6816295
EXP-14,ESC-07,0.795335,1.0,0.219347,0.008394,1.0,SYNTHETIC_RESEARCH_FIXTURE,OG-SYNTH-0.3,B2-0.3,build_opus_synthetic_programme_v0_3.py@0.3,20260812,True,9b64823b19bac776985bf2f26dd4824132b817c06153ceedfebbc1a8d48990bb
EXP-14,ESC-08,0.41886,1.0,0.388496,0.02456,1.0,SYNTHETIC_RESEARCH_FIXTURE,OG-SYNTH-0.3,B2-0.3,build_opus_synthetic_programme_v0_3.py@0.3,20260812,True,c56f42382a4317b2f90d88f10f3e4adc765f9a432493efb8aa3325035fdaedce
EXP-14,ESC-09,0.275575,1.0,0.553624,0.046761,1.0,SYNTHETIC_RESEARCH_FIXTURE,OG-SYNTH-0.3,B2-0.3,build_opus_synthetic_programme_v0_3.py@0.3,20260812,True,43d25924f84a0be5802e8dd32f4d12b58de1bfc19df4e309c283c4316906f723
EXP-14,ESC-10,0.992804,1.0,0.174263,0.005254,1.0,SYNTHETIC_RESEARCH_FIXTURE,OG-SYNTH-0.3,B2-0.3,build_opus_synthetic_programme_v0_3.py@0.3,20260812,True,6d4f1dc6f8a1c4124604c905b86d9faf3bf5f5e8310efca36d818f7b8f3e119e
EXP-14,ESC-11,0.077579,0.747581,1.0,0.18568,1.0,SYNTHETIC_RESEARCH_FIXTURE,OG-SYNTH-0.3,B2-0.3,build_opus_synthetic_programme_v0_3.py@0.3,20260812,True,d699feaea15e431f5c6fe84ba07b70069a30de0a98d7398b7036fa4efec1b38c
EXP-14,ESC-12,0.026415,0.426998,1.0,0.339298,1.0,SYNTHETIC_RESEARCH_FIXTURE,OG-SYNTH-0.3,B2-0.3,build_opus_synthetic_programme_v0_3.py@0.3,20260812,True,f757db34a0f931cb9a83895d080c1e4fa6c8ba525ee547e660c7324616957174
EXP-14,ESC-13,0.126757,0.863633,1.0,0.196781,1.0,SYNTHETIC_RESEARCH_FIXTURE,OG-SYNTH-0.3,B2-0.3,build_opus_synthetic_programme_v0_3.py@0.3,20260812,True,e0ccefcc25e65c61604a6a7074a060263d72ab0dd662d380fce861a6daed76a8
EXP-14,ESC-14,0.006662,0.212513,1.0,0.694137,1.0,SYNTHETIC_RESEARCH_FIXTURE,OG-SYNTH-0.3,B2-0.3,build_opus_synthetic_programme_v0_3.py@0.3,20260812,True,3560231af62456c61677906d3690f0d7bc6b94d031d9836789f352e1ce6b8044
EXP-14,ESC-15,0.001537,0.090899,0.787709,1.0,1.0,SYNTHETIC_RESEARCH_FIXTURE,OG-SYNTH-0.3,B2-0.3,build_opus_synthetic_programme_v0_3.py@0.3,20260812,True,c1d87bee3853a1e442c33e299a61ce4cdeafce8422fdfd843a5195834398f011
EXP-14,ESC-16,0.097126,0.804625,1.0,0.186447,1.0,SYNTHETIC_RESEARCH_FIXTURE,OG-SYNTH-0.3,B2-0.3,build_opus_synthetic_programme_v0_3.py@0.3,20260812,True,2b540a0522dc6754ac7164b18d841f5dab03c5f0d519ee4ed343a7786d514e8a
EXP-14,ESC-17,0.002822,0.120123,0.850079,1.0,1.0,SYNTHETIC_RESEARCH_FIXTURE,OG-SYNTH-0.3,B2-0.3,build_opus_synthetic_programme_v0_3.py@0.3,20260812,True,d9f11a367f28c18dafcb44b9f1ce4b2de56c498401a78224097fadb9c7b9836b
EXP-14,ESC-18,0.004355,0.178906,1.0,0.760437,1.0,SYNTHETIC_RESEARCH_FIXTURE,OG-SYNTH-0.3,B2-0.3,build_opus_synthetic_programme_v0_3.py@0.3,20260812,True,9459b624af7c6067f78489183a21f255208be70740416e6bb5bd787b15435041
EXP-14,ESC-19,0.001101,0.063967,0.619469,1.0,1.0,SYNTHETIC_RESEARCH_FIXTURE,OG-SYNTH-0.3,B2-0.3,build_opus_synthetic_programme_v0_3.py@0.3,20260812,True,e43aacde4add01b6af61b8554099ea75e4c54d90d065b24c725109957063c3e5
EXP-14,ESC-20,0.000389,0.036986,0.506713,1.0,1.0,SYNTHETIC_RESEARCH_FIXTURE,OG-SYNTH-0.3,B2-0.3,build_opus_synthetic_programme_v0_3.py@0.3,20260812,True,25b73b983c3033cd5bf609d411072d3077537840b44282897ac57ea1bf636a93
EXP-14,ESC-21,0.002651,0.121642,0.878878,1.0,1.0,SYNTHETIC_RESEARCH_FIXTURE,OG-SYNTH-0.3,B2-0.3,build_opus_synthetic_programme_v0_3.py@0.3,20260812,True,d6d638f616348a35f1e2a0c23252dde319c2b35760a3ab8e8cc2f5da2cf9bc15
EXP-14,ESC-22,1e-05,0.002939,0.134801,1.0,1.0,SYNTHETIC_RESEARCH_FIXTURE,OG-SYNTH-0.3,B2-0.3,build_opus_synthetic_programme_v0_3.py@0.3,20260812,True,5840ba8a6cdb2483f3587b85d084730372a9d9860917e6938b211331297b3c76
EXP-14,ESC-23,3.1e-05,0.007134,0.226052,1.0,1.0,SYNTHETIC_RESEARCH_FIXTURE,OG-SYNTH-0.3,B2-0.3,build_opus_synthetic_programme_v0_3.py@0.3,20260812,True,fa335e74d78668ed89fa3deb8af69334b214d15aad31d8ab4c784a2de62f3cca
EXP-14,ESC-24,0.000903,0.052495,0.543121,1.0,1.0,SYNTHETIC_RESEARCH_FIXTURE,OG-SYNTH-0.3,B2-0.3,build_opus_synthetic_programme_v0_3.py@0.3,20260812,True,f75893e425baebf66106b96248e9f8569f8b8a7f62dcbc25fff6653e98b3ed06
EXP-15,ESC-01,1.0,0.43727,0.028502,0.000277,1.0,SYNTHETIC_RESEARCH_FIXTURE,OG-SYNTH-0.3,B2-0.3,build_opus_synthetic_programme_v0_3.py@0.3,20260812,True,5c64b7a78c5d0f7c295bdbe5a9afc4adf2f8ecf949dc2d2482588f5022a687ae
EXP-15,ESC-02,1.0,0.661393,0.079068,0.001709,1.0,SYNTHETIC_RESEARCH_FIXTURE,OG-SYNTH-0.3,B2-0.3,build_opus_synthetic_programme_v0_3.py@0.3,20260812,True,0f200a162efc328f85d45926e7986a30330adea59d1ae8b762779df811a16420
EXP-15,ESC-03,0.529277,1.0,0.296824,0.013841,1.0,SYNTHETIC_RESEARCH_FIXTURE,OG-SYNTH-0.3,B2-0.3,build_opus_synthetic_programme_v0_3.py@0.3,20260812,True,4b0068cbe38d210d8129bb4d5bffecc91281bfd2a73caad9b0b56c3cd9b0579b
EXP-15,ESC-04,0.920977,1.0,0.161746,0.003897,1.0,SYNTHETIC_RESEARCH_FIXTURE,OG-SYNTH-0.3,B2-0.3,build_opus_synthetic_programme_v0_3.py@0.3,20260812,True,d80731b5afd3250f4ddcd0c3f2d9b946c3deacb0ae9eb58e6449c4e7d7e314e6
EXP-15,ESC-05,0.245168,1.0,0.717711,0.090639,1.0,SYNTHETIC_RESEARCH_FIXTURE,OG-SYNTH-0.3,B2-0.3,build_opus_synthetic_programme_v0_3.py@0.3,20260812,True,23fd3c0634eb8177b27d26d0f0a93b7925e22076abc3af8ee84fd37cbc70e062
EXP-15,ESC-06,0.224111,1.0,0.755854,0.096778,1.0,SYNTHETIC_RESEARCH_FIXTURE,OG-SYNTH-0.3,B2-0.3,build_opus_synthetic_programme_v0_3.py@0.3,20260812,True,86e1cf6b9582b97cf67a3e25bb4a4137d89f3817824ebd0835d5d6950e76b18c
EXP-15,ESC-07,0.288582,1.0,0.595243,0.060863,1.0,SYNTHETIC_RESEARCH_FIXTURE,OG-SYNTH-0.3,B2-0.3,build_opus_synthetic_programme_v0_3.py@0.3,20260812,True,1332392b1c623235a2e5642e1125bc5b11de78487b69fab4d90a9f25d3e289e2
EXP-15,ESC-08,0.381946,1.0,0.418287,0.027953,1.0,SYNTHETIC_RESEARCH_FIXTURE,OG-SYNTH-0.3,B2-0.3,build_opus_synthetic_programme_v0_3.py@0.3,20260812,True,3d6ddced24f6e5a6d33084c0a7d45759aeeb243fdd3fd7e849f420b494518884
EXP-15,ESC-09,0.195465,1.0,0.764167,0.087224,1.0,SYNTHETIC_RESEARCH_FIXTURE,OG-SYNTH-0.3,B2-0.3,build_opus_synthetic_programme_v0_3.py@0.3,20260812,True,87a3b11143b3b199d99a6aacab45543f7699e5020b032d8bb7077284b3cf52cb
EXP-15,ESC-10,0.090651,0.7296,1.0,0.23341,1.0,SYNTHETIC_RESEARCH_FIXTURE,OG-SYNTH-0.3,B2-0.3,build_opus_synthetic_programme_v0_3.py@0.3,20260812,True,957db17a302e208031d0f4b29a611b4c53ef50ab958fc0331215f5baea0a3ee8
EXP-15,ESC-11,0.227844,1.0,0.5939,0.047728,1.0,SYNTHETIC_RESEARCH_FIXTURE,OG-SYNTH-0.3,B2-0.3,build_opus_synthetic_programme_v0_3.py@0.3,20260812,True,f9e775ce647f5ed9087808de5f12f3f331402aa9c3c5a90e25f8db2211f571e7
EXP-15,ESC-12,0.043399,0.553784,1.0,0.255538,1.0,SYNTHETIC_RESEARCH_FIXTURE,OG-SYNTH-0.3,B2-0.3,build_opus_synthetic_programme_v0_3.py@0.3,20260812,True,311f0bfe8d0db16090bddee8d12c7aeabfb2ef4e996f1c3ec9d110baaa0448ee
EXP-15,ESC-13,0.025688,0.392016,1.0,0.426406,1.0,SYNTHETIC_RESEARCH_FIXTURE,OG-SYNTH-0.3,B2-0.3,build_opus_synthetic_programme_v0_3.py@0.3,20260812,True,da7b61367be107c1f9b7005b7c431999cc579b5b06c8447f0fca31226b2ad736
EXP-15,ESC-14,0.004455,0.175762,1.0,0.820448,1.0,SYNTHETIC_RESEARCH_FIXTURE,OG-SYNTH-0.3,B2-0.3,build_opus_synthetic_programme_v0_3.py@0.3,20260812,True,a67b9f428dc93617c59dc8b1d648e346155f2101eb82f5d0ea70fc418339cc84
EXP-15,ESC-15,0.00042,0.039192,0.523213,1.0,1.0,SYNTHETIC_RESEARCH_FIXTURE,OG-SYNTH-0.3,B2-0.3,build_opus_synthetic_programme_v0_3.py@0.3,20260812,True,c2245fff6862a05d54c802bfbb4c885cb40697e8870b9561a2de4602c8f3b28d
EXP-15,ESC-16,0.007085,0.219716,1.0,0.667979,1.0,SYNTHETIC_RESEARCH_FIXTURE,OG-SYNTH-0.3,B2-0.3,build_opus_synthetic_programme_v0_3.py@0.3,20260812,True,e1bd6ad68f25633069ba1c6cbc1682147067f58bab2c00ff55fc52b46e71917f
EXP-15,ESC-17,0.010695,0.255878,1.0,0.638394,1.0,SYNTHETIC_RESEARCH_FIXTURE,OG-SYNTH-0.3,B2-0.3,build_opus_synthetic_programme_v0_3.py@0.3,20260812,True,a60a223f052181c2e7a45ba08ba6f8ed7358079ed512d292efa19f3174bf338c
EXP-15,ESC-18,0.002278,0.130673,0.993096,1.0,1.0,SYNTHETIC_RESEARCH_FIXTURE,OG-SYNTH-0.3,B2-0.3,build_opus_synthetic_programme_v0_3.py@0.3,20260812,True,1d2859af5bef7d8b5999e1de0425d7842b02b2167ae54ae02a1e59226f9c9dea
EXP-15,ESC-19,0.004456,0.16493,1.0,0.993296,1.0,SYNTHETIC_RESEARCH_FIXTURE,OG-SYNTH-0.3,B2-0.3,build_opus_synthetic_programme_v0_3.py@0.3,20260812,True,f5c1524609294b7c14402ed188f89b190942d9b3449d217ac3fb8b6c0a57526b
EXP-15,ESC-20,0.000178,0.022459,0.399578,1.0,1.0,SYNTHETIC_RESEARCH_FIXTURE,OG-SYNTH-0.3,B2-0.3,build_opus_synthetic_programme_v0_3.py@0.3,20260812,True,eb4eb864dac788ca865588c078b0c29306bbc28ed14bcc770716d797b1670e90
EXP-15,ESC-21,0.000169,0.019803,0.358136,1.0,1.0,SYNTHETIC_RESEARCH_FIXTURE,OG-SYNTH-0.3,B2-0.3,build_opus_synthetic_programme_v0_3.py@0.3,20260812,True,ac22efe92fd3e9f44d8ce317c433d42941412450ab62dc12024ce22c97ff6d6a
EXP-15,ESC-22,0.000196,0.021252,0.365878,1.0,1.0,SYNTHETIC_RESEARCH_FIXTURE,OG-SYNTH-0.3,B2-0.3,build_opus_synthetic_programme_v0_3.py@0.3,20260812,True,dde0064f02bd77eeeca67fc03d4994b08ad20f33fb9cda22c0d5b6dfc6e3fddc
EXP-15,ESC-23,1.1e-05,0.003577,0.1621,1.0,1.0,SYNTHETIC_RESEARCH_FIXTURE,OG-SYNTH-0.3,B2-0.3,build_opus_synthetic_programme_v0_3.py@0.3,20260812,True,dcb45ac15a4e865f0f0846b7c5bd7dd12fd8826ad68b0d654cdb0458f9cb69df
EXP-15,ESC-24,0.008912,0.225425,1.0,0.777949,1.0,SYNTHETIC_RESEARCH_FIXTURE,OG-SYNTH-0.3,B2-0.3,build_opus_synthetic_programme_v0_3.py@0.3,20260812,True,f1325009c762bde77fa2e72bc6c23dedef735077c430e8a0d973f9f96392121c
